Program ID,University,Program,Level,Language,Start Date,Tuition Covered,Accomodation covered?,Living Expense Covered?,Tuition fees to pay,Original Tuition fee,Accomodation to pay,Living expense to pay,School Logo
1,Shandong Water Conservancy Vocational College,Electronic Commerce (International Trade),Associate,English,"Oct,2024",Free,No,No,0,"4,400",2400/year,1500/month,https://www.cucas.cn//resource/new/images/school/logo/logo_1329.png
2,Zhejiang A & F University,Veterinary Medicine,Bachelor,English,"Sep,2024","7,800-8,800",No,No,"7,800-8,800","15,600-17,600",About 430-860/month,About 700-1500/month,https://www.cucas.cn//resource/new/images/school/logo/logo_1333.png
3,Zhejiang A & F University,Wood Science and Engineering,Bachelor,English,"Sep,2024","7,800-8,800",No,No,"7,800-8,800","15,600-17,600",About 430-860/month,About 700-1500/month,https://www.cucas.cn//resource/new/images/school/logo/logo_1333.png
4,Zhejiang A & F University,Urban and Rural Planning,Bachelor,English,"Sep,2024","7,800-8,800",No,No,"7,800-8,800","15,600-17,600",About 430-860/month,About 700-1500/month,https://www.cucas.cn//resource/new/images/school/logo/logo_1333.png
5,Zhejiang A & F University,Electronic and Information Engineering,Bachelor,English,"Sep,2024","7,800-8,800",No,No,"7,800-8,800","15,600-17,600",About 430-860/month,About 700-1500/month,https://www.cucas.cn//resource/new/images/school/logo/logo_1333.png
6,Zhejiang A & F University,Forestry,Bachelor,English,"Sep,2024","7,800-8,800",No,No,"7,800-8,800","15,600-17,600",About 430-860/month,About 700-1500/month,https://www.cucas.cn//resource/new/images/school/logo/logo_1333.png
7,Zhejiang A & F University,Civil Engineering,Bachelor,English,"Sep,2024","7,800-8,800",No,No,"7,800-8,800","15,600-17,600",About 430-860/month,About 700-1500/month,https://www.cucas.cn//resource/new/images/school/logo/logo_1333.png
8,Zhejiang A & F University,Computer Science and Technology,Bachelor,English,"Sep,2024","7,800-8,800",No,No,"7,800-8,800","15,600-17,600",About 430-860/month,About 700-1500/month,https://www.cucas.cn//resource/new/images/school/logo/logo_1333.png
9,Zhejiang A & F University,Digital Media Art,Bachelor,English,"Sep,2024","7,800-8,800",No,No,"7,800-8,800","15,600-17,600",About 430-860/month,About 700-1500/month,https://www.cucas.cn//resource/new/images/school/logo/logo_1333.png
10,Zhejiang A & F University,Mechanical Design-Manufacturing and Automation,Bachelor,English,"Sep,2024","7,800-8,800",No,No,"7,800-8,800","15,600-17,600",About 430-860/month,About 700-1500/month,https://www.cucas.cn//resource/new/images/school/logo/logo_1333.png
11,Zhejiang A & F University,Cross-Border Electronic Commerce,Bachelor,English,"Sep,2024","7,800-8,800",No,No,"7,800-8,800","15,600-17,600",About 430-860/month,About 700-1500/month,https://www.cucas.cn//resource/new/images/school/logo/logo_1333.png
12,Zhejiang A & F University,International Economics and Trade,Bachelor,English,"Sep,2024","7,800-8,800",No,No,"7,800-8,800","15,600-17,600",About 430-860/month,About 700-1500/month,https://www.cucas.cn//resource/new/images/school/logo/logo_1333.png
13,SIAS University,Musical Performance,Bachelor,Chinese,"Aug,2023","RMB12,900",Yes,No,9950,19900,2000/year,1000/month,https://www.cucas.cn//resource/new/images/school/logo/logo_1333.png
14,SIAS University,Communication Engineering,Bachelor,Chinese,"Aug,2023","RMB12,900",Yes,No,9950,19900,2000/year,1000/month,https://www.cucas.cn//resource/new/images/school/logo/logo_1333.png
15,SIAS University,Business Management,Bachelor,Chinese,"Aug,2023","RMB12,900",Yes,No,9950,19900,2000/year,1000/month,https://www.cucas.cn//resource/new/images/school/logo/logo_1333.png
16,SIAS University,International Economy and Trade,Bachelor,Chinese,"Aug,2023","RMB12,900",Yes,No,9950,19900,2000/year,1000/month,https://www.cucas.cn//resource/new/images/school/logo/logo_1333.png
17,SIAS University,Journalism,Bachelor,Chinese,"Aug,2023","RMB12,900",Yes,No,9950,19900,2000/year,1000/month,https://www.cucas.cn//resource/new/images/school/logo/logo_1333.png
18,SIAS University,Advertising,Bachelor,Chinese,"Aug,2023","RMB12,900",Yes,No,9950,19900,2000/year,1000/month,https://www.cucas.cn//resource/new/images/school/logo/logo_1333.png
19,SIAS University,Chinese Language and Culture,Bachelor,Chinese,"Aug,2023","RMB12,900",Yes,No,9950,19900,2000/year,1000/month,https://www.cucas.cn//resource/new/images/school/logo/logo_1333.png
20,SIAS University,Japanese,Bachelor,Chinese,"Aug,2023","RMB12,900",Yes,No,9950,19900,2000/year,1000/month,https://www.cucas.cn//resource/new/images/school/logo/logo_1333.png
21,SIAS University,Visual Communication Design,Bachelor,Chinese,"Aug,2023","RMB12,900",Yes,No,9950,19900,2000/year,1000/month,https://www.cucas.cn//resource/new/images/school/logo/logo_1333.png
22,SIAS University,English,Bachelor,Chinese,"Aug,2023","RMB12,900",Yes,No,9950,19900,2000/year,1000/month,https://www.cucas.cn//resource/new/images/school/logo/logo_1333.png
23,SIAS University,Architecture,Bachelor,Chinese,"Aug,2023","RMB12,900",Yes,No,9950,19900,2000/year,1000/month,https://www.cucas.cn//resource/new/images/school/logo/logo_1333.png
24,SIAS University,Physical Education,Bachelor,Chinese,"Aug,2023","RMB12,900",Yes,No,9950,19900,2000/year,1000/month,https://www.cucas.cn//resource/new/images/school/logo/logo_1333.png
25,SIAS University,Guidance and Management of Social Sports,Bachelor,Chinese,"Aug,2023","RMB12,900",Yes,No,9950,19900,2000/year,1000/month,https://www.cucas.cn//resource/new/images/school/logo/logo_1333.png
26,SIAS University,Nursing,Bachelor,Chinese,"Aug,2023","RMB12,900",Yes,No,9950,19900,2000/year,1000/month,https://www.cucas.cn//resource/new/images/school/logo/logo_1333.png
27,SIAS University,Law,Bachelor,Chinese,"Aug,2023","RMB12,900",Yes,No,9950,19900,2000/year,1000/month,https://www.cucas.cn//resource/new/images/school/logo/logo_1333.png
28,SIAS University,Information Management and System,Bachelor,Chinese,"Aug,2023","RMB12,900",Yes,No,9950,19900,2000/year,1000/month,https://www.cucas.cn//resource/new/images/school/logo/logo_1333.png
29,SIAS University,Software Engineering,Bachelor,Chinese,"Aug,2023","RMB12,900",Yes,No,9950,19900,2000/year,1000/month,https://www.cucas.cn//resource/new/images/school/logo/logo_1333.png
30,SIAS University,Computer Science and Technology,Bachelor,Chinese,"Aug,2023","RMB12,900",Yes,No,9950,19900,2000/year,1000/month,https://www.cucas.cn//resource/new/images/school/logo/logo_1333.png
31,SIAS University,Automation,Bachelor,Chinese,"Aug,2023","RMB12,900",Yes,No,9950,19900,2000/year,1000/month,https://www.cucas.cn//resource/new/images/school/logo/logo_1333.png
32,SIAS University,Measurement and Control Technology and Instrumentation,Bachelor,Chinese,"Aug,2023","RMB12,900",Yes,No,9950,19900,2000/year,1000/month,https://www.cucas.cn//resource/new/images/school/logo/logo_1333.png
33,SIAS University,Electronic Information Engineering,Bachelor,Chinese,"Aug,2023","RMB12,900",Yes,No,9950,19900,2000/year,1000/month,https://www.cucas.cn//resource/new/images/school/logo/logo_1333.png
34,SIAS University,Tourism Management,Bachelor,Chinese,"Aug,2023","RMB12,900",Yes,No,9950,19900,2000/year,1000/month,https://www.cucas.cn//resource/new/images/school/logo/logo_1333.png
35,SIAS University,Electonic Commerce,Bachelor,Chinese,"Aug,2023","RMB12,900",Yes,No,9950,19900,2000/year,1000/month,https://www.cucas.cn//resource/new/images/school/logo/logo_1333.png
36,SIAS University,Logistics Management,Bachelor,Chinese,"Aug,2023","RMB12,900",Yes,No,9950,19900,2000/year,1000/month,https://www.cucas.cn//resource/new/images/school/logo/logo_1333.png
37,SIAS University,Human Resource Management,Bachelor,Chinese,"Aug,2023","RMB12,900",Yes,No,9950,19900,2000/year,1000/month,https://www.cucas.cn//resource/new/images/school/logo/logo_1333.png
38,SIAS University,Financial Management,Bachelor,Chinese,"Aug,2023","RMB12,900",Yes,No,9950,19900,2000/year,1000/month,https://www.cucas.cn//resource/new/images/school/logo/logo_1333.png
39,SIAS University,Economic Statistics,Bachelor,Chinese,"Aug,2023","RMB12,900",Yes,No,9950,19900,2000/year,1000/month,https://www.cucas.cn//resource/new/images/school/logo/logo_1333.png
40,SIAS University,Marketing,Bachelor,Chinese,"Aug,2023","RMB12,900",Yes,No,9950,19900,2000/year,1000/month,https://www.cucas.cn//resource/new/images/school/logo/logo_1333.png
41,SIAS University,Accounting,Bachelor,Chinese,"Aug,2023","RMB12,900",Yes,No,9950,19900,2000/year,1000/month,https://www.cucas.cn//resource/new/images/school/logo/logo_1333.png
42,SIAS University,Finance,Bachelor,Chinese,"Aug,2023","RMB12,900",Yes,No,9950,19900,2000/year,1000/month,https://www.cucas.cn//resource/new/images/school/logo/logo_104.png
43,SIAS University,Economics,Bachelor,Chinese,"Aug,2023","RMB12,900",Yes,No,9950,19900,2000/year,1000/month,https://www.cucas.cn//resource/new/images/school/logo/logo_104.png
44,Wenzhou University,Mechanical Engineering,Bachelor,English,"Sep,2023",0-22000,No,No,"0-14,000","18,000-20,000",4000/year,About 1000/month,https://www.cucas.cn//resource/new/images/school/logo/logo_104.png
45,Wenzhou University,Marketing,Bachelor,English,"Sep,2023",0-22000,No,No,"0-14,000","18,000-20,000",4000/year,About 1000/month,https://www.cucas.cn//resource/new/images/school/logo/logo_104.png
46,Wenzhou University,Law,Bachelor,English,"Sep,2023",0-22000,No,No,"0-14,000","18,000-20,000",4000/year,About 1000/month,https://www.cucas.cn//resource/new/images/school/logo/logo_104.png
47,Wenzhou University,Business Administration,Bachelor,English,"Sep,2023",0-22000,No,No,"0-14,000","18,000-20,000",4000/year,About 1000/month,https://www.cucas.cn//resource/new/images/school/logo/logo_104.png
48,Wenzhou University,Chemical Engineering and Technology,Bachelor,English,"Sep,2023",0-22000,No,No,"0-14,000","18,000-20,000",4000/year,About 1000/month,https://www.cucas.cn//resource/new/images/school/logo/logo_104.png
49,Wenzhou University,Civil Engineering,Bachelor,English,"Sep,2023",0-22000,No,No,"0-14,000","18,000-20,000",4000/year,About 1000/month,https://www.cucas.cn//resource/new/images/school/logo/logo_104.png
50,Wenzhou University,Biotechnology,Bachelor,English,"Sep,2023",0-22000,No,No,"0-14,000","18,000-20,000",4000/year,About 1000/month,https://www.cucas.cn//resource/new/images/school/logo/logo_104.png
51,Wenzhou University,Computer Science and Technology,Bachelor,English,"Sep,2023",0-22000,No,No,"0-14,000","18,000-20,000",4000/year,About 1000/month,https://www.cucas.cn//resource/new/images/school/logo/logo_104.png
52,Wenzhou University,Chinese Language and Literature,Bachelor,Chinese,"Sep,2023",0-22000,No,No,"0-14,000","18,000-20,000",4000/year,About 1000/month,https://www.cucas.cn//resource/new/images/school/logo/logo_104.png
53,Wenzhou University,International Economics and Trade,Bachelor,English,"Sep,2023",0-22000,No,No,"0-14,000","18,000-20,000",4000/year,About 1000/month,https://www.cucas.cn//resource/new/images/school/logo/logo_104.png
54,Jinzhou Medical University,MBBS,Bachelor,English,"Sep,2023",6000,No,No,"32,000","38,000",About 4500 - 6500 RMB/year,About 700-1500 RMB/month,https://www.cucas.cn//resource/new/images/school/logo/logo_104.png
55,Zhejiang University of Science and Technology,Industrial Engineering(Chinese-German Cooperative Program),Bachelor,German,"Sep,2023","20,000",No,No,0,"15,000-18,000",400-1200RMB/month,About 1000/month,https://www.cucas.cn//resource/new/images/school/logo/logo_104.png
56,Zhejiang University of Science and Technology,Data Science and Big Data Technology,Bachelor,English,"Sep,2023","20,000",No,No,0,"15,000-18,000",400-1200RMB/month,About 1000/month,https://www.cucas.cn//resource/new/images/school/logo/logo_104.png
57,Zhejiang University of Science and Technology,Digital Media Technology,Bachelor,English,"Sep,2023","20,000",No,No,0,"15,000-18,000",400-1200RMB/month,About 1000/month,https://www.cucas.cn//resource/new/images/school/logo/logo_104.png
58,Zhejiang University of Science and Technology, Civil Engineering(Chinese-German Cooperative Program),Bachelor,German,"Sep,2023","20,000",No,No,0,"15,000-18,000",400-1200RMB/month,About 1000/month,https://www.cucas.cn//resource/new/images/school/logo/logo_104.png
59,Zhejiang University of Science and Technology,International Economics and Trade,Bachelor,Chinese,"Sep,2023","20,000",No,No,0,"15,000-18,000",400-1200RMB/month,About 1000/month,https://www.cucas.cn//resource/new/images/school/logo/logo_104.png
60,Zhejiang University of Science and Technology,Computer Science and Technology,Bachelor,English,"Sep,2023","20,000",No,No,0,"15,000-18,000",400-1200RMB/month,About 1000/month,https://www.cucas.cn//resource/new/images/school/logo/logo_104.png
61,Zhejiang University of Science and Technology,Food Science and Engineering,Bachelor,English,"Sep,2023","20,000",No,No,0,"15,000-18,000",400-1200RMB/month,About 1000/month,https://www.cucas.cn//resource/new/images/school/logo/logo_104.png
62,Zhejiang University of Science and Technology,International Business,Bachelor,English,"Sep,2023","20,000",No,No,0,"15,000-18,000",400-1200RMB/month,About 1000/month,https://www.cucas.cn//resource/new/images/school/logo/logo_126.png
63,Zhejiang University of Science and Technology,Robotics Engineering,Bachelor,English,"Sep,2023","20,000",No,No,0,"15,000-18,000",400-1200RMB/month,About 1000/month,https://www.cucas.cn//resource/new/images/school/logo/logo_126.png
64,Zhejiang University of Science and Technology,Chinese Language and Literature (Business Chinese),Bachelor,Chinese,"Sep,2023","20,000",No,No,0,"15,000-18,000",400-1200RMB/month,About 1000/month,https://www.cucas.cn//resource/new/images/school/logo/logo_126.png
65,Zhejiang University of Science and Technology,International Economics and Trade,Bachelor,English,"Sep,2023","20,000",No,No,0,"15,000-18,000",400-1200RMB/month,About 1000/month,https://www.cucas.cn//resource/new/images/school/logo/logo_126.png
66,Zhejiang University of Science and Technology,Communication Engineering,Bachelor,English,"Sep,2023","20,000",No,No,0,"15,000-18,000",400-1200RMB/month,About 1000/month,https://www.cucas.cn//resource/new/images/school/logo/logo_126.png
67,Zhejiang University of Science and Technology,Civil Engineering ,Bachelor,English,"Sep,2023","20,000",No,No,0,"15,000-18,000",400-1200RMB/month,About 1000/month,https://www.cucas.cn//resource/new/images/school/logo/logo_126.png
68,Zhejiang University of Science and Technology,Communication Engineering,Bachelor,English,"Sep,2023","15,000-18,000",No,No,"0-9,000-","15,000-18,000",About 1500/month,About 1000/month,https://www.cucas.cn//resource/new/images/school/logo/logo_126.png
69,Zhejiang University of Science and Technology,International Economics and Trade,Bachelor,Chinese,"Sep,2023","15,000-18,000",No,No,"0-9,000-","15,000-18,000",About 1500/month,About 1000/month,https://www.cucas.cn//resource/new/images/school/logo/logo_126.png
70,Zhejiang University of Science and Technology,Industrial Engineering(Chinese-German Cooperative Program),Bachelor,German,"Sep,2023","15,000-18,000",No,No,"0-9,000-","15,000-18,000",About 1500/month,About 1000/month,https://www.cucas.cn//resource/new/images/school/logo/logo_126.png
71,Zhejiang University of Science and Technology, Civil Engineering(Chinese-German Cooperative Program),Bachelor,German,"Sep,2023","15,000-18,000",No,No,"0-9,000-","15,000-18,000",About 1500/month,About 1000/month,https://www.cucas.cn//resource/new/images/school/logo/logo_126.png
72,Zhejiang University of Science and Technology,Digital Media Technology,Bachelor,English,"Sep,2023","15,000-18,000",No,No,"0-9,000-","15,000-18,000",About 1500/month,About 1000/month,https://www.cucas.cn//resource/new/images/school/logo/logo_126.png
73,Zhejiang University of Science and Technology,Data Science and Big Data Technology,Bachelor,English,"Sep,2023","15,000-18,000",No,No,"0-9,000-","15,000-18,000",About 1500/month,About 1000/month,https://www.cucas.cn//resource/new/images/school/logo/logo_126.png
74,Zhejiang University of Science and Technology,Computer Science and Technology,Bachelor,English,"Sep,2023","15,000-18,000",No,No,"0-9,000-","15,000-18,000",About 1500/month,About 1000/month,https://www.cucas.cn//resource/new/images/school/logo/logo_126.png
75,Zhejiang University of Science and Technology,Chinese Language and Literature (Business Chinese),Bachelor,Chinese,"Sep,2023","15,000-18,000",No,No,"0-9,000-","15,000-18,000",About 1500/month,About 1000/month,https://www.cucas.cn//resource/new/images/school/logo/logo_126.png
76,Zhejiang University of Science and Technology,Robotics Engineering,Bachelor,English,"Sep,2023","15,000-18,000",No,No,"0-9,000-","15,000-18,000",About 1500/month,About 1000/month,https://www.cucas.cn//resource/new/images/school/logo/logo_126.png
77,Zhejiang University of Science and Technology,Food Science and Engineering,Bachelor,English,"Sep,2023","15,000-18,000",No,No,"0-9,000-","15,000-18,000",About 1500/month,About 1000/month,https://www.cucas.cn//resource/new/images/school/logo/logo_126.png
78,Zhejiang University of Science and Technology,International Economics and Trade,Bachelor,English,"Sep,2023","15,000-18,000",No,No,"0-9,000-","15,000-18,000",About 1500/month,About 1000/month,https://www.cucas.cn//resource/new/images/school/logo/logo_126.png
79,Zhejiang University of Science and Technology,International Business,Bachelor,English,"Sep,2023","15,000-18,000",No,No,"0-9,000-","15,000-18,000",About 1500/month,About 1000/month,https://www.cucas.cn//resource/new/images/school/logo/logo_126.png
80,Zhejiang University of Science and Technology,Civil Engineering ,Bachelor,English,"Sep,2023","15,000-18,000",No,No,"0-9,000-","15,000-18,000",About 1500/month,About 1000/month,https://www.cucas.cn//resource/new/images/school/logo/logo_126.png
81,Ningbo University,German,Bachelor,Bilingual,"Sep,2023","20,000",No,No,"0-18,000","18,000-38,000",About 4000/year,About 1000/month,https://www.cucas.cn//resource/new/images/school/logo/logo_126.png
82,Ningbo University,Japanese,Bachelor,Bilingual,"Sep,2023","20,000",No,No,"0-18,000","18,000-38,000",About 4000/year,About 1000/month,https://www.cucas.cn//resource/new/images/school/logo/logo_126.png
83,Ningbo University,Law,Bachelor,Chinese,"Sep,2023",10000,No,No,8000 - 28000,"18,000-38,000",About 4000/year,About 1000/month,https://www.cucas.cn//resource/new/images/school/logo/logo_126.png
84,Ningbo University,German,Bachelor,Bilingual,"Sep,2023",10000,No,No,8000 - 28000,"18,000-38,000",About 4000/year,About 1000/month,https://www.cucas.cn//resource/new/images/school/logo/logo_126.png
85,Ningbo University,Japanese,Bachelor,Bilingual,"Sep,2023",10000,No,No,8000 - 28000,"18,000-38,000",About 4000/year,About 1000/month,https://www.cucas.cn//resource/new/images/school/logo/logo_126.png
86,Ningbo University,MBBS,Bachelor,English,"Sep,2023",10000,No,No,8000 - 28000,"18,000-38,000",About 4000/year,About 1000/month,https://www.cucas.cn//resource/new/images/school/logo/logo_126.png
87,Ningbo University,History,Bachelor,Chinese,"Sep,2023",10000,No,No,8000 - 28000,"18,000-38,000",About 4000/year,About 1000/month,https://www.cucas.cn//resource/new/images/school/logo/logo_126.png
88,Ningbo University,Financial Engineering,Bachelor,English,"Sep,2023",10000,No,No,8000 - 28000,"18,000-38,000",About 4000/year,About 1000/month,https://www.cucas.cn//resource/new/images/school/logo/logo_126.png
89,Ningbo University,Law,Bachelor,Chinese,"Sep,2023","20,000",No,No,"0-18,000","18,000-38,000",About 4000/year,About 1000/month,https://www.cucas.cn//resource/new/images/school/logo/logo_126.png
90,Ningbo University,Financial Engineering,Bachelor,English,"Sep,2023","20,000",No,No,"0-18,000","18,000-38,000",About 4000/year,About 1000/month,https://www.cucas.cn//resource/new/images/school/logo/logo_126.png
91,Ningbo University,History,Bachelor,Chinese,"Sep,2023","20,000",No,No,"0-18,000","18,000-38,000",About 4000/year,About 1000/month,https://www.cucas.cn//resource/new/images/school/logo/logo_126.png
92,Ningbo University,"Mechanical Design,Manufacturing & Automation",Bachelor,English,"Sep,2023",10000,No,No,8000 - 28000,"18,000-38,000",About 4000/year,About 1000/month,https://www.cucas.cn//resource/new/images/school/logo/logo_126.png
93,Ningbo University,International Economy and Trade,Bachelor,English,"Sep,2023",10000,No,No,8000 - 28000,"18,000-38,000",About 4000/year,About 1000/month,https://www.cucas.cn//resource/new/images/school/logo/logo_126.png
94,Ningbo University,Business Administration,Bachelor,English,"Sep,2023",10000,No,No,8000 - 28000,"18,000-38,000",About 4000/year,About 1000/month,https://www.cucas.cn//resource/new/images/school/logo/logo_126.png
95,Ningbo University,English,Bachelor,English,"Sep,2023",10000,No,No,8000 - 28000,"18,000-38,000",About 4000/year,About 1000/month,https://www.cucas.cn//resource/new/images/school/logo/logo_126.png
96,Ningbo University,MBBS,Bachelor,English,"Sep,2023","20,000",No,No,"0-18,000","18,000-38,000",About 4000/year,About 1000/month,https://www.cucas.cn//resource/new/images/school/logo/logo_126.png
97,Ningbo University,Accounting (CPA Canada),Bachelor,English,"Sep,2023",10000,No,No,8000 - 28000,"18,000-38,000",About 4000/year,About 1000/month,https://www.cucas.cn//resource/new/images/school/logo/logo_126.png
98,Ningbo University,"Mechanical Design,Manufacturing & Automation",Bachelor,English,"Sep,2023","20,000",No,No,"0-18,000","18,000-38,000",About 4000/year,About 1000/month,https://www.cucas.cn//resource/new/images/school/logo/logo_126.png
99,Ningbo University,English,Bachelor,English,"Sep,2023","20,000",No,No,"0-18,000","18,000-38,000",About 4000/year,About 1000/month,https://www.cucas.cn//resource/new/images/school/logo/logo_126.png
100,Ningbo University,International Economy and Trade,Bachelor,English,"Sep,2023","20,000",No,No,"0-18,000","18,000-38,000",About 4000/year,About 1000/month,https://www.cucas.cn//resource/new/images/school/logo/logo_126.png
101,Ningbo University,Accounting (CPA Canada),Bachelor,English,"Sep,2023","20,000",No,No,"0-18,000","18,000-38,000",About 4000/year,About 1000/month,https://www.cucas.cn//resource/new/images/school/logo/logo_126.png
102,Ningbo University,Business Administration,Bachelor,English,"Sep,2023","20,000",No,No,"0-18,000","18,000-38,000",About 4000/year,About 1000/month,https://www.cucas.cn//resource/new/images/school/logo/logo_1386.png
103,Mianyang Teachers’ College,(1+3)Physics,Bachelor,Bilingual,"Sep,2023",6000,Yes,Yes,0,6000,0,,https://www.cucas.cn//resource/new/images/school/logo/logo_1386.png
104,Mianyang Teachers’ College,(1+3)Computer Science and Technology,Bachelor,Bilingual,"Sep,2023",6000,Yes,Yes,0,6000,0,,https://www.cucas.cn//resource/new/images/school/logo/logo_1386.png
105,Xi'an Shiyou University,Geology,Bachelor,English,"Sep,2023","5,000-18,500",0-7500,No,"0-13,500","15,500-18500","3000-75000-7500Living Expense: around 1000/month, depends on yourself","around 1000/month, depends on yourself",https://www.cucas.cn//resource/new/images/school/logo/logo_1386.png
106,East China University of Political Science and Law,Political Science,Bachelor,Chinese,"Sep,2023",24000-40000,Yes,Yes,0,24000-40000,0,,https://www.cucas.cn//resource/new/images/school/logo/logo_1386.png
107,Northeast Forestry University,Japanese,Bachelor,Chinese,"Sep,2024",Yes,Yes,No,0-8250 RMB,16500,0-1000/month,1500/month,https://www.cucas.cn//resource/new/images/school/logo/logo_1386.png
108,Fujian Medical University,MBBS in English ,Bachelor,English,"Oct,2023",35000,No,No,0,35000,4000,200,https://www.cucas.cn//resource/new/images/school/logo/logo_1386.png
109,Shanghai University of Traditional Chinese Medicine,Traditional Chinese Medicine,Bachelor,Chinese,"Sep,2024","12,000",No,No,"16,000-30,000","28,000-42,000",400-1600/month,About 1000/month,https://www.cucas.cn//resource/new/images/school/logo/logo_1386.png
110,Shanghai University of Traditional Chinese Medicine,Clinical Integrative Chinese & Western Medicine ,Bachelor,English,"Sep,2024","12,000",No,No,"16,000-30,000","28,000-42,000",400-1600/month,About 1000/month,https://www.cucas.cn//resource/new/images/school/logo/logo_1386.png
111,Shanghai University of Traditional Chinese Medicine,Acupuncture and Tuina,Bachelor,Chinese,"Sep,2024","12,000",No,No,"16,000-30,000","28,000-42,000",400-1600/month,About 1000/month,https://www.cucas.cn//resource/new/images/school/logo/logo_1386.png
112,Shanghai University of Traditional Chinese Medicine,Nursing,Bachelor,Chinese,"Sep,2024","12,000",No,No,"16,000-30,000","28,000-42,000",400-1600/month,About 1000/month,https://www.cucas.cn//resource/new/images/school/logo/logo_1386.png
113,Shanghai University of Traditional Chinese Medicine,TCM Pharmacology,Bachelor,Chinese,"Sep,2024","12,000",No,No,"16,000-30,000","28,000-42,000",400-1600/month,About 1000/month,https://www.cucas.cn//resource/new/images/school/logo/logo_1386.png
114,University of Nottingham Ningbo China,BSc Computer Science with Artificial Intelligence,Bachelor,English,"Sep,2024",,No,No,0-,"110,000","Tuition: 110,000 0-110,000","Tuition: 110,000 0-110,000",https://www.cucas.cn//resource/new/images/school/logo/logo_1386.png
115,University of Nottingham Ningbo China,BEng Electrical and Electronic Engineering,Bachelor,English,"Sep,2024",,No,No,0-,"110,000","Tuition: 110,000 0-110,000","Tuition: 110,000 0-110,000",https://www.cucas.cn//resource/new/images/school/logo/logo_1386.png
116,University of Nottingham Ningbo China,BSc Mathematics with Applied Mathematics,Bachelor,English,"Sep,2024",,No,No,0-,"110,000","Tuition: 110,000 0-110,000","Tuition: 110,000 0-110,000",https://www.cucas.cn//resource/new/images/school/logo/logo_1386.png
117,University of Nottingham Ningbo China,BEng Product Design and Manufacture,Bachelor,English,"Sep,2024",,No,No,0-,"110,000","Tuition: 110,000 0-110,000","Tuition: 110,000 0-110,000",https://www.cucas.cn//resource/new/images/school/logo/logo_1386.png
118,Sanquan Medical College,Biotechnology,Bachelor,English,"Sep,2023",18000,No,No,3000,18000,4500RMB/Year,1000RMB/Mont,https://www.cucas.cn//resource/new/images/school/logo/logo_1386.png
119,Sanquan Medical College,Bio-pharmaceuticals,Bachelor,English,"Sep,2023",18000,No,No,3000,18000,4500RMB/Year,1000RMB/Mont,https://www.cucas.cn//resource/new/images/school/logo/logo_1386.png
120,Sanquan Medical College,Bio-pharmaceuticals,Bachelor,English,"Mar,2024",18000,No,No,3000,18000,4500RMB/Year,1000RMB/Mont,https://www.cucas.cn//resource/new/images/school/logo/logo_1386.png
121,Sanquan Medical College,Clinical Medicine,Bachelor,English,"Sep,2023",18000,No,No,3000,18000,4500RMB/Year,1000RMB/Mont,https://www.cucas.cn//resource/new/images/school/logo/logo_1386.png
122,Sanquan Medical College,Pharmacy,Bachelor,English,"Sep,2023",18000,No,No,3000,18000,4500RMB/Year,1000RMB/Mont,https://www.cucas.cn//resource/new/images/school/logo/logo_1360.png
123,Sanquan Medical College,Biotechnology,Bachelor,English,"Mar,2024",18000,No,No,3000,18000,4500RMB/Year,1000RMB/Mont,https://www.cucas.cn//resource/new/images/school/logo/logo_1360.png
124,Sanquan Medical College,Clinical Medicine,Bachelor,English,"Mar,2024",18000,No,No,3000,18000,4500RMB/Year,1000RMB/Mont,https://www.cucas.cn//resource/new/images/school/logo/logo_1360.png
125,Sanquan Medical College,Pharmacy,Bachelor,English,"Mar,2024",18000,No,No,3000,18000,4500RMB/Year,1000RMB/Mont,https://www.cucas.cn//resource/new/images/school/logo/logo_1360.png
126,Fujian Medical University,Clinical Medicine,Bachelor,Chinese,"Sep,2024",28000,No,No,0,28000,4000,200,https://www.cucas.cn//resource/new/images/school/logo/logo_1360.png
127,Wenzhou University,Business Administration,Bachelor,English,"Sep,2023","20,000",No,No,"0-2,000","18,000-20,000",4000/year,About 1000/month,https://www.cucas.cn//resource/new/images/school/logo/logo_1360.png
128,Mianyang Teachers’ College,(1+3)Computer Science and Technology,Bachelor,Bilingual,"Sep,2023",6000,No,No,0-3000,6000,1600RMB/Year,100-200RMB/Mont,https://www.cucas.cn//resource/new/images/school/logo/logo_1360.png
129,Mianyang Teachers’ College,(1+3)Physics,Bachelor,Bilingual,"Sep,2023",6000,No,No,0-3000,6000,1600RMB/Year,100-200RMB/Mont,https://www.cucas.cn//resource/new/images/school/logo/logo_1360.png
130,Mianyang Teachers’ College,(1+3)Electronic Information Science and Technology,Bachelor,Bilingual,"Sep,2023",6000,No,No,0-3000,6000,1600RMB/Year,100-200RMB/Mont,https://www.cucas.cn//resource/new/images/school/logo/logo_1360.png
131,Shanghai University of Traditional Chinese Medicine,Rehabilitation Therapeutics (Physiotherapy),Bachelor,Chinese,"Sep,2024","12,000",No,No,"16,000-30,000","28,000-42,000",400-1600/month,About 1000/month,https://www.cucas.cn//resource/new/images/school/logo/logo_1360.png
132,Shanghai University of Traditional Chinese Medicine,Audition and Speech Rehabilitation Therapeutics,Bachelor,Chinese,"Sep,2024","12,000",No,No,"16,000-30,000","28,000-42,000",400-1600/month,About 1000/month,https://www.cucas.cn//resource/new/images/school/logo/logo_1360.png
133,University of Nottingham Ningbo China,BSc Economics,Bachelor,English,"Sep,2024",,No,No,0-,"110,000","Tuition: 110,000 0-110,000","Tuition: 110,000 0-110,000",https://www.cucas.cn//resource/new/images/school/logo/logo_1360.png
134,University of Nottingham Ningbo China,BA International Studies with Spanish/German/French/Japanese/Chinese,Bachelor,English,"Sep,2024",,No,No,0-,"110,000","Tuition: 110,000 0-110,000","Tuition: 110,000 0-110,000",https://www.cucas.cn//resource/new/images/school/logo/logo_1360.png
135,University of Nottingham Ningbo China,BA International Communications Studies with Chinese,Bachelor,English,"Sep,2024",,No,No,0-,"110,000","Tuition: 110,000 0-110,000","Tuition: 110,000 0-110,000",https://www.cucas.cn//resource/new/images/school/logo/logo_1360.png
136,University of Nottingham Ningbo China,BSc International Business Economics,Bachelor,English,"Sep,2024",,No,No,0-,"110,000","Tuition: 110,000 0-110,000","Tuition: 110,000 0-110,000",https://www.cucas.cn//resource/new/images/school/logo/logo_1360.png
137,University of Nottingham Ningbo China,BA International Business with Language,Bachelor,English,"Sep,2024",,No,No,0-,"110,000","Tuition: 110,000 0-110,000","Tuition: 110,000 0-110,000",https://www.cucas.cn//resource/new/images/school/logo/logo_1360.png
138,University of Nottingham Ningbo China,BSc International Business Management,Bachelor,English,"Sep,2024",,No,No,0-,"110,000","Tuition: 110,000 0-110,000","Tuition: 110,000 0-110,000",https://www.cucas.cn//resource/new/images/school/logo/logo_1360.png
139,University of Nottingham Ningbo China,BA International Studies,Bachelor,English,"Sep,2024",,No,No,0-,"110,000","Tuition: 110,000 0-110,000","Tuition: 110,000 0-110,000",https://www.cucas.cn//resource/new/images/school/logo/logo_1360.png
140,University of Nottingham Ningbo China,BEng Chemical Engineering,Bachelor,English,"Sep,2024",,No,No,0-,"110,000","Tuition: 110,000 0-110,000","Tuition: 110,000 0-110,000",https://www.cucas.cn//resource/new/images/school/logo/logo_1360.png
141,University of Nottingham Ningbo China,BEng Environmental Engineering,Bachelor,English,"Sep,2024",,No,No,0-,"110,000","Tuition: 110,000 0-110,000","Tuition: 110,000 0-110,000",https://www.cucas.cn//resource/new/images/school/logo/logo_1360.png
142,University of Nottingham Ningbo China,BA International Communications Studies,Bachelor,English,"Sep,2024",,No,No,0-,"110,000","Tuition: 110,000 0-110,000","Tuition: 110,000 0-110,000",https://www.cucas.cn//resource/new/images/school/logo/logo_20.png
143,University of Nottingham Ningbo China,BA English Language and Literature,Bachelor,English,"Sep,2024",,No,No,0-,"110,000","Tuition: 110,000 0-110,000","Tuition: 110,000 0-110,000",https://www.cucas.cn//resource/new/images/school/logo/logo_20.png
144,University of Nottingham Ningbo China,BSc Environmental Sciences,Bachelor,English,"Sep,2024",,No,No,0-,"110,000","Tuition: 110,000 0-110,000","Tuition: 110,000 0-110,000",https://www.cucas.cn//resource/new/images/school/logo/logo_20.png
145,University of Nottingham Ningbo China,BA English with International Business,Bachelor,English,"Sep,2024",,No,No,0-,"110,000","Tuition: 110,000 0-110,000","Tuition: 110,000 0-110,000",https://www.cucas.cn//resource/new/images/school/logo/logo_20.png
146,University of Nottingham Ningbo China,BA English Language and Applied Linguistics,Bachelor,English,"Sep,2024",,No,No,0-,"110,000","Tuition: 110,000 0-110,000","Tuition: 110,000 0-110,000",https://www.cucas.cn//resource/new/images/school/logo/logo_20.png
147,University of Nottingham Ningbo China,BSc International Economics and Trade,Bachelor,English,"Sep,2024",,No,No,0-,"110,000","Tuition: 110,000 0-110,000","Tuition: 110,000 0-110,000",https://www.cucas.cn//resource/new/images/school/logo/logo_20.png
148,University of Nottingham Ningbo China,BSc Statistics,Bachelor,English,"Sep,2024",,No,No,0-,"110,000","Tuition: 110,000 0-110,000","Tuition: 110,000 0-110,000",https://www.cucas.cn//resource/new/images/school/logo/logo_20.png
149,Chongqing Medical University,MBBS (Bachelor of Medicine & Bachelor of Surgery),Bachelor,English,"Sep,2023",10000-25000,No,No,5000-20000,30000,About 400/month,About 1000/month,https://www.cucas.cn//resource/new/images/school/logo/logo_20.png
150,Shanghai University of Traditional Chinese Medicine,Rehabilitation Therapeutics (Occupational Therapy),Bachelor,Chinese,"Sep,2024","12,000",No,No,"16,000-30,000","28,000-42,000",400-1600/month,About 1000/month,https://www.cucas.cn//resource/new/images/school/logo/logo_20.png
151,Mianyang Teachers’ College,(1+3)Electronic Information Science and Technology,Bachelor,Bilingual,"Sep,2023",6000,Yes,Yes,0,6000,0,,https://www.cucas.cn//resource/new/images/school/logo/logo_20.png
152,Shanghai Jiao Tong University,(School of Humanities)Chinese (International Chinese Language Education),Bachelor,Chinese,"Sep,2024",,Yes,1000 RMB / month,0,24800,0,,https://www.cucas.cn//resource/new/images/school/logo/logo_20.png
153,Wenzhou University,Law,Bachelor,English,"Sep,2023","20,000",No,No,"0-2,000","18,000-20,000",4000/year,About 1000/month,https://www.cucas.cn//resource/new/images/school/logo/logo_20.png
154,Wenzhou University,Marketing,Bachelor,English,"Sep,2023","20,000",No,No,"0-2,000","18,000-20,000",4000/year,About 1000/month,https://www.cucas.cn//resource/new/images/school/logo/logo_20.png
155,Southeast University,Philosophy,Bachelor,Chinese,"Sep,2024",free,yes,1000/month,0 RMB,16000-19000,0-1000/month,0-1000/month,https://www.cucas.cn//resource/new/images/school/logo/logo_20.png
156,Southeast University,Nuclear Engineering and Technology,Bachelor,Chinese,"Sep,2024",free,yes,1000/month,0 RMB,16000-19000,0-1000/month,0-1000/month,https://www.cucas.cn//resource/new/images/school/logo/logo_20.png
157,Southeast University,Pharmaceutical Engineering,Bachelor,Chinese,"Sep,2024",free,yes,1000/month,0 RMB,16000-19000,0-1000/month,0-1000/month,https://www.cucas.cn//resource/new/images/school/logo/logo_20.png
158,Southeast University,New Energy Science and Engineering,Bachelor,Chinese,"Sep,2024",free,yes,1000/month,0 RMB,16000-19000,0-1000/month,0-1000/month,https://www.cucas.cn//resource/new/images/school/logo/logo_20.png
159,Southeast University,Medical Laboratory Technology,Bachelor,Chinese,"Sep,2024",free,yes,1000/month,0 RMB,16000-19000,0-1000/month,0-1000/month,https://www.cucas.cn//resource/new/images/school/logo/logo_20.png
160,Southeast University,Mechanical Engineering,Bachelor,Chinese,"Sep,2024",free,yes,1000/month,0 RMB,16000-19000,0-1000/month,0-1000/month,https://www.cucas.cn//resource/new/images/school/logo/logo_20.png
161,Southeast University,Intelligent Perception Engineering,Bachelor,Chinese,"Sep,2024",free,yes,1000/month,0 RMB,16000-19000,0-1000/month,0-1000/month,https://www.cucas.cn//resource/new/images/school/logo/logo_20.png
162,Southeast University,Law,Bachelor,Chinese,"Sep,2024",free,yes,1000/month,0 RMB,16000-19000,0-1000/month,0-1000/month,https://www.cucas.cn//resource/new/images/school/logo/logo_13.png
163,Southeast University,Mathematics and Applied mathematics,Bachelor,Chinese,"Sep,2024",free,yes,1000/month,0 RMB,16000-19000,0-1000/month,0-1000/month,https://www.cucas.cn//resource/new/images/school/logo/logo_13.png
164,Southeast University,Intelligent Medical Engineering,Bachelor,Chinese,"Sep,2024",free,yes,1000/month,0 RMB,16000-19000,0-1000/month,0-1000/month,https://www.cucas.cn//resource/new/images/school/logo/logo_13.png
165,Southeast University,Intelligent Construction,Bachelor,Chinese,"Sep,2024",free,yes,1000/month,0 RMB,16000-19000,0-1000/month,0-1000/month,https://www.cucas.cn//resource/new/images/school/logo/logo_13.png
166,Southeast University,Information and Computational Science,Bachelor,Chinese,"Sep,2024",free,yes,1000/month,0 RMB,16000-19000,0-1000/month,0-1000/month,https://www.cucas.cn//resource/new/images/school/logo/logo_13.png
167,Southeast University,Geographical Information System,Bachelor,Chinese,"Sep,2024",free,yes,1000/month,0 RMB,16000-19000,0-1000/month,0-1000/month,https://www.cucas.cn//resource/new/images/school/logo/logo_13.png
168,Southeast University,Bioscience,Bachelor,Chinese,"Sep,2024",free,yes,1000/month,0 RMB,16000-19000,0-1000/month,0-1000/month,https://www.cucas.cn//resource/new/images/school/logo/logo_13.png
169,Southeast University,Architecture,Bachelor,Chinese,"Sep,2024",free,yes,1000/month,0 RMB,16000-19000,0-1000/month,0-1000/month,https://www.cucas.cn//resource/new/images/school/logo/logo_13.png
170,Southeast University,Bioinformatics,Bachelor,Chinese,"Sep,2024",free,yes,1000/month,0 RMB,16000-19000,0-1000/month,0-1000/month,https://www.cucas.cn//resource/new/images/school/logo/logo_13.png
171,Southeast University,Clinical Medicine,Bachelor,Chinese,"Sep,2024",free,yes,1000/month,0 RMB,16000-19000,0-1000/month,0-1000/month,https://www.cucas.cn//resource/new/images/school/logo/logo_13.png
172,Southeast University,Chemistry,Bachelor,Chinese,"Sep,2024",free,yes,1000/month,0 RMB,16000-19000,0-1000/month,0-1000/month,https://www.cucas.cn//resource/new/images/school/logo/logo_13.png
173,Southeast University,Artificial Intelligence,Bachelor,Chinese,"Sep,2024",free,yes,1000/month,0 RMB,16000-19000,0-1000/month,0-1000/month,https://www.cucas.cn//resource/new/images/school/logo/logo_13.png
174,Southeast University,Chemical Engineering/Technology,Bachelor,Chinese,"Sep,2024",free,yes,1000/month,0 RMB,16000-19000,0-1000/month,0-1000/month,https://www.cucas.cn//resource/new/images/school/logo/logo_13.png
175,Southeast University,Applied Physics,Bachelor,Chinese,"Sep,2024",free,yes,1000/month,0 RMB,16000-19000,0-1000/month,0-1000/month,https://www.cucas.cn//resource/new/images/school/logo/logo_13.png
176,Southeast University,Traffic/Transportation,Bachelor,Chinese,"Sep,2024",free,yes,1000/month,0 RMB,16000-19000,0-1000/month,0-1000/month,https://www.cucas.cn//resource/new/images/school/logo/logo_13.png
177,Southeast University,Software Engineering,Bachelor,Chinese,"Sep,2024",free,yes,1000/month,0 RMB,16000-19000,0-1000/month,0-1000/month,https://www.cucas.cn//resource/new/images/school/logo/logo_13.png
178,Southeast University,Animation,Bachelor,Chinese,"Sep,2024",free,yes,1000/month,0 RMB,16000-19000,0-1000/month,0-1000/month,https://www.cucas.cn//resource/new/images/school/logo/logo_13.png
179,Southeast University,Fine Arts,Bachelor,Chinese,"Sep,2024",free,yes,1000/month,0 RMB,16000-19000,0-1000/month,0-1000/month,https://www.cucas.cn//resource/new/images/school/logo/logo_13.png
180,Wenzhou University,International Economics and Trade,Bachelor,English,"Sep,2023","20,000",No,No,"0-2,000","18,000-20,000",4000/year,About 1000/month,https://www.cucas.cn//resource/new/images/school/logo/logo_13.png
181,Wenzhou University,Chemical Engineering and Technology,Bachelor,English,"Sep,2023","20,000",No,No,"0-2,000","18,000-20,000",4000/year,About 1000/month,https://www.cucas.cn//resource/new/images/school/logo/logo_13.png
182,Shanghai University of Traditional Chinese Medicine,Food Higiene and Nutrition,Bachelor,Chinese,"Sep,2024","12,000",No,No,"16,000-30,000","28,000-42,000",400-1600/month,About 1000/month,https://www.cucas.cn//resource/new/images/school/logo/logo_1069.png
183,Southeast University,Statistics,Bachelor,Chinese,"Sep,2024",free,yes,1000/month,0 RMB,16000-19000,0-1000/month,0-1000/month,https://www.cucas.cn//resource/new/images/school/logo/logo_1069.png
184,Southeast University,Measuring/Control Technology and Instrumentation,Bachelor,Chinese,"Sep,2024",free,yes,1000/month,0 RMB,16000-19000,0-1000/month,0-1000/month,https://www.cucas.cn//resource/new/images/school/logo/logo_1069.png
185,Southeast University,"Engineering of Harbors, Water Channels/Coasts",Bachelor,Chinese,"Sep,2024",free,yes,1000/month,0 RMB,16000-19000,0-1000/month,0-1000/month,https://www.cucas.cn//resource/new/images/school/logo/logo_1069.png
186,Southeast University,Energy and Power Engineering,Bachelor,Chinese,"Sep,2024",free,yes,1000/month,0 RMB,16000-19000,0-1000/month,0-1000/month,https://www.cucas.cn//resource/new/images/school/logo/logo_1069.png
187,Southeast University,Japanese,Bachelor,Chinese,"Sep,2024",free,yes,1000/month,0 RMB,16000-19000,0-1000/month,0-1000/month,https://www.cucas.cn//resource/new/images/school/logo/logo_1069.png
188,Southeast University,Traffic Engineering,Bachelor,Chinese,"Sep,2024",free,yes,1000/month,0 RMB,16000-19000,0-1000/month,0-1000/month,https://www.cucas.cn//resource/new/images/school/logo/logo_1069.png
189,Southeast University,English,Bachelor,Chinese,"Sep,2024",free,yes,1000/month,0 RMB,16000-19000,0-1000/month,0-1000/month,https://www.cucas.cn//resource/new/images/school/logo/logo_1069.png
190,Southeast University,Electronic Engineering and Automation,Bachelor,Chinese,"Sep,2024",free,yes,1000/month,0 RMB,16000-19000,0-1000/month,0-1000/month,https://www.cucas.cn//resource/new/images/school/logo/logo_1069.png
191,Southeast University,E-business,Bachelor,Chinese,"Sep,2024",free,yes,1000/month,0 RMB,16000-19000,0-1000/month,0-1000/month,https://www.cucas.cn//resource/new/images/school/logo/logo_1069.png
192,Southeast University,Logistics Management,Bachelor,Chinese,"Sep,2024",free,yes,1000/month,0 RMB,16000-19000,0-1000/month,0-1000/month,https://www.cucas.cn//resource/new/images/school/logo/logo_1069.png
193,Xi'an Shiyou University,Petroleum Engineering,Bachelor,English,"Sep,2023","5,000-18,500",0-7500,No,"0-13,500","15,500-18500","3000-75000-7500Living Expense: around 1000/month, depends on yourself","around 1000/month, depends on yourself",https://www.cucas.cn//resource/new/images/school/logo/logo_1069.png
194,Xi'an Shiyou University,Civil Engineering,Bachelor,English,"Sep,2023","5,000-18,500",0-7500,No,"0-13,500","15,500-18500","3000-75000-7500Living Expense: around 1000/month, depends on yourself","around 1000/month, depends on yourself",https://www.cucas.cn//resource/new/images/school/logo/logo_1069.png
195,Xi'an Shiyou University,Marketing,Bachelor,English,"Sep,2023","5,000-18,500",0-7500,No,"0-13,500","15,500-18500","3000-75000-7500Living Expense: around 1000/month, depends on yourself","around 1000/month, depends on yourself",https://www.cucas.cn//resource/new/images/school/logo/logo_1069.png
196,Wenzhou University,Civil Engineering,Bachelor,English,"Sep,2023","20,000",No,No,"0-2,000","18,000-20,000",4000/year,About 1000/month,https://www.cucas.cn//resource/new/images/school/logo/logo_1069.png
197,Wenzhou University,Biotechnology,Bachelor,English,"Sep,2023","20,000",No,No,"0-2,000","18,000-20,000",4000/year,About 1000/month,https://www.cucas.cn//resource/new/images/school/logo/logo_1069.png
198,Wenzhou University,Mechanical Engineering,Bachelor,English,"Sep,2023","20,000",No,No,"0-2,000","18,000-20,000",4000/year,About 1000/month,https://www.cucas.cn//resource/new/images/school/logo/logo_1069.png
199,Wenzhou University,Computer Science and Technology,Bachelor,English,"Sep,2023","20,000",No,No,"0-2,000","18,000-20,000",4000/year,About 1000/month,https://www.cucas.cn//resource/new/images/school/logo/logo_1069.png
200,Xuzhou Medical University,Nursing,Bachelor,English,"Sep,2023","10,000 - 30,000",No,No,"0 - 20,000","30,000",About 390/month,About 1000/month,https://www.cucas.cn//resource/new/images/school/logo/logo_1069.png
201,Shenyang University of Chemical Technology,Chemical Engineering and Technology,Bachelor,English,"Sep,2023","4,000",No.,No,"11,000","15,000","6,000/year(twin room)","About 1,500/mont",https://www.cucas.cn//resource/new/images/school/logo/logo_1069.png
202,Shenyang University of Chemical Technology,International Economics and Trade,Bachelor,English,"Sep,2023","4,000",No.,No,"11,000","15,000","6,000/year(twin room)","About 1,500/mont",https://www.cucas.cn//resource/new/images/school/logo/logo_159.png
203,Shenyang University of Chemical Technology,Mechanical Design Manufacturing and Automation,Bachelor,English,"Sep,2023","4,000",No.,No,"11,000","15,000","6,000/year(twin room)","About 1,500/mont",https://www.cucas.cn//resource/new/images/school/logo/logo_159.png
204,Northeast Petroleum University,Computer Science and Technology(Taught in English),Bachelor,English,"Aug,2024","4,500 to 10,000",No,No,"0 - 5,500 RMB/Year","10,000","4,500 RMB/Year（double room）",About 100-200RMB/month,https://www.cucas.cn//resource/new/images/school/logo/logo_159.png
205,Northeast Petroleum University,Oil-Gas Storage and Transportation Engineering,Bachelor,English,"Aug,2024","4,500 to 10,000",No,No,"0 - 5,500 RMB/Year","10,000","4,500 RMB/Year（double room）",About 100-200RMB/month,https://www.cucas.cn//resource/new/images/school/logo/logo_159.png
206,Northeast Petroleum University,Building Environment and Energy Engineering,Bachelor,English,"Aug,2024","4,500 to 10,000",No,No,"0 - 5,500 RMB/Year","10,000","4,500 RMB/Year（double room）",About 100-200RMB/month,https://www.cucas.cn//resource/new/images/school/logo/logo_159.png
207,Northeast Petroleum University,"Mechanical Design, Manufacture and Automation(Taught in English)",Bachelor,English,"Aug,2024","4,500 to 10,000",No,No,"0 - 5,500 RMB/Year","10,000","4,500 RMB/Year（double room）",About 100-200RMB/month,https://www.cucas.cn//resource/new/images/school/logo/logo_159.png
208,Northeast Petroleum University,Business Administration(Taught in English),Bachelor,English,"Aug,2024","4,500 to 10,000",No,No,"0 - 5,500 RMB/Year","10,000","4,500 RMB/Year（double room）",About 100-200RMB/month,https://www.cucas.cn//resource/new/images/school/logo/logo_159.png
209,Northeast Petroleum University,Petroleum Engineering(Taught in English),Bachelor,English,"Aug,2024","4,500 to 10,000",No,No,"0 - 5,500 RMB/Year","10,000","4,500 RMB/Year（double room）",About 100-200RMB/month,https://www.cucas.cn//resource/new/images/school/logo/logo_159.png
210,University of Nottingham Ningbo China,BEng Mechanical Engineering,Bachelor,English,"Sep,2024",,No,No,0-,"110,000","Tuition: 110,000 0-110,000","Tuition: 110,000 0-110,000",https://www.cucas.cn//resource/new/images/school/logo/logo_159.png
211,University of Nottingham Ningbo China,BSc Computer Science,Bachelor,English,"Sep,2024",,No,No,0-,"110,000","Tuition: 110,000 0-110,000","Tuition: 110,000 0-110,000",https://www.cucas.cn//resource/new/images/school/logo/logo_159.png
212,University of Nottingham Ningbo China,BSc Chemistry,Bachelor,English,"Sep,2024",,No,No,0-,"110,000","Tuition: 110,000 0-110,000","Tuition: 110,000 0-110,000",https://www.cucas.cn//resource/new/images/school/logo/logo_159.png
213,University of Nottingham Ningbo China,BEng Civil Engineering,Bachelor,English,"Sep,2024",,No,No,0-,"110,000","Tuition: 110,000 0-110,000","Tuition: 110,000 0-110,000",https://www.cucas.cn//resource/new/images/school/logo/logo_159.png
214,University of Nottingham Ningbo China,BEng Aerospace Engineering,Bachelor,English,"Sep,2024",,No,No,0-,"110,000","Tuition: 110,000 0-110,000","Tuition: 110,000 0-110,000",https://www.cucas.cn//resource/new/images/school/logo/logo_159.png
215,University of Nottingham Ningbo China,BEng Architecture,Bachelor,English,"Sep,2024",,No,No,0-,"110,000","Tuition: 110,000 0-110,000","Tuition: 110,000 0-110,000",https://www.cucas.cn//resource/new/images/school/logo/logo_159.png
216,University of Nottingham Ningbo China,BEng Architectural Environment Engineering,Bachelor,English,"Sep,2024",,No,No,0-,"110,000","Tuition: 110,000 0-110,000","Tuition: 110,000 0-110,000",https://www.cucas.cn//resource/new/images/school/logo/logo_159.png
217,Southeast University,Economics,Bachelor,Chinese,"Sep,2024",free,yes,1000/month,0 RMB,16000-19000,0-1000/month,0-1000/month,https://www.cucas.cn//resource/new/images/school/logo/logo_159.png
218,Southeast University,Accounting,Bachelor,Chinese,"Sep,2024",free,yes,1000/month,0 RMB,16000-19000,0-1000/month,0-1000/month,https://www.cucas.cn//resource/new/images/school/logo/logo_159.png
219,Southeast University,Finance,Bachelor,Chinese,"Sep,2024",free,yes,1000/month,0 RMB,16000-19000,0-1000/month,0-1000/month,https://www.cucas.cn//resource/new/images/school/logo/logo_159.png
220,Zhejiang A & F University,Veterinary Medicine,Bachelor,English,"Sep,2024",20000,No,No,0,"15,600-17,600",0,About 700-1500/month,https://www.cucas.cn//resource/new/images/school/logo/logo_159.png
221,Zhejiang A & F University,Wood Science and Engineering,Bachelor,English,"Sep,2024",20000,No,No,0,"15,600-17,600",0,About 700-1500/month,https://www.cucas.cn//resource/new/images/school/logo/logo_159.png
222,Zhejiang A & F University,Urban and Rural Planning,Bachelor,English,"Sep,2024",20000,No,No,0,"15,600-17,600",0,About 700-1500/month,https://www.cucas.cn//resource/new/images/school/logo/logo_142.png
223,Zhejiang A & F University,Electronic and Information Engineering,Bachelor,English,"Sep,2024",20000,No,No,0,"15,600-17,600",0,About 700-1500/month,https://www.cucas.cn//resource/new/images/school/logo/logo_142.png
224,Zhejiang A & F University,Forestry,Bachelor,English,"Sep,2024",20000,No,No,0,"15,600-17,600",0,About 700-1500/month,https://www.cucas.cn//resource/new/images/school/logo/logo_142.png
225,Zhejiang A & F University,Digital Media Art,Bachelor,English,"Sep,2024",20000,No,No,0,"15,600-17,600",0,About 700-1500/month,https://www.cucas.cn//resource/new/images/school/logo/logo_142.png
226,Zhejiang A & F University,Cross-Border Electronic Commerce,Bachelor,English,"Sep,2024",20000,No,No,0,"15,600-17,600",0,About 700-1500/month,https://www.cucas.cn//resource/new/images/school/logo/logo_142.png
227,Zhejiang A & F University,Computer Science and Technology,Bachelor,English,"Sep,2024",20000,No,No,0,"15,600-17,600",0,About 700-1500/month,https://www.cucas.cn//resource/new/images/school/logo/logo_142.png
228,Zhejiang A & F University,International Economics and Trade,Bachelor,English,"Sep,2024",20000,No,No,0,"15,600-17,600",0,About 700-1500/month,https://www.cucas.cn//resource/new/images/school/logo/logo_142.png
229,Zhejiang A & F University,Mechanical Design-Manufacturing and Automation,Bachelor,English,"Sep,2024",20000,No,No,0,"15,600-17,600",0,About 700-1500/month,https://www.cucas.cn//resource/new/images/school/logo/logo_142.png
230,Zhejiang A & F University,Civil Engineering,Bachelor,English,"Sep,2024",20000,No,No,0,"15,600-17,600",0,About 700-1500/month,https://www.cucas.cn//resource/new/images/school/logo/logo_142.png
231,University of Nottingham Ningbo China,"BSc Finance, Accounting and Management",Bachelor,English,"Sep,2024",,No,No,0-,"110,000","Tuition: 110,000 0-110,000","Tuition: 110,000 0-110,000",https://www.cucas.cn//resource/new/images/school/logo/logo_142.png
232,Northeast Forestry University,Robot Engineering,Bachelor,Chinese,"Sep,2024",Yes,Yes,No,0-8250 RMB,16500,0-1000/month,1500/month,https://www.cucas.cn//resource/new/images/school/logo/logo_142.png
233,Northeast Forestry University,International Economics and Trade,Bachelor,English,"Sep,2024",Yes,Yes,No,0-8250 RMB,16500,0-1000/month,1500/month,https://www.cucas.cn//resource/new/images/school/logo/logo_142.png
234,Northeast Forestry University,Politics and Administration,Bachelor,Chinese,"Sep,2024",Yes,Yes,No,0-8250 RMB,16500,0-1000/month,1500/month,https://www.cucas.cn//resource/new/images/school/logo/logo_142.png
235,Northeast Forestry University,Advertising Science,Bachelor,Chinese,"Sep,2024",Yes,Yes,No,0-8250 RMB,16500,0-1000/month,1500/month,https://www.cucas.cn//resource/new/images/school/logo/logo_142.png
236,Northeast Forestry University,Social Work,Bachelor,Chinese,"Sep,2024",Yes,Yes,No,0-8250 RMB,16500,0-1000/month,1500/month,https://www.cucas.cn//resource/new/images/school/logo/logo_142.png
237,Northeast Forestry University,Law,Bachelor,Chinese,"Sep,2024",Yes,Yes,No,0-8250 RMB,16500,0-1000/month,1500/month,https://www.cucas.cn//resource/new/images/school/logo/logo_142.png
238,Northeast Forestry University,Russian,Bachelor,Chinese,"Sep,2024",Yes,Yes,No,0-8250 RMB,16500,0-1000/month,1500/month,https://www.cucas.cn//resource/new/images/school/logo/logo_142.png
239,Northeast Forestry University,English,Bachelor,Chinese,"Sep,2024",Yes,Yes,No,0-8250 RMB,16500,0-1000/month,1500/month,https://www.cucas.cn//resource/new/images/school/logo/logo_142.png
240,Northeast Forestry University,Communication Engineering,Bachelor,Chinese,"Sep,2024",Yes,Yes,No,0-8250 RMB,16500,0-1000/month,1500/month,https://www.cucas.cn//resource/new/images/school/logo/logo_142.png
241,Northeast Forestry University,Electronic Information Engineering,Bachelor,Chinese,"Sep,2024",Yes,Yes,No,0-8250 RMB,16500,0-1000/month,1500/month,https://www.cucas.cn//resource/new/images/school/logo/logo_142.png
242,Northeast Forestry University,Computer Science and Technology,Bachelor,Chinese,"Sep,2024",Yes,Yes,No,0-8250 RMB,16500,0-1000/month,1500/month,https://www.cucas.cn//resource/new/images/school/logo/logo_142.png
243,Northeast Forestry University,Software Engineering,Bachelor,Chinese,"Sep,2024",Yes,Yes,No,0-8250 RMB,16500,0-1000/month,1500/month,https://www.cucas.cn//resource/new/images/school/logo/logo_142.png
244,Northeast Forestry University,Data Science and Big Data Technology,Bachelor,Chinese,"Sep,2024",Yes,Yes,No,0-8250 RMB,16500,0-1000/month,1500/month,https://www.cucas.cn//resource/new/images/school/logo/logo_142.png
245,Northeast Forestry University,Chemistry,Bachelor,Chinese,"Sep,2024",Yes,Yes,No,0-8250 RMB,16500,0-1000/month,1500/month,https://www.cucas.cn//resource/new/images/school/logo/logo_142.png
246,Northeast Forestry University,Packaging Engineering,Bachelor,Chinese,"Sep,2024",Yes,Yes,No,0-8250 RMB,16500,0-1000/month,1500/month,https://www.cucas.cn//resource/new/images/school/logo/logo_142.png
247,Northeast Forestry University,Mathematics and Applied Mathematics,Bachelor,Chinese,"Sep,2024",Yes,Yes,No,0-8250 RMB,16500,0-1000/month,1500/month,https://www.cucas.cn//resource/new/images/school/logo/logo_142.png
248,Northeast Forestry University,Chemical Engineering and Technology,Bachelor,Chinese,"Sep,2024",Yes,Yes,No,0-8250 RMB,16500,0-1000/month,1500/month,https://www.cucas.cn//resource/new/images/school/logo/logo_142.png
249,Northeast Forestry University,Applied Chemistry,Bachelor,Chinese,"Sep,2024",Yes,Yes,No,0-8250 RMB,16500,0-1000/month,1500/month,https://www.cucas.cn//resource/new/images/school/logo/logo_142.png
250,Northeast Forestry University,Physics,Bachelor,Chinese,"Sep,2024",Yes,Yes,No,0-8250 RMB,16500,0-1000/month,1500/month,https://www.cucas.cn//resource/new/images/school/logo/logo_142.png
251,Northeast Forestry University,Information and Computing Science,Bachelor,Chinese,"Sep,2024",Yes,Yes,No,0-8250 RMB,16500,0-1000/month,1500/month,https://www.cucas.cn//resource/new/images/school/logo/logo_142.png
252,Northeast Forestry University,Logistics Engineering,Bachelor,Chinese,"Sep,2024",Yes,Yes,No,0-8250 RMB,16500,0-1000/month,1500/month,https://www.cucas.cn//resource/new/images/school/logo/logo_142.png
253,Northeast Forestry University,Industrial Engineering,Bachelor,Chinese,"Sep,2024",Yes,Yes,No,0-8250 RMB,16500,0-1000/month,1500/month,https://www.cucas.cn//resource/new/images/school/logo/logo_142.png
254,Northeast Forestry University,Forest Engineering,Bachelor,Chinese,"Sep,2024",Yes,Yes,No,0-8250 RMB,16500,0-1000/month,1500/month,https://www.cucas.cn//resource/new/images/school/logo/logo_142.png
255,Northeast Forestry University,Economic Statistics,Bachelor,Chinese,"Sep,2024",Yes,Yes,No,0-8250 RMB,16500,0-1000/month,1500/month,https://www.cucas.cn//resource/new/images/school/logo/logo_142.png
256,Northeast Forestry University,Agricultural and Forestry Economics and Management,Bachelor,Chinese,"Sep,2024",Yes,Yes,No,0-8250 RMB,16500,0-1000/month,1500/month,https://www.cucas.cn//resource/new/images/school/logo/logo_142.png
257,Northeast Forestry University,Accounting,Bachelor,Chinese,"Sep,2024",Yes,Yes,No,0-8250 RMB,16500,0-1000/month,1500/month,https://www.cucas.cn//resource/new/images/school/logo/logo_142.png
258,Northeast Forestry University,Marketing Management,Bachelor,Chinese,"Sep,2024",Yes,Yes,No,0-8250 RMB,16500,0-1000/month,1500/month,https://www.cucas.cn//resource/new/images/school/logo/logo_142.png
259,Northeast Forestry University,Vehicle Engineering,Bachelor,Chinese,"Sep,2024",Yes,Yes,No,0-8250 RMB,16500,0-1000/month,1500/month,https://www.cucas.cn//resource/new/images/school/logo/logo_142.png
260,Northeast Forestry University,Business Administration,Bachelor,Chinese,"Sep,2024",Yes,Yes,No,0-8250 RMB,16500,0-1000/month,1500/month,https://www.cucas.cn//resource/new/images/school/logo/logo_142.png
261,Northeast Forestry University,Automobile Service Engineering,Bachelor,Chinese,"Sep,2024",Yes,Yes,No,0-8250 RMB,16500,0-1000/month,1500/month,https://www.cucas.cn//resource/new/images/school/logo/logo_142.png
262,Northeast Forestry University,Traffic Engineering,Bachelor,Chinese,"Sep,2024",Yes,Yes,No,0-8250 RMB,16500,0-1000/month,1500/month,https://www.cucas.cn//resource/new/images/school/logo/logo_142.png
263,Northeast Forestry University,Transportation,Bachelor,Chinese,"Sep,2024",Yes,Yes,No,0-8250 RMB,16500,0-1000/month,1500/month,https://www.cucas.cn//resource/new/images/school/logo/logo_142.png
264,Northeast Forestry University,Automation,Bachelor,Chinese,"Sep,2024",Yes,Yes,No,0-8250 RMB,16500,0-1000/month,1500/month,https://www.cucas.cn//resource/new/images/school/logo/logo_142.png
265,Northeast Forestry University,Industrial Design,Bachelor,Chinese,"Sep,2024",Yes,Yes,No,0-8250 RMB,16500,0-1000/month,1500/month,https://www.cucas.cn//resource/new/images/school/logo/logo_142.png
266,Northeast Forestry University,Electrical Engineering and Automation,Bachelor,Chinese,"Sep,2024",Yes,Yes,No,0-8250 RMB,16500,0-1000/month,1500/month,https://www.cucas.cn//resource/new/images/school/logo/logo_142.png
267,Northeast Forestry University,Mechatronic Engineering,Bachelor,Chinese,"Sep,2024",Yes,Yes,No,0-8250 RMB,16500,0-1000/month,1500/month,https://www.cucas.cn//resource/new/images/school/logo/logo_142.png
268,Northeast Forestry University,Mechanical Design and Manufacturing and its Automation ,Bachelor,Chinese,"Sep,2024",Yes,Yes,No,0-8250 RMB,16500,0-1000/month,1500/month,https://www.cucas.cn//resource/new/images/school/logo/logo_142.png
269,Northeast Forestry University,Civil Engineering,Bachelor,Chinese,"Sep,2024",Yes,Yes,No,0-8250 RMB,16500,0-1000/month,1500/month,https://www.cucas.cn//resource/new/images/school/logo/logo_142.png
270,Northeast Forestry University,Construction Environment and Energy Application Engineering,Bachelor,Chinese,"Sep,2024",Yes,Yes,No,0-8250 RMB,16500,0-1000/month,1500/month,https://www.cucas.cn//resource/new/images/school/logo/logo_142.png
271,Northeast Forestry University,Engineering Management,Bachelor,Chinese,"Sep,2024",Yes,Yes,No,0-8250 RMB,16500,0-1000/month,1500/month,https://www.cucas.cn//resource/new/images/school/logo/logo_142.png
272,Northeast Forestry University,Furniture Design and Engineering,Bachelor,Chinese,"Sep,2024",Yes,Yes,No,0-8250 RMB,16500,0-1000/month,1500/month,https://www.cucas.cn//resource/new/images/school/logo/logo_142.png
273,Northeast Forestry University,Public Service Management,Bachelor,Chinese,"Sep,2024",Yes,Yes,No,0-8250 RMB,16500,0-1000/month,1500/month,https://www.cucas.cn//resource/new/images/school/logo/logo_142.png
274,Northeast Forestry University,International Economics and Trade,Bachelor,Chinese,"Sep,2024",Yes,Yes,No,0-8250 RMB,16500,0-1000/month,1500/month,https://www.cucas.cn//resource/new/images/school/logo/logo_142.png
275,Northeast Forestry University,Material Chemistry,Bachelor,Chinese,"Sep,2024",Yes,Yes,No,0-8250 RMB,16500,0-1000/month,1500/month,https://www.cucas.cn//resource/new/images/school/logo/logo_142.png
276,Northeast Forestry University,Light Chemical Engineering,Bachelor,Chinese,"Sep,2024",Yes,Yes,No,0-8250 RMB,16500,0-1000/month,1500/month,https://www.cucas.cn//resource/new/images/school/logo/logo_142.png
277,Northeast Forestry University,Chemical Engineering of Forest Products,Bachelor,Chinese,"Sep,2024",Yes,Yes,No,0-8250 RMB,16500,0-1000/month,1500/month,https://www.cucas.cn//resource/new/images/school/logo/logo_142.png
278,Northeast Forestry University,Wood Science and Engineering,Bachelor,Chinese,"Sep,2024",Yes,Yes,No,0-8250 RMB,16500,0-1000/month,1500/month,https://www.cucas.cn//resource/new/images/school/logo/logo_142.png
279,Northeast Forestry University,Biotechnology,Bachelor,Chinese,"Sep,2024",Yes,Yes,No,0-8250 RMB,16500,0-1000/month,1500/month,https://www.cucas.cn//resource/new/images/school/logo/logo_142.png
280,Northeast Forestry University,Urban and Rural Planning,Bachelor,Chinese,"Sep,2024",Yes,Yes,No,0-8250 RMB,16500,0-1000/month,1500/month,https://www.cucas.cn//resource/new/images/school/logo/logo_142.png
281,Northeast Forestry University,Biological Sciences,Bachelor,Chinese,"Sep,2024",Yes,Yes,No,0-8250 RMB,16500,0-1000/month,1500/month,https://www.cucas.cn//resource/new/images/school/logo/logo_142.png
282,Northeast Forestry University,Environmental Design,Bachelor,Chinese,"Sep,2024",Yes,Yes,No,0-8250 RMB,16500,0-1000/month,1500/month,https://www.cucas.cn//resource/new/images/school/logo/logo_1393.png
283,Northeast Forestry University,Landscape Architecture,Bachelor,Chinese,"Sep,2024",Yes,Yes,No,0-8250 RMB,16500,0-1000/month,1500/month,https://www.cucas.cn//resource/new/images/school/logo/logo_1393.png
284,Northeast Forestry University,Animal Science,Bachelor,Chinese,"Sep,2024",Yes,Yes,No,0-8250 RMB,16500,0-1000/month,1500/month,https://www.cucas.cn//resource/new/images/school/logo/logo_1393.png
285,Northeast Forestry University,Gardens,Bachelor,Chinese,"Sep,2024",Yes,Yes,No,0-8250 RMB,16500,0-1000/month,1500/month,https://www.cucas.cn//resource/new/images/school/logo/logo_1393.png
286,Northeast Forestry University,Animal Medicine,Bachelor,Chinese,"Sep,2024",Yes,Yes,No,0-8250 RMB,16500,0-1000/month,1500/month,https://www.cucas.cn//resource/new/images/school/logo/logo_1393.png
287,Northeast Forestry University,Wildlife and Nature Reserve Management,Bachelor,Chinese,"Sep,2024",Yes,Yes,No,0-8250 RMB,16500,0-1000/month,1500/month,https://www.cucas.cn//resource/new/images/school/logo/logo_1393.png
288,Northeast Forestry University,Ecology,Bachelor,Chinese,"Sep,2024",Yes,Yes,No,0-8250 RMB,16500,0-1000/month,1500/month,https://www.cucas.cn//resource/new/images/school/logo/logo_1393.png
289,Northeast Forestry University,Geographic Information Science,Bachelor,Chinese,"Sep,2024",Yes,Yes,No,0-8250 RMB,16500,0-1000/month,1500/month,https://www.cucas.cn//resource/new/images/school/logo/logo_1393.png
290,Northeast Forestry University,Forestry,Bachelor,Chinese,"Sep,2024",Yes,Yes,No,0-8250 RMB,16500,0-1000/month,1500/month,https://www.cucas.cn//resource/new/images/school/logo/logo_1393.png
291,Xi'an Shiyou University,Chinese Language & Literature,Bachelor,Chinese,"Sep,2023","5,000-18,500",0-7500,No,"0-13,500","15,500-18500","3000-75000-7500Living Expense: around 1000/month, depends on yourself","around 1000/month, depends on yourself",https://www.cucas.cn//resource/new/images/school/logo/logo_1393.png
292,Xi'an Shiyou University,International Economics & Trade,Bachelor,Chinese,"Sep,2023","5,000-18,500",0-7500,No,"0-13,500","15,500-18500","3000-75000-7500Living Expense: around 1000/month, depends on yourself","around 1000/month, depends on yourself",https://www.cucas.cn//resource/new/images/school/logo/logo_1393.png
293,Xi'an Shiyou University,Petroleum Engineering,Bachelor,Chinese,"Sep,2023","5,000-18,500",0-7500,No,"0-13,500","15,500-18500","3000-75000-7500Living Expense: around 1000/month, depends on yourself","around 1000/month, depends on yourself",https://www.cucas.cn//resource/new/images/school/logo/logo_1393.png
294,University of Nottingham Ningbo China,BA International Business with Communications Studies,Bachelor,English,"Sep,2024",,No,No,0-,"110,000","Tuition: 110,000 0-110,000","Tuition: 110,000 0-110,000",https://www.cucas.cn//resource/new/images/school/logo/logo_1393.png
295,Southeast University,Business Administration,Bachelor,Chinese,"Sep,2024",free,yes,1000/month,0 RMB,16000-19000,0-1000/month,0-1000/month,https://www.cucas.cn//resource/new/images/school/logo/logo_1393.png
296,Southeast University,International Economics and Trade,Bachelor,Chinese,"Sep,2024",free,yes,1000/month,0 RMB,16000-19000,0-1000/month,0-1000/month,https://www.cucas.cn//resource/new/images/school/logo/logo_1393.png
297,Southeast University,Information Engineering,Bachelor,Chinese,"Sep,2024",free,yes,1000/month,0 RMB,16000-19000,0-1000/month,0-1000/month,https://www.cucas.cn//resource/new/images/school/logo/logo_1393.png
298,Southeast University,Chinese Literature,Bachelor,Chinese,"Sep,2024",free,yes,1000/month,0 RMB,16000-19000,0-1000/month,0-1000/month,https://www.cucas.cn//resource/new/images/school/logo/logo_1393.png
299,Southeast University,Sociology,Bachelor,Chinese,"Sep,2024",free,yes,1000/month,0 RMB,16000-19000,0-1000/month,0-1000/month,https://www.cucas.cn//resource/new/images/school/logo/logo_1393.png
300,Southeast University,Tourism Management,Bachelor,Chinese,"Sep,2024",free,yes,1000/month,0 RMB,16000-19000,0-1000/month,0-1000/month,https://www.cucas.cn//resource/new/images/school/logo/logo_1393.png
301,East China University of Political Science and Law,International Business Law,Bachelor,English,"Sep,2023",24000-40000,Yes,Yes,0,24000-40000,0,,https://www.cucas.cn//resource/new/images/school/logo/logo_1393.png
302,East China University of Political Science and Law,Law (Civil and Commercial Law),Bachelor,Chinese,"Sep,2023",24000-40000,Yes,Yes,0,24000-40000,0,,https://www.cucas.cn//resource/new/images/school/logo/logo_20.png
303,Capital Medical University,Clinical Medicine(MBBS),Bachelor,English,"Sep,2023",50000,No,No,30000-,50000,About 1500/month,About 1500/mont,https://www.cucas.cn//resource/new/images/school/logo/logo_20.png
304,Northeast Forestry University,Food Science and Engineering,Bachelor,Chinese,"Sep,2024",Yes,Yes,No,0-8250 RMB,16500,0-1000/month,1500/month,https://www.cucas.cn//resource/new/images/school/logo/logo_20.png
305,Shanghai University of Traditional Chinese Medicine,TCM (Acupuncture),Bachelor,English,"Sep,2024","12,000",No,No,"16,000-30,000","28,000-42,000",400-1600/month,About 1000/month,https://www.cucas.cn//resource/new/images/school/logo/logo_20.png
306,Southeast University,Political Science & Public Administration,Bachelor,Chinese,"Sep,2024",free,yes,1000/month,0 RMB,16000-19000,0-1000/month,0-1000/month,https://www.cucas.cn//resource/new/images/school/logo/logo_20.png
307,Southeast University,Material Science/Engineering,Bachelor,Chinese,"Sep,2024",free,yes,1000/month,0 RMB,16000-19000,0-1000/month,0-1000/month,https://www.cucas.cn//resource/new/images/school/logo/logo_20.png
308,Southeast University,Biomedical Engineering,Bachelor,Chinese,"Sep,2024",free,yes,1000/month,0 RMB,16000-19000,0-1000/month,0-1000/month,https://www.cucas.cn//resource/new/images/school/logo/logo_20.png
309,Southeast University,Physics,Bachelor,Chinese,"Sep,2024",free,yes,1000/month,0 RMB,16000-19000,0-1000/month,0-1000/month,https://www.cucas.cn//resource/new/images/school/logo/logo_20.png
310,Southeast University,Computer Science/Technology,Bachelor,Chinese,"Sep,2024",free,yes,1000/month,0 RMB,16000-19000,0-1000/month,0-1000/month,https://www.cucas.cn//resource/new/images/school/logo/logo_20.png
311,Southeast University,Automation,Bachelor,Chinese,"Sep,2024",free,yes,1000/month,0 RMB,16000-19000,0-1000/month,0-1000/month,https://www.cucas.cn//resource/new/images/school/logo/logo_20.png
312,Southeast University,Electronic Science and Technology,Bachelor,Chinese,"Sep,2024",free,yes,1000/month,0 RMB,16000-19000,0-1000/month,0-1000/month,https://www.cucas.cn//resource/new/images/school/logo/logo_20.png
313,Southeast University,Water Science and Engineering,Bachelor,Chinese,"Sep,2024",free,yes,1000/month,0 RMB,16000-19000,0-1000/month,0-1000/month,https://www.cucas.cn//resource/new/images/school/logo/logo_20.png
314,Southeast University,Engineering Mechanics,Bachelor,Chinese,"Sep,2024",free,yes,1000/month,0 RMB,16000-19000,0-1000/month,0-1000/month,https://www.cucas.cn//resource/new/images/school/logo/logo_20.png
315,Southeast University,Project Management,Bachelor,Chinese,"Sep,2024",free,yes,1000/month,0 RMB,16000-19000,0-1000/month,0-1000/month,https://www.cucas.cn//resource/new/images/school/logo/logo_20.png
316,Southeast University,Civil Engineering,Bachelor,Chinese,"Sep,2024",free,yes,1000/month,0 RMB,16000-19000,0-1000/month,0-1000/month,https://www.cucas.cn//resource/new/images/school/logo/logo_20.png
317,Southeast University,Building Environment and Energy Application Engineering,Bachelor,Chinese,"Sep,2024",free,yes,1000/month,0 RMB,16000-19000,0-1000/month,0-1000/month,https://www.cucas.cn//resource/new/images/school/logo/logo_20.png
318,Southeast University,Bioengineering/Biotechnology,Bachelor,Chinese,"Sep,2024",free,yes,1000/month,0 RMB,16000-19000,0-1000/month,0-1000/month,https://www.cucas.cn//resource/new/images/school/logo/logo_20.png
319,Southeast University,Environmental Engineering,Bachelor,Chinese,"Sep,2024",free,yes,1000/month,0 RMB,16000-19000,0-1000/month,0-1000/month,https://www.cucas.cn//resource/new/images/school/logo/logo_20.png
320,Southeast University,Art History,Bachelor,Chinese,"Sep,2024",free,yes,1000/month,0 RMB,16000-19000,0-1000/month,0-1000/month,https://www.cucas.cn//resource/new/images/school/logo/logo_20.png
321,Southeast University,Industrial Engineering,Bachelor,Chinese,"Sep,2024",free,yes,1000/month,0 RMB,16000-19000,0-1000/month,0-1000/month,https://www.cucas.cn//resource/new/images/school/logo/logo_20.png
322,Southeast University,Landscape Architecture,Bachelor,Chinese,"Sep,2024",free,yes,1000/month,0 RMB,16000-19000,0-1000/month,0-1000/month,https://www.cucas.cn//resource/new/images/school/logo/logo_1407.png
323,Southeast University,Urban Planning,Bachelor,Chinese,"Sep,2024",free,yes,1000/month,0 RMB,16000-19000,0-1000/month,0-1000/month,https://www.cucas.cn//resource/new/images/school/logo/logo_1407.png
324,Southeast University,Labor & Social Security,Bachelor,Chinese,"Sep,2024",free,yes,1000/month,0 RMB,16000-19000,0-1000/month,0-1000/month,https://www.cucas.cn//resource/new/images/school/logo/logo_1407.png
325,Southeast University,Medical Imaging,Bachelor,Chinese,"Sep,2024",free,yes,1000/month,0 RMB,16000-19000,0-1000/month,0-1000/month,https://www.cucas.cn//resource/new/images/school/logo/logo_1407.png
326,Southeast University,Preventive Medicine,Bachelor,Chinese,"Sep,2024",free,yes,1000/month,0 RMB,16000-19000,0-1000/month,0-1000/month,https://www.cucas.cn//resource/new/images/school/logo/logo_1407.png
327,Southeast University,Product Design,Bachelor,Chinese,"Sep,2024",free,yes,1000/month,0 RMB,16000-19000,0-1000/month,0-1000/month,https://www.cucas.cn//resource/new/images/school/logo/logo_1407.png
328,Southeast University,Road Bridge and River-crossing Engineering,Bachelor,Chinese,"Sep,2024",free,yes,1000/month,0 RMB,16000-19000,0-1000/month,0-1000/month,https://www.cucas.cn//resource/new/images/school/logo/logo_1407.png
329,Southeast University,Robot Engineering,Bachelor,Chinese,"Sep,2024",free,yes,1000/month,0 RMB,16000-19000,0-1000/month,0-1000/month,https://www.cucas.cn//resource/new/images/school/logo/logo_1407.png
330,Southeast University,Urban Underground Space Engineering,Bachelor,Chinese,"Sep,2024",free,yes,1000/month,0 RMB,16000-19000,0-1000/month,0-1000/month,https://www.cucas.cn//resource/new/images/school/logo/logo_1407.png
331,Southeast University,Cyberspace Security,Bachelor,Chinese,"Sep,2024",free,yes,1000/month,0 RMB,16000-19000,0-1000/month,0-1000/month,https://www.cucas.cn//resource/new/images/school/logo/logo_1407.png
332,Wenzhou University,Chinese Language and Literature,Bachelor,Chinese,"Sep,2023","20,000",No,No,"0-2,000","18,000-20,000",4000/year,About 1000/month,https://www.cucas.cn//resource/new/images/school/logo/logo_1407.png
333,Northeast Forestry University,Environmental Science,Bachelor,Chinese,"Sep,2024",Yes,Yes,No,0-8250 RMB,16500,0-1000/month,1500/month,https://www.cucas.cn//resource/new/images/school/logo/logo_1407.png
334,Northeast Forestry University,Forest Protection,Bachelor,Chinese,"Sep,2024",Yes,Yes,No,0-8250 RMB,16500,0-1000/month,1500/month,https://www.cucas.cn//resource/new/images/school/logo/logo_1407.png
335,Northeast Forestry University,Tourism Management,Bachelor,Chinese,"Sep,2024",Yes,Yes,No,0-8250 RMB,16500,0-1000/month,1500/month,https://www.cucas.cn//resource/new/images/school/logo/logo_1407.png
336,Northeast Forestry University,Artificial Intelligence,Bachelor,Chinese,"Sep,2024",Yes,Yes,No,0-8250 RMB,16500,0-1000/month,1500/month,https://www.cucas.cn//resource/new/images/school/logo/logo_1407.png
337,Zhejiang Chinese Medical University,Chinese Medicine,Bachelor,Chinese,"Sep,2024","25,000",NO,NO,0,25000,2250,200,https://www.cucas.cn//resource/new/images/school/logo/logo_1407.png
338,Huaiyin Institute of Technology,Communication Engineering,Bachelor,English,"Sep,2024",15000,Yes,No,0,15000,0,150,https://www.cucas.cn//resource/new/images/school/logo/logo_1407.png
339,Zhejiang A & F University,Resources Utilization and PlantConservation(Plant Conservation),Master,Chinese,"Sep,2024","10,000",No,No,"10,000","20,000",About 430-860/month,About 700-1500/month,https://www.cucas.cn//resource/new/images/school/logo/logo_159.png
340,Zhejiang A & F University,Silviculture,Master,Chinese,"Sep,2024","10,000",No,No,"10,000","20,000",About 430-860/month,About 700-1500/month,https://www.cucas.cn//resource/new/images/school/logo/logo_159.png
341,Zhejiang A & F University,Resources Utilization and PlantConservation(Agricultural Resources Utilization),Master,Chinese,"Sep,2024","10,000",No,No,"10,000","20,000",About 430-860/month,About 700-1500/month,https://www.cucas.cn//resource/new/images/school/logo/logo_159.png
342,Zhejiang A & F University,Law in Environment and Resources Conservation,Master,Chinese,"Sep,2024","10,000",No,No,"10,000","20,000",About 430-860/month,About 700-1500/month,https://www.cucas.cn//resource/new/images/school/logo/logo_159.png
343,Zhejiang A & F University,Resources Utilization and Plant Protection(Forest),Master,Chinese,"Sep,2024","10,000",No,No,"10,000","20,000",About 430-860/month,About 700-1500/month,https://www.cucas.cn//resource/new/images/school/logo/logo_159.png
344,Zhejiang A & F University,Ecology,Master,Chinese,"Sep,2024","10,000",No,No,"10,000","20,000",About 430-860/month,About 700-1500/month,https://www.cucas.cn//resource/new/images/school/logo/logo_159.png
345,Zhejiang A & F University,Agronomy and Seed Industry(Plants),Master,Chinese,"Sep,2024","10,000",No,No,"10,000","20,000",About 430-860/month,About 700-1500/month,https://www.cucas.cn//resource/new/images/school/logo/logo_159.png
346,Zhejiang A & F University,Agriculture Management (Management and Service of Agricultural Science and Technology),Master,Chinese,"Sep,2024","10,000",No,No,"10,000","20,000",About 430-860/month,About 700-1500/month,https://www.cucas.cn//resource/new/images/school/logo/logo_159.png
347,Zhejiang A & F University,Agriculture Engineering and Information Technology(Agricultural Informatization),Master,Chinese,"Sep,2024","10,000",No,No,"10,000","20,000",About 430-860/month,About 700-1500/month,https://www.cucas.cn//resource/new/images/school/logo/logo_159.png
348,Zhejiang A & F University,Agriculture Engineering and Information Technology(Agricultural Mechanization),Master,Chinese,"Sep,2024","10,000",No,No,"10,000","20,000",About 430-860/month,About 700-1500/month,https://www.cucas.cn//resource/new/images/school/logo/logo_159.png
349,Zhejiang A & F University,Agriculture and Forest Economics Management,Master,Chinese,"Sep,2024","10,000",No,No,"10,000","20,000",About 430-860/month,About 700-1500/month,https://www.cucas.cn//resource/new/images/school/logo/logo_159.png
350,Zhejiang A & F University,Furniture Design and Engineering,Master,Chinese,"Sep,2024","10,000",No,No,"10,000","20,000",About 430-860/month,About 700-1500/month,https://www.cucas.cn//resource/new/images/school/logo/logo_159.png
351,Zhejiang A & F University,Business English in Agriculture,Master,Chinese,"Sep,2024","10,000",No,No,"10,000","20,000",About 430-860/month,About 700-1500/month,https://www.cucas.cn//resource/new/images/school/logo/logo_159.png
352,Zhejiang A & F University,Comprising of Chinese Art and Foreign Art,Master,Chinese,"Sep,2024","10,000",No,No,"10,000","20,000",About 430-860/month,About 700-1500/month,https://www.cucas.cn//resource/new/images/school/logo/logo_159.png
353,Zhejiang A & F University,Biophysics,Master,Chinese,"Sep,2024","10,000",No,No,"10,000","20,000",About 430-860/month,About 700-1500/month,https://www.cucas.cn//resource/new/images/school/logo/logo_159.png
354,Zhejiang A & F University,Information Technology of Forestry,Master,Chinese,"Sep,2024","10,000",No,No,"10,000","20,000",About 430-860/month,About 700-1500/month,https://www.cucas.cn//resource/new/images/school/logo/logo_159.png
355,Zhejiang A & F University,Agricultural Environment Conservation,Master,Chinese,"Sep,2024","10,000",No,No,"10,000","20,000",About 430-860/month,About 700-1500/month,https://www.cucas.cn//resource/new/images/school/logo/logo_159.png
356,Zhejiang A & F University,Urban Management,Master,Chinese,"Sep,2024","10,000",No,No,"10,000","20,000",About 430-860/month,About 700-1500/month,https://www.cucas.cn//resource/new/images/school/logo/logo_159.png
357,Zhejiang A & F University,Research of Marxism Signification,Master,Chinese,"Sep,2024","10,000",No,No,"10,000","20,000",About 430-860/month,About 700-1500/month,https://www.cucas.cn//resource/new/images/school/logo/logo_159.png
358,Zhejiang A & F University,Rural Development,Master,Chinese,"Sep,2024","10,000",No,No,"10,000","20,000",About 430-860/month,About 700-1500/month,https://www.cucas.cn//resource/new/images/school/logo/logo_159.png
359,Zhejiang A & F University,Design,Master,Chinese,"Sep,2024","10,000",No,No,"10,000","20,000",About 430-860/month,About 700-1500/month,https://www.cucas.cn//resource/new/images/school/logo/logo_159.png
360,Zhejiang A & F University,Ecological Culture,Master,Chinese,"Sep,2024","10,000",No,No,"10,000","20,000",About 430-860/month,About 700-1500/month,https://www.cucas.cn//resource/new/images/school/logo/logo_159.png
361,Zhejiang A & F University,Land Resources Science,Master,Chinese,"Sep,2024","10,000",No,No,"10,000","20,000",About 430-860/month,About 700-1500/month,https://www.cucas.cn//resource/new/images/school/logo/logo_159.png
362,Zhejiang A & F University,Agricultural Resources and Environment,Master,Chinese,"Sep,2024","10,000",No,No,"10,000","20,000",About 430-860/month,About 700-1500/month,https://www.cucas.cn//resource/new/images/school/logo/logo_159.png
363,Zhejiang A & F University,Agriculture Management,Master,Chinese,"Sep,2024","10,000",No,No,"10,000","20,000",About 430-860/month,About 700-1500/month,https://www.cucas.cn//resource/new/images/school/logo/logo_159.png
364,Zhejiang A & F University,Urban and Rural Planning,Master,Chinese,"Sep,2024","10,000",No,No,"10,000","20,000",About 430-860/month,About 700-1500/month,https://www.cucas.cn//resource/new/images/school/logo/logo_159.png
365,Zhejiang A & F University,Urban and Rural Tourism Planning and Management,Master,Chinese,"Sep,2024","10,000",No,No,"10,000","20,000",About 430-860/month,About 700-1500/month,https://www.cucas.cn//resource/new/images/school/logo/logo_159.png
366,Zhejiang A & F University,Landscape Plant and Ornamental Horticulture,Master,Chinese,"Sep,2024","10,000",No,No,"10,000","20,000",About 430-860/month,About 700-1500/month,https://www.cucas.cn//resource/new/images/school/logo/logo_159.png
367,Zhejiang A & F University,Architecture,Master,Chinese,"Sep,2024","10,000",No,No,"10,000","20,000",About 430-860/month,About 700-1500/month,https://www.cucas.cn//resource/new/images/school/logo/logo_159.png
368,Zhejiang A & F University,Landscape Architecture,Master,Chinese,"Sep,2024","10,000",No,No,"10,000","20,000",About 430-860/month,About 700-1500/month,https://www.cucas.cn//resource/new/images/school/logo/logo_159.png
369,Zhejiang A & F University,Developmental biology,Master,Chinese,"Sep,2024","10,000",No,No,"10,000","20,000",About 430-860/month,About 700-1500/month,https://www.cucas.cn//resource/new/images/school/logo/logo_159.png
370,Zhejiang A & F University,Biotechnology and Molecular Biology,Master,Chinese,"Sep,2024","10,000",No,No,"10,000","20,000",About 430-860/month,About 700-1500/month,https://www.cucas.cn//resource/new/images/school/logo/logo_159.png
371,Zhejiang A & F University,Chemical Biology,Master,Chinese,"Sep,2024","10,000",No,No,"10,000","20,000",About 430-860/month,About 700-1500/month,https://www.cucas.cn//resource/new/images/school/logo/logo_159.png
372,Zhejiang A & F University,Forest Genetic Breeding,Master,Chinese,"Sep,2024","10,000",No,No,"10,000","20,000",About 430-860/month,About 700-1500/month,https://www.cucas.cn//resource/new/images/school/logo/logo_159.png
373,Zhejiang A & F University,Wildlife conservation and utilization,Master,Chinese,"Sep,2024","10,000",No,No,"10,000","20,000",About 430-860/month,About 700-1500/month,https://www.cucas.cn//resource/new/images/school/logo/logo_159.png
374,Zhejiang A & F University,"Soil, Water Conservation and Desertification Prevention",Master,Chinese,"Sep,2024","10,000",No,No,"10,000","20,000",About 430-860/month,About 700-1500/month,https://www.cucas.cn//resource/new/images/school/logo/logo_159.png
375,Zhejiang A & F University,Cultivation and Utilization of Bamboo Forest,Master,Chinese,"Sep,2024","10,000",No,No,"10,000","20,000",About 430-860/month,About 700-1500/month,https://www.cucas.cn//resource/new/images/school/logo/logo_159.png
376,Zhejiang A & F University,Forest Conservation,Master,Chinese,"Sep,2024","10,000",No,No,"10,000","20,000",About 430-860/month,About 700-1500/month,https://www.cucas.cn//resource/new/images/school/logo/logo_159.png
377,Zhejiang A & F University,Biomass Energy and Materials,Master,Chinese,"Sep,2024","10,000",No,No,"10,000","20,000",About 430-860/month,About 700-1500/month,https://www.cucas.cn//resource/new/images/school/logo/logo_159.png
378,Zhejiang A & F University,Industry Design and Introduction,Master,Chinese,"Sep,2024","10,000",No,No,"10,000","20,000",About 430-860/month,About 700-1500/month,https://www.cucas.cn//resource/new/images/school/logo/logo_159.png
379,Zhejiang A & F University,Mechanical Engineering,Master,Chinese,"Sep,2024","10,000",No,No,"10,000","20,000",About 430-860/month,About 700-1500/month,https://www.cucas.cn//resource/new/images/school/logo/logo_13.png
380,Zhejiang A & F University,Agricultural Engineering and Information Technology(Facility Agriculture),Master,Chinese,"Sep,2024","10,000",No,No,"10,000","20,000",About 430-860/month,About 700-1500/month,https://www.cucas.cn//resource/new/images/school/logo/logo_13.png
381,Zhejiang A & F University,Genetics,Master,Chinese,"Sep,2024","10,000",No,No,"10,000","20,000",About 430-860/month,About 700-1500/month,https://www.cucas.cn//resource/new/images/school/logo/logo_13.png
382,Zhejiang A & F University,Microbiology,Master,Chinese,"Sep,2024","10,000",No,No,"10,000","20,000",About 430-860/month,About 700-1500/month,https://www.cucas.cn//resource/new/images/school/logo/logo_13.png
383,Zhejiang A & F University,Botany,Master,Chinese,"Sep,2024","10,000",No,No,"10,000","20,000",About 430-860/month,About 700-1500/month,https://www.cucas.cn//resource/new/images/school/logo/logo_13.png
384,Zhejiang A & F University,Food processing and safety,Master,Chinese,"Sep,2024","10,000",No,No,"10,000","20,000",About 430-860/month,About 700-1500/month,https://www.cucas.cn//resource/new/images/school/logo/logo_13.png
385,Zhejiang A & F University,Forest Management,Master,Chinese,"Sep,2024","10,000",No,No,"10,000","20,000",About 430-860/month,About 700-1500/month,https://www.cucas.cn//resource/new/images/school/logo/logo_13.png
386,Zhejiang A & F University,Farming,Master,Chinese,"Sep,2024","10,000",No,No,"10,000","20,000",About 430-860/month,About 700-1500/month,https://www.cucas.cn//resource/new/images/school/logo/logo_13.png
387,Zhejiang A & F University,Chemical Processing Engineering of Forest Industry,Master,Chinese,"Sep,2024","10,000",No,No,"10,000","20,000",About 430-860/month,About 700-1500/month,https://www.cucas.cn//resource/new/images/school/logo/logo_13.png
388,Zhejiang A & F University,Forest Engineering,Master,Chinese,"Sep,2024","10,000",No,No,"10,000","20,000",About 430-860/month,About 700-1500/month,https://www.cucas.cn//resource/new/images/school/logo/logo_13.png
389,Zhejiang A & F University,Wood Science and Technology,Master,Chinese,"Sep,2024","10,000",No,No,"10,000","20,000",About 430-860/month,About 700-1500/month,https://www.cucas.cn//resource/new/images/school/logo/logo_13.png
390,Zhejiang A & F University,Zoology,Master,Chinese,"Sep,2024","10,000",No,No,"10,000","20,000",About 430-860/month,About 700-1500/month,https://www.cucas.cn//resource/new/images/school/logo/logo_13.png
391,Wenzhou University,Resources and Environment,Master,Chinese,"Sep,2023",8000-22000,No,No,"0-14,000","20,000-22,000",4000/year,About 1000/month,https://www.cucas.cn//resource/new/images/school/logo/logo_13.png
392,Wenzhou University,Biology,Master,Chinese,"Sep,2023",8000-22000,No,No,"0-14,000","20,000-22,000",4000/year,About 1000/month,https://www.cucas.cn//resource/new/images/school/logo/logo_13.png
393,Wenzhou University,Translating and Interpreting,Master,English,"Sep,2023",8000-22000,No,No,"0-14,000","20,000-22,000",4000/year,About 1000/month,https://www.cucas.cn//resource/new/images/school/logo/logo_13.png
394,Wenzhou University,Finance,Master,English,"Sep,2023",8000-22000,No,No,"0-14,000","20,000-22,000",4000/year,About 1000/month,https://www.cucas.cn//resource/new/images/school/logo/logo_13.png
395,Wenzhou University,Electronic Information (Electronic Science & Technology),Master,English,"Sep,2023",8000-22000,No,No,"0-14,000","20,000-22,000",4000/year,About 1000/month,https://www.cucas.cn//resource/new/images/school/logo/logo_13.png
396,Wenzhou University,Discipline Teaching (English),Master,English,"Sep,2023",8000-22000,No,No,"0-14,000","20,000-22,000",4000/year,About 1000/month,https://www.cucas.cn//resource/new/images/school/logo/logo_13.png
397,Wenzhou University,Electronic Information (Computer Science and Technology),Master,English,"Sep,2023",8000-22000,No,No,"0-14,000","20,000-22,000",4000/year,About 1000/month,https://www.cucas.cn//resource/new/images/school/logo/logo_13.png
398,Wenzhou University,Materials Science and Engineering,Master,English,"Sep,2023",8000-22000,No,No,"0-14,000","20,000-22,000",4000/year,About 1000/month,https://www.cucas.cn//resource/new/images/school/logo/logo_13.png
399,Wenzhou University,Teaching Chinese to Speakers of Other Languages,Master,Chinese,"Sep,2023",8000-22000,No,No,"0-14,000","20,000-22,000",4000/year,About 1000/month,https://www.cucas.cn//resource/new/images/school/logo/logo_104.png
400,Wenzhou University,Mechanical Engineering,Master,English,"Sep,2023",8000-22000,No,No,"0-14,000","20,000-22,000",4000/year,About 1000/month,https://www.cucas.cn//resource/new/images/school/logo/logo_104.png
401,Wenzhou University,Chemistry,Master,English,"Sep,2023",8000-22000,No,No,"0-14,000","20,000-22,000",4000/year,About 1000/month,https://www.cucas.cn//resource/new/images/school/logo/logo_104.png
402,Wenzhou University,Law,Master,English,"Sep,2023",8000-22000,No,No,"0-14,000","20,000-22,000",4000/year,About 1000/month,https://www.cucas.cn//resource/new/images/school/logo/logo_104.png
403,Wenzhou University,Civil and Hydraulic Engineering,Master,English,"Sep,2023",8000-22000,No,No,"0-14,000","20,000-22,000",4000/year,About 1000/month,https://www.cucas.cn//resource/new/images/school/logo/logo_104.png
404,Wenzhou University,Computer Science and Technology,Master,English,"Sep,2023",8000-22000,No,No,"0-14,000","20,000-22,000",4000/year,About 1000/month,https://www.cucas.cn//resource/new/images/school/logo/logo_104.png
405,Wenzhou University,Applied Economics,Master,English,"Sep,2023",8000-22000,No,No,"0-14,000","20,000-22,000",4000/year,About 1000/month,https://www.cucas.cn//resource/new/images/school/logo/logo_104.png
406,Wenzhou University,Electrical Engineering,Master,English,"Sep,2023",8000-22000,No,No,"0-14,000","20,000-22,000",4000/year,About 1000/month,https://www.cucas.cn//resource/new/images/school/logo/logo_104.png
407,Zhejiang University of Science and Technology,Advanced Manufacturing and Informatization,Master,English,"Sep,2023","21,000-25,000",No,No,0,"21,000-25,000",400-12000RMB/month,About 1000/month,https://www.cucas.cn//resource/new/images/school/logo/logo_104.png
408,Zhejiang University of Science and Technology,Chemical Engineering and Technique,Master,English,"Sep,2023","21,000-25,000",No,No,0,"21,000-25,000",400-12000RMB/month,About 1000/month,https://www.cucas.cn//resource/new/images/school/logo/logo_104.png
409,Zhejiang University of Science and Technology,Civil Engineering,Master,English,"Sep,2023","21,000-25,000",No,No,0,"21,000-25,000",400-12000RMB/month,About 1000/month,https://www.cucas.cn//resource/new/images/school/logo/logo_104.png
410,Zhejiang University of Science and Technology,Intelligent Manufacturing and Control Engineering,Master,English,"Sep,2023","21,000-25,000",No,No,"0-10,500-","21,000-25,000",About 1500/month,About 1000/month,https://www.cucas.cn//resource/new/images/school/logo/logo_104.png
411,Zhejiang University of Science and Technology,Intelligent Manufacturing and Control Engineering,Master,English,"Sep,2023","21,000-25,000",No,No,0,"21,000-25,000",400-12000RMB/month,About 1000/month,https://www.cucas.cn//resource/new/images/school/logo/logo_104.png
412,Zhejiang University of Science and Technology,Master of Teaching Chinese Language to Speakers of Other Languages(MTCSOL),Master,Chinese,"Sep,2023","21,000-25,000",No,No,"0-10,500-","21,000-25,000",About 1500/month,About 1000/month,https://www.cucas.cn//resource/new/images/school/logo/logo_104.png
413,Zhejiang University of Science and Technology,Applied Statistics,Master,English,"Sep,2023","21,000-25,000",No,No,"0-10,500-","21,000-25,000",About 1500/month,About 1000/month,https://www.cucas.cn//resource/new/images/school/logo/logo_104.png
414,Zhejiang University of Science and Technology,Master of Teaching Chinese Language to Speakers of Other Languages(MTCSOL),Master,Chinese,"Sep,2023","21,000-25,000",No,No,0,"21,000-25,000",400-12000RMB/month,About 1000/month,https://www.cucas.cn//resource/new/images/school/logo/logo_104.png
415,Zhejiang University of Science and Technology,Advanced Manufacturing and Informatization,Master,English,"Sep,2023","21,000-25,000",No,No,"0-10,500-","21,000-25,000",About 1500/month,About 1000/month,https://www.cucas.cn//resource/new/images/school/logo/logo_104.png
416,Zhejiang University of Science and Technology,Applied Statistics,Master,English,"Sep,2023","21,000-25,000",No,No,0,"21,000-25,000",400-12000RMB/month,About 1000/month,https://www.cucas.cn//resource/new/images/school/logo/logo_104.png
417,Zhejiang University of Science and Technology,Civil Engineering,Master,English,"Sep,2023","21,000-25,000",No,No,"0-10,500-","21,000-25,000",About 1500/month,About 1000/month,https://www.cucas.cn//resource/new/images/school/logo/logo_104.png
418,Zhejiang University of Science and Technology,Chemical Engineering and Technique,Master,English,"Sep,2023","21,000-25,000",No,No,"0-10,500-","21,000-25,000",About 1500/month,About 1000/month,https://www.cucas.cn//resource/new/images/school/logo/logo_104.png
419,Ningbo University,Chinese History,Master,Chinese,"Sep,2023","30,000",No,No,0 - 10000,"18,000-40,000",About 4000/year,About 1000/month,https://www.cucas.cn//resource/new/images/school/logo/logo_126.png
420,Ningbo University,Teaching Chinese to Speakers of Other Languages,Master,Chinese,"Sep,2023","30,000",No,No,0 - 10000,"18,000-40,000",About 4000/year,About 1000/month,https://www.cucas.cn//resource/new/images/school/logo/logo_126.png
421,Ningbo University,Food Science and Engineering,Master,English,"Sep,2023","30,000",No,No,0 - 10000,"18,000-40,000",About 4000/year,About 1000/month,https://www.cucas.cn//resource/new/images/school/logo/logo_126.png
422,Ningbo University,MBA (MIT Ningbo Supply Chain Management)(MNSCM),Master,English,"Sep,2023","30,000",No,No,0 - 10000,"18,000-40,000",About 4000/year,About 1000/month,https://www.cucas.cn//resource/new/images/school/logo/logo_126.png
423,Ningbo University,German Linguistics and Literature,Master,German,"Sep,2023","30,000",No,No,0 - 10000,"18,000-40,000",About 4000/year,About 1000/month,https://www.cucas.cn//resource/new/images/school/logo/logo_126.png
424,Ningbo University,Law,Master,English,"Sep,2023","30,000",No,No,0 - 10000,"18,000-40,000",About 4000/year,About 1000/month,https://www.cucas.cn//resource/new/images/school/logo/logo_126.png
425,Ningbo University,Japanese Linguistics and Literature,Master,Japanese,"Sep,2023","30,000",No,No,0- 10000,"18,000-40,000",About 4000/year,About 1000/month,https://www.cucas.cn//resource/new/images/school/logo/logo_126.png
426,Ningbo University,Design,Master,English,"Sep,2023","30,000",No,No,0 - 10000,"18,000-40,000",About 4000/year,About 1000/month,https://www.cucas.cn//resource/new/images/school/logo/logo_126.png
427,Ningbo University,English Language and Literature,Master,English,"Sep,2023","30,000",No,No,0 - 10000,"18,000-40,000",About 4000/year,About 1000/month,https://www.cucas.cn//resource/new/images/school/logo/logo_126.png
428,Ningbo University,Design,Master,English,"Sep,2023","30,000",No,No,0- 10000,"18,000-40,000",About 4000/year,About 1000/month,https://www.cucas.cn//resource/new/images/school/logo/logo_126.png
429,Ningbo University,MBA (MIT Ningbo Supply Chain Management)(MNSCM),Master,English,"Sep,2023","30,000",No,No,0- 10000,"18,000-40,000",About 4000/year,About 1000/month,https://www.cucas.cn//resource/new/images/school/logo/logo_126.png
430,Ningbo University,Human Movement Science,Master,English,"Sep,2023","30,000",No,No,0 - 10000,"18,000-40,000",About 4000/year,About 1000/month,https://www.cucas.cn//resource/new/images/school/logo/logo_126.png
431,Ningbo University,Master of Business Administration,Master,English,"Sep,2023","30,000",No,No,0 - 10000,"18,000-40,000",About 4000/year,About 1000/month,https://www.cucas.cn//resource/new/images/school/logo/logo_126.png
432,Ningbo University,Teaching Chinese to Speakers of Other Languages,Master,Chinese,"Sep,2023","30,000",No,No,0- 10000,"18,000-40,000",About 4000/year,About 1000/month,https://www.cucas.cn//resource/new/images/school/logo/logo_126.png
433,Ningbo University,Aquaculture,Master,English,"Sep,2023","30,000",No,No,0- 10000,"18,000-40,000",About 4000/year,About 1000/month,https://www.cucas.cn//resource/new/images/school/logo/logo_126.png
434,Ningbo University,Food Science and Engineering,Master,English,"Sep,2023","30,000",No,No,0- 10000,"18,000-40,000",About 4000/year,About 1000/month,https://www.cucas.cn//resource/new/images/school/logo/logo_126.png
435,Ningbo University,German Linguistics and Literature,Master,German,"Sep,2023","30,000",No,No,0- 10000,"18,000-40,000",About 4000/year,About 1000/month,https://www.cucas.cn//resource/new/images/school/logo/logo_126.png
436,Ningbo University,Law,Master,English,"Sep,2023","30,000",No,No,0- 10000,"18,000-40,000",About 4000/year,About 1000/month,https://www.cucas.cn//resource/new/images/school/logo/logo_126.png
437,Ningbo University,Human Movement Science,Master,English,"Sep,2023","30,000",No,No,0- 10000,"18,000-40,000",About 4000/year,About 1000/month,https://www.cucas.cn//resource/new/images/school/logo/logo_126.png
438,Ningbo University,English Language and Literature,Master,English,"Sep,2023","30,000",No,No,0- 10000,"18,000-40,000",About 4000/year,About 1000/month,https://www.cucas.cn//resource/new/images/school/logo/logo_126.png
439,Ningbo University,Port and Shipping Technology and Management Engineering ,Master,English,"Sep,2023","30,000",No,No,0 - 10000,"18,000-40,000",About 4000/year,About 1000/month,https://www.cucas.cn//resource/new/images/school/logo/logo_1360.png
440,Ningbo University,Music and Dance,Master,English,"Sep,2023","30,000",No,No,0 - 10000,"18,000-40,000",About 4000/year,About 1000/month,https://www.cucas.cn//resource/new/images/school/logo/logo_1360.png
441,Ningbo University,Japanese Linguistics and Literature,Master,Japanese,"Sep,2023","30,000",No,No,0 - 10000,"18,000-40,000",About 4000/year,About 1000/month,https://www.cucas.cn//resource/new/images/school/logo/logo_1360.png
442,Ningbo University,Communication and Information System,Master,English,"Sep,2023","30,000",No,No,0 - 10000,"18,000-40,000",About 4000/year,About 1000/month,https://www.cucas.cn//resource/new/images/school/logo/logo_1360.png
443,Ningbo University,Music and Dance,Master,English,"Sep,2023","30,000",No,No,0- 10000,"18,000-40,000",About 4000/year,About 1000/month,https://www.cucas.cn//resource/new/images/school/logo/logo_1360.png
444,Ningbo University,Port and Shipping Technology and Management Engineering ,Master,English,"Sep,2023","30,000",No,No,0- 10000,"18,000-40,000",About 4000/year,About 1000/month,https://www.cucas.cn//resource/new/images/school/logo/logo_1360.png
445,Ningbo University,Aquaculture,Master,English,"Sep,2023","30,000",No,No,0 - 10000,"18,000-40,000",About 4000/year,About 1000/month,https://www.cucas.cn//resource/new/images/school/logo/logo_1360.png
446,Ningbo University,Communication and Information System,Master,English,"Sep,2023","30,000",No,No,0- 10000,"18,000-40,000",About 4000/year,About 1000/month,https://www.cucas.cn//resource/new/images/school/logo/logo_1360.png
447,Ningbo University,Chinese History,Master,Chinese,"Sep,2023","30,000",No,No,0- 10000,"18,000-40,000",About 4000/year,About 1000/month,https://www.cucas.cn//resource/new/images/school/logo/logo_1360.png
448,Ningbo University,Master of Business Administration,Master,English,"Sep,2023","30,000",No,No,0- 10000,"18,000-40,000",About 4000/year,About 1000/month,https://www.cucas.cn//resource/new/images/school/logo/logo_1360.png
449,Northeast Forestry University,Biology (College of Life Science),Master,Chinese,"Sep,2024",Yes,Yes,No,0-15000 RMB,30000,0-1000/month,1500/month,https://www.cucas.cn//resource/new/images/school/logo/logo_1360.png
450,Northeast Forestry University,Applied Economics,Master,Chinese,"Sep,2024",Yes,Yes,No,0-15000 RMB,30000,0-1000/month,1500/month,https://www.cucas.cn//resource/new/images/school/logo/logo_1360.png
451,Northeast Forestry University,Management Science and Engineering(School of Civil Engineering),Master,Chinese,"Sep,2024",Yes,Yes,No,0-15000 RMB,30000,0-1000/month,1500/month,https://www.cucas.cn//resource/new/images/school/logo/logo_1360.png
452,"School of Economics and Management, Tongji University",MGM-Master of Global Management(Corporate Management),Master,English,"Sep,2024",Yes,No,No,"69,000","79,000",About 3000/month,About 1000/month,https://www.cucas.cn//resource/new/images/school/logo/logo_1360.png
453,Zhejiang A & F University,Urban Management,Master,Chinese,"Sep,2024",30000,No,No,0,"20,000",0,About 700-1500/month,https://www.cucas.cn//resource/new/images/school/logo/logo_1360.png
454,Zhejiang A & F University,Biophysics,Master,Chinese,"Sep,2024",30000,No,No,0,"20,000",0,About 700-1500/month,https://www.cucas.cn//resource/new/images/school/logo/logo_1360.png
455,Zhejiang A & F University,Comprising of Chinese Art and Foreign Art,Master,Chinese,"Sep,2024",30000,No,No,0,"20,000",0,About 700-1500/month,https://www.cucas.cn//resource/new/images/school/logo/logo_1360.png
456,Zhejiang A & F University,Resources Utilization and PlantConservation(Plant Conservation),Master,Chinese,"Sep,2024",30000,No,No,0,"20,000",0,About 700-1500/month,https://www.cucas.cn//resource/new/images/school/logo/logo_1360.png
457,University of Nottingham Ningbo China,MRes Mechanical Engineering,Master,English,"Sep,2024",,No,No,0-,"110,000","Tuition: 110,000 0-110,000","Tuition: 110,000 0-110,000",https://www.cucas.cn//resource/new/images/school/logo/logo_1360.png
458,University of Nottingham Ningbo China,MRes Sustainable Energy and Building Technologies,Master,English,"Sep,2024",,No,No,0-,"110,000","Tuition: 110,000 0-110,000","Tuition: 110,000 0-110,000",https://www.cucas.cn//resource/new/images/school/logo/logo_1360.png
459,University of Nottingham Ningbo China,MRes Environmental Science and Engineering,Master,English,"Sep,2024",,No,No,0-,"110,000","Tuition: 110,000 0-110,000","Tuition: 110,000 0-110,000",https://www.cucas.cn//resource/new/images/school/logo/logo_142.png
460,University of Nottingham Ningbo China,MRes Chemical Engineering and Technology,Master,English,"Sep,2024",,No,No,0-,"110,000","Tuition: 110,000 0-110,000","Tuition: 110,000 0-110,000",https://www.cucas.cn//resource/new/images/school/logo/logo_142.png
461,University of Nottingham Ningbo China,MA Teaching English to Speakers of Other Languages,Master,English,"Sep,2024",,No,No,0-,"110,000","Tuition: 110,000 0-110,000","Tuition: 110,000 0-110,000",https://www.cucas.cn//resource/new/images/school/logo/logo_142.png
462,University of Nottingham Ningbo China,MA International Relations and World History,Master,English,"Sep,2024",,No,No,0-,"110,000","Tuition: 110,000 0-110,000","Tuition: 110,000 0-110,000",https://www.cucas.cn//resource/new/images/school/logo/logo_142.png
463,University of Nottingham Ningbo China,"MA Interpreting and Translation, Mandarin and English",Master,English,"Sep,2024",,No,No,0-,"110,000","Tuition: 110,000 0-110,000","Tuition: 110,000 0-110,000",https://www.cucas.cn//resource/new/images/school/logo/logo_142.png
464,University of Nottingham Ningbo China,MA International Relations and International Business,Master,English,"Sep,2024",,No,No,0-,"110,000","Tuition: 110,000 0-110,000","Tuition: 110,000 0-110,000",https://www.cucas.cn//resource/new/images/school/logo/logo_142.png
465,University of Nottingham Ningbo China,"MSc Finance and Investment (Economics, Money and Finance)",Master,English,"Sep,2024",,No,No,0-,"110,000","Tuition: 110,000 0-110,000","Tuition: 110,000 0-110,000",https://www.cucas.cn//resource/new/images/school/logo/logo_142.png
466,University of Nottingham Ningbo China,MA International Higher Education,Master,English,"Sep,2024",,No,No,0-,"110,000","Tuition: 110,000 0-110,000","Tuition: 110,000 0-110,000",https://www.cucas.cn//resource/new/images/school/logo/logo_142.png
467,University of Nottingham Ningbo China,MA International Communications Studies,Master,English,"Sep,2024",,No,No,0-,"110,000","Tuition: 110,000 0-110,000","Tuition: 110,000 0-110,000",https://www.cucas.cn//resource/new/images/school/logo/logo_142.png
468,University of Nottingham Ningbo China,MA Applied Linguistics,Master,English,"Sep,2024",,No,No,0-,"110,000","Tuition: 110,000 0-110,000","Tuition: 110,000 0-110,000",https://www.cucas.cn//resource/new/images/school/logo/logo_142.png
469,University of Nottingham Ningbo China,MSc Urbanism and Sustainable Environments ,Master,English,"Sep,2024",,No,No,0-,"110,000","Tuition: 110,000 0-110,000","Tuition: 110,000 0-110,000",https://www.cucas.cn//resource/new/images/school/logo/logo_142.png
470,University of Nottingham Ningbo China,MSc International Management (Marketing),Master,English,"Sep,2024",,No,No,0-,"110,000","Tuition: 110,000 0-110,000","Tuition: 110,000 0-110,000",https://www.cucas.cn//resource/new/images/school/logo/logo_142.png
471,University of Nottingham Ningbo China,MSc International Management (Business Analytics),Master,English,"Sep,2024",,No,No,0-,"110,000","Tuition: 110,000 0-110,000","Tuition: 110,000 0-110,000",https://www.cucas.cn//resource/new/images/school/logo/logo_142.png
472,University of Nottingham Ningbo China,MSc International Management,Master,English,"Sep,2024",,No,No,0-,"110,000","Tuition: 110,000 0-110,000","Tuition: 110,000 0-110,000",https://www.cucas.cn//resource/new/images/school/logo/logo_142.png
473,University of Nottingham Ningbo China,MSc International Business,Master,English,"Sep,2024",,No,No,0-,"110,000","Tuition: 110,000 0-110,000","Tuition: 110,000 0-110,000",https://www.cucas.cn//resource/new/images/school/logo/logo_142.png
474,University of Nottingham Ningbo China,MSc Finance and Investment (Professional Accounting),Master,English,"Sep,2024",,No,No,0-,"110,000","Tuition: 110,000 0-110,000","Tuition: 110,000 0-110,000",https://www.cucas.cn//resource/new/images/school/logo/logo_142.png
475,University of Nottingham Ningbo China,MSc Finance and Investment,Master,English,"Sep,2024",,No,No,0-,"110,000","Tuition: 110,000 0-110,000","Tuition: 110,000 0-110,000",https://www.cucas.cn//resource/new/images/school/logo/logo_142.png
476,University of Nottingham Ningbo China,MSc Entrepreneurship and Innovation Management,Master,English,"Sep,2024",,No,No,0-,"110,000","Tuition: 110,000 0-110,000","Tuition: 110,000 0-110,000",https://www.cucas.cn//resource/new/images/school/logo/logo_142.png
477,Zhejiang A & F University,Resources Utilization and Plant Protection(Forest),Master,Chinese,"Sep,2024",30000,No,No,0,"20,000",0,About 700-1500/month,https://www.cucas.cn//resource/new/images/school/logo/logo_142.png
478,Northeast Forestry University,Transportation Engineering(School of Civil Engineering),Master,Chinese,"Sep,2024",Yes,Yes,No,0-15000 RMB,30000,0-1000/month,1500/month,https://www.cucas.cn//resource/new/images/school/logo/logo_142.png
479,Northeast Forestry University,Forestry Engineering(College of Material Science and Engineering),Master,Chinese,"Sep,2024",Yes,Yes,No,0-15000 RMB,30000,0-1000/month,1500/month,https://www.cucas.cn//resource/new/images/school/logo/logo_1319.png
480,Northeast Forestry University,Forestry Engineering,Master,English,"Sep,2024",Yes,Yes,No,0-15000 RMB,30000,0-1000/month,1500/month,https://www.cucas.cn//resource/new/images/school/logo/logo_1319.png
481,Northeast Forestry University,Ecology,Master,English,"Sep,2024",Yes,Yes,No,0-15000 RMB,30000,0-1000/month,1500/month,https://www.cucas.cn//resource/new/images/school/logo/logo_1319.png
482,Northeast Forestry University,Optical Engineering,Master,Chinese,"Sep,2024",Yes,Yes,No,0-15000 RMB,30000,0-1000/month,1500/month,https://www.cucas.cn//resource/new/images/school/logo/logo_1319.png
483,Northeast Forestry University,Mathematics,Master,Chinese,"Sep,2024",Yes,Yes,No,0-15000 RMB,30000,0-1000/month,1500/month,https://www.cucas.cn//resource/new/images/school/logo/logo_1319.png
484,Zhejiang A & F University,Agronomy and Seed Industry(Plants),Master,Chinese,"Sep,2024",30000,No,No,0,"20,000",0,About 700-1500/month,https://www.cucas.cn//resource/new/images/school/logo/logo_1319.png
485,Zhejiang A & F University,Law in Environment and Resources Conservation,Master,Chinese,"Sep,2024",30000,No,No,0,"20,000",0,About 700-1500/month,https://www.cucas.cn//resource/new/images/school/logo/logo_1319.png
486,Zhejiang A & F University,Ecology,Master,Chinese,"Sep,2024",30000,No,No,0,"20,000",0,About 700-1500/month,https://www.cucas.cn//resource/new/images/school/logo/logo_1319.png
487,Zhejiang A & F University,Resources Utilization and PlantConservation(Agricultural Resources Utilization),Master,Chinese,"Sep,2024",30000,No,No,0,"20,000",0,About 700-1500/month,https://www.cucas.cn//resource/new/images/school/logo/logo_1319.png
488,Zhejiang A & F University,Agriculture Management (Management and Service of Agricultural Science and Technology),Master,Chinese,"Sep,2024",30000,No,No,0,"20,000",0,About 700-1500/month,https://www.cucas.cn//resource/new/images/school/logo/logo_1319.png
489,Zhejiang A & F University,Agriculture Engineering and Information Technology(Agricultural Mechanization),Master,Chinese,"Sep,2024",30000,No,No,0,"20,000",0,About 700-1500/month,https://www.cucas.cn//resource/new/images/school/logo/logo_1319.png
490,Zhejiang A & F University,Business English in Agriculture,Master,Chinese,"Sep,2024",30000,No,No,0,"20,000",0,About 700-1500/month,https://www.cucas.cn//resource/new/images/school/logo/logo_1319.png
491,Zhejiang A & F University,Furniture Design and Engineering,Master,Chinese,"Sep,2024",30000,No,No,0,"20,000",0,About 700-1500/month,https://www.cucas.cn//resource/new/images/school/logo/logo_1319.png
492,Zhejiang A & F University,Agriculture and Forest Economics Management,Master,Chinese,"Sep,2024",30000,No,No,0,"20,000",0,About 700-1500/month,https://www.cucas.cn//resource/new/images/school/logo/logo_1319.png
493,Zhejiang A & F University,Agriculture Engineering and Information Technology(Agricultural Informatization),Master,Chinese,"Sep,2024",30000,No,No,0,"20,000",0,About 700-1500/month,https://www.cucas.cn//resource/new/images/school/logo/logo_1319.png
494,Zhongyuan University of Technology,Textile Material and Textiles Design,Master,English,"Sep,2023","20,000",No,No,0,"20,000",2400 (twin room),"Tuition: 20,000 0
Accommodation: 2400 (twin room)",https://www.cucas.cn//resource/new/images/school/logo/logo_1319.png
495,Zhongyuan University of Technology,Computer Science and Technology,Master,English,"Sep,2023","20,000",No,No,0,"20,000",2400 (twin room),"Tuition: 20,000 0
Accommodation: 2400 (twin room)",https://www.cucas.cn//resource/new/images/school/logo/logo_1319.png
496,Zhongyuan University of Technology,Textile Engineering,Master,English,"Sep,2023","20,000",No,No,0,"20,000",2400 (twin room),"Tuition: 20,000 0
Accommodation: 2400 (twin room)",https://www.cucas.cn//resource/new/images/school/logo/logo_1319.png
497,University of Nottingham Ningbo China,MRes Material Science and Engineering,Master,English,"Sep,2024",,No,No,0-,"110,000","Tuition: 110,000 0-110,000","Tuition: 110,000 0-110,000",https://www.cucas.cn//resource/new/images/school/logo/logo_1319.png
498,Northeast Petroleum University,Petroleum Engineering,Master,English,"Aug,2024","4,500 to 13,000",No,No,"0 - 8,500 RMB/Year","13,000","4,500 RMB/Year（double room）","About 1,000-2,000 RMB/month",https://www.cucas.cn//resource/new/images/school/logo/logo_1319.png
499,Zhejiang A & F University,Agricultural Environment Conservation,Master,Chinese,"Sep,2024",30000,No,No,0,"20,000",0,About 700-1500/month,https://www.cucas.cn//resource/new/images/school/logo/logo_159.png
500,Zhejiang A & F University,Research of Marxism Signification,Master,Chinese,"Sep,2024",30000,No,No,0,"20,000",0,About 700-1500/month,https://www.cucas.cn//resource/new/images/school/logo/logo_159.png
501,Zhejiang A & F University,Information Technology of Forestry,Master,Chinese,"Sep,2024",30000,No,No,0,"20,000",0,About 700-1500/month,https://www.cucas.cn//resource/new/images/school/logo/logo_159.png
502,Zhejiang A & F University,Rural Development,Master,Chinese,"Sep,2024",30000,No,No,0,"20,000",0,About 700-1500/month,https://www.cucas.cn//resource/new/images/school/logo/logo_159.png
503,Zhejiang A & F University,Design,Master,Chinese,"Sep,2024",30000,No,No,0,"20,000",0,About 700-1500/month,https://www.cucas.cn//resource/new/images/school/logo/logo_159.png
504,Zhejiang A & F University,Ecological Culture,Master,Chinese,"Sep,2024",30000,No,No,0,"20,000",0,About 700-1500/month,https://www.cucas.cn//resource/new/images/school/logo/logo_159.png
505,Zhejiang A & F University,Land Resources Science,Master,Chinese,"Sep,2024",30000,No,No,0,"20,000",0,About 700-1500/month,https://www.cucas.cn//resource/new/images/school/logo/logo_159.png
506,Zhejiang A & F University,Urban and Rural Tourism Planning and Management,Master,Chinese,"Sep,2024",30000,No,No,0,"20,000",0,About 700-1500/month,https://www.cucas.cn//resource/new/images/school/logo/logo_159.png
507,Zhejiang A & F University,Agricultural Resources and Environment,Master,Chinese,"Sep,2024",30000,No,No,0,"20,000",0,About 700-1500/month,https://www.cucas.cn//resource/new/images/school/logo/logo_159.png
508,Zhejiang A & F University,Agriculture Management,Master,Chinese,"Sep,2024",30000,No,No,0,"20,000",0,About 700-1500/month,https://www.cucas.cn//resource/new/images/school/logo/logo_159.png
509,Zhejiang A & F University,Landscape Plant and Ornamental Horticulture,Master,Chinese,"Sep,2024",30000,No,No,0,"20,000",0,About 700-1500/month,https://www.cucas.cn//resource/new/images/school/logo/logo_159.png
510,Zhejiang A & F University,Architecture,Master,Chinese,"Sep,2024",30000,No,No,0,"20,000",0,About 700-1500/month,https://www.cucas.cn//resource/new/images/school/logo/logo_159.png
511,Zhejiang A & F University,Urban and Rural Planning,Master,Chinese,"Sep,2024",30000,No,No,0,"20,000",0,About 700-1500/month,https://www.cucas.cn//resource/new/images/school/logo/logo_159.png
512,Zhejiang A & F University,Agricultural Engineering and Information Technology(Facility Agriculture),Master,Chinese,"Sep,2024",30000,No,No,0,"20,000",0,About 700-1500/month,https://www.cucas.cn//resource/new/images/school/logo/logo_159.png
513,Zhejiang A & F University,Landscape Architecture,Master,Chinese,"Sep,2024",30000,No,No,0,"20,000",0,About 700-1500/month,https://www.cucas.cn//resource/new/images/school/logo/logo_159.png
514,Zhejiang A & F University,Mechanical Engineering,Master,Chinese,"Sep,2024",30000,No,No,0,"20,000",0,About 700-1500/month,https://www.cucas.cn//resource/new/images/school/logo/logo_159.png
515,Zhejiang A & F University,Industry Design and Introduction,Master,Chinese,"Sep,2024",30000,No,No,0,"20,000",0,About 700-1500/month,https://www.cucas.cn//resource/new/images/school/logo/logo_159.png
516,Zhejiang A & F University,Biomass Energy and Materials,Master,Chinese,"Sep,2024",30000,No,No,0,"20,000",0,About 700-1500/month,https://www.cucas.cn//resource/new/images/school/logo/logo_159.png
517,Zhejiang A & F University,Cultivation and Utilization of Bamboo Forest,Master,Chinese,"Sep,2024",30000,No,No,0,"20,000",0,About 700-1500/month,https://www.cucas.cn//resource/new/images/school/logo/logo_159.png
518,Zhejiang A & F University,Forest Conservation,Master,Chinese,"Sep,2024",30000,No,No,0,"20,000",0,About 700-1500/month,https://www.cucas.cn//resource/new/images/school/logo/logo_159.png
519,Zhejiang A & F University,Forest Genetic Breeding,Master,Chinese,"Sep,2024",30000,No,No,0,"20,000",0,About 700-1500/month,https://www.cucas.cn//resource/new/images/school/logo/logo_142.png
520,Zhejiang A & F University,Wildlife conservation and utilization,Master,Chinese,"Sep,2024",30000,No,No,0,"20,000",0,About 700-1500/month,https://www.cucas.cn//resource/new/images/school/logo/logo_142.png
521,Zhejiang A & F University,"Soil, Water Conservation and Desertification Prevention",Master,Chinese,"Sep,2024",30000,No,No,0,"20,000",0,About 700-1500/month,https://www.cucas.cn//resource/new/images/school/logo/logo_142.png
522,Zhejiang A & F University,Developmental biology,Master,Chinese,"Sep,2024",30000,No,No,0,"20,000",0,About 700-1500/month,https://www.cucas.cn//resource/new/images/school/logo/logo_142.png
523,Zhejiang A & F University,Chemical Biology,Master,Chinese,"Sep,2024",30000,No,No,0,"20,000",0,About 700-1500/month,https://www.cucas.cn//resource/new/images/school/logo/logo_142.png
524,Zhejiang A & F University,Biotechnology and Molecular Biology,Master,Chinese,"Sep,2024",30000,No,No,0,"20,000",0,About 700-1500/month,https://www.cucas.cn//resource/new/images/school/logo/logo_142.png
525,Zhejiang A & F University,Genetics,Master,Chinese,"Sep,2024",30000,No,No,0,"20,000",0,About 700-1500/month,https://www.cucas.cn//resource/new/images/school/logo/logo_142.png
526,Zhejiang A & F University,Microbiology,Master,Chinese,"Sep,2024",30000,No,No,0,"20,000",0,About 700-1500/month,https://www.cucas.cn//resource/new/images/school/logo/logo_142.png
527,Zhejiang A & F University,Botany,Master,Chinese,"Sep,2024",30000,No,No,0,"20,000",0,About 700-1500/month,https://www.cucas.cn//resource/new/images/school/logo/logo_142.png
528,Zhejiang A & F University,Food processing and safety,Master,Chinese,"Sep,2024",30000,No,No,0,"20,000",0,About 700-1500/month,https://www.cucas.cn//resource/new/images/school/logo/logo_142.png
529,Zhejiang A & F University,Forest Management,Master,Chinese,"Sep,2024",30000,No,No,0,"20,000",0,About 700-1500/month,https://www.cucas.cn//resource/new/images/school/logo/logo_142.png
530,Zhejiang A & F University,Chemical Processing Engineering of Forest Industry,Master,Chinese,"Sep,2024",30000,No,No,0,"20,000",0,About 700-1500/month,https://www.cucas.cn//resource/new/images/school/logo/logo_142.png
531,Zhejiang A & F University,Farming,Master,Chinese,"Sep,2024",30000,No,No,0,"20,000",0,About 700-1500/month,https://www.cucas.cn//resource/new/images/school/logo/logo_142.png
532,Zhejiang A & F University,Zoology,Master,Chinese,"Sep,2024",30000,No,No,0,"20,000",0,About 700-1500/month,https://www.cucas.cn//resource/new/images/school/logo/logo_142.png
533,Zhejiang A & F University,Forest Engineering,Master,Chinese,"Sep,2024",30000,No,No,0,"20,000",0,About 700-1500/month,https://www.cucas.cn//resource/new/images/school/logo/logo_142.png
534,Zhejiang A & F University,Wood Science and Technology,Master,Chinese,"Sep,2024",30000,No,No,0,"20,000",0,About 700-1500/month,https://www.cucas.cn//resource/new/images/school/logo/logo_142.png
535,Northeast Forestry University,Information and Communication Engineering,Master,Chinese,"Sep,2024",Yes,Yes,No,0-15000 RMB,30000,0-1000/month,1500/month,https://www.cucas.cn//resource/new/images/school/logo/logo_142.png
536,Northeast Forestry University,Computer Science and Technology,Master,Chinese,"Sep,2024",Yes,Yes,No,0-15000 RMB,30000,0-1000/month,1500/month,https://www.cucas.cn//resource/new/images/school/logo/logo_142.png
537,Northeast Forestry University,Foreign Languages and Literature,Master,Chinese,"Sep,2024",Yes,Yes,No,0-15000 RMB,30000,0-1000/month,1500/month,https://www.cucas.cn//resource/new/images/school/logo/logo_142.png
538,Northeast Forestry University,Transportation Engineering(College of Traffic and Transportation),Master,Chinese,"Sep,2024",Yes,Yes,No,0-15000 RMB,30000,0-1000/month,1500/month,https://www.cucas.cn//resource/new/images/school/logo/logo_142.png
539,Northeast Forestry University,Law,Master,Chinese,"Sep,2024",Yes,Yes,No,0-15000 RMB,30000,0-1000/month,1500/month,https://www.cucas.cn//resource/new/images/school/logo/logo_142.png
540,Northeast Forestry University,Control Science and Engineering,Master,Chinese,"Sep,2024",Yes,Yes,No,0-15000 RMB,30000,0-1000/month,1500/month,https://www.cucas.cn//resource/new/images/school/logo/logo_142.png
541,Northeast Forestry University,Civil Engineering,Master,Chinese,"Sep,2024",Yes,Yes,No,0-15000 RMB,30000,0-1000/month,1500/month,https://www.cucas.cn//resource/new/images/school/logo/logo_142.png
542,Northeast Forestry University,Mechanical Engineering,Master,Chinese,"Sep,2024",Yes,Yes,No,0-15000 RMB,30000,0-1000/month,1500/month,https://www.cucas.cn//resource/new/images/school/logo/logo_142.png
543,Northeast Forestry University,Forestry Engineering(College of Engineering and Technology),Master,Chinese,"Sep,2024",Yes,Yes,No,0-15000 RMB,30000,0-1000/month,1500/month,https://www.cucas.cn//resource/new/images/school/logo/logo_142.png
544,Northeast Forestry University,Design Science,Master,Chinese,"Sep,2024",Yes,Yes,No,0-15000 RMB,30000,0-1000/month,1500/month,https://www.cucas.cn//resource/new/images/school/logo/logo_142.png
545,Northeast Forestry University,Management Science and Engineering(College of Engineering and Technology),Master,Chinese,"Sep,2024",Yes,Yes,No,0-15000 RMB,30000,0-1000/month,1500/month,https://www.cucas.cn//resource/new/images/school/logo/logo_142.png
546,Northeast Forestry University,Public Administration,Master,Chinese,"Sep,2024",Yes,Yes,No,0-15000 RMB,30000,0-1000/month,1500/month,https://www.cucas.cn//resource/new/images/school/logo/logo_142.png
547,Northeast Forestry University,Agricultural and Forestry Economics and Management,Master,Chinese,"Sep,2024",Yes,Yes,No,0-15000 RMB,30000,0-1000/month,1500/month,https://www.cucas.cn//resource/new/images/school/logo/logo_142.png
548,Northeast Forestry University,Business Administration,Master,Chinese,"Sep,2024",Yes,Yes,No,0-15000 RMB,30000,0-1000/month,1500/month,https://www.cucas.cn//resource/new/images/school/logo/logo_142.png
549,Northeast Forestry University,Chemistry,Master,Chinese,"Sep,2024",Yes,Yes,No,0-15000 RMB,30000,0-1000/month,1500/month,https://www.cucas.cn//resource/new/images/school/logo/logo_142.png
550,Northeast Forestry University,Pharmacy,Master,Chinese,"Sep,2024",Yes,Yes,No,0-15000 RMB,30000,0-1000/month,1500/month,https://www.cucas.cn//resource/new/images/school/logo/logo_142.png
551,Northeast Forestry University,Urban and Rural Planning,Master,Chinese,"Sep,2024",Yes,Yes,No,0-15000 RMB,30000,0-1000/month,1500/month,https://www.cucas.cn//resource/new/images/school/logo/logo_142.png
552,Northeast Forestry University,Animal Husbandry,Master,Chinese,"Sep,2024",Yes,Yes,No,0-15000 RMB,30000,0-1000/month,1500/month,https://www.cucas.cn//resource/new/images/school/logo/logo_142.png
553,Northeast Forestry University,Biology (College of Chemistry Chemical Engeering and Recource Utilization),Master,Chinese,"Sep,2024",Yes,Yes,No,0-15000 RMB,30000,0-1000/month,1500/month,https://www.cucas.cn//resource/new/images/school/logo/logo_142.png
554,Northeast Forestry University,Landscape Architecture,Master,Chinese,"Sep,2024",Yes,Yes,No,0-15000 RMB,30000,0-1000/month,1500/month,https://www.cucas.cn//resource/new/images/school/logo/logo_142.png
555,Northeast Forestry University,Biology,Master,English,"Sep,2024",Yes,Yes,No,0-15000 RMB,30000,0-1000/month,1500/month,https://www.cucas.cn//resource/new/images/school/logo/logo_142.png
556,Northeast Forestry University,Applied Economics,Master,English,"Sep,2024",Yes,Yes,No,0-15000 RMB,30000,0-1000/month,1500/month,https://www.cucas.cn//resource/new/images/school/logo/logo_142.png
557,Northeast Forestry University,Marxist Theory,Master,Chinese,"Sep,2024",Yes,Yes,No,0-15000 RMB,30000,0-1000/month,1500/month,https://www.cucas.cn//resource/new/images/school/logo/logo_142.png
558,Northeast Forestry University,Forestry,Master,English,"Sep,2024",Yes,Yes,No,0-15000 RMB,30000,0-1000/month,1500/month,https://www.cucas.cn//resource/new/images/school/logo/logo_142.png
559,Northeast Forestry University,Food Science and Engineering,Master,English,"Sep,2024",Yes,Yes,No,0-15000 RMB,30000,0-1000/month,1500/month,https://www.cucas.cn//resource/new/images/school/logo/logo_1360.png
560,Northeast Forestry University,Environmental Science and Engineering,Master,English,"Sep,2024",Yes,Yes,No,0-15000 RMB,30000,0-1000/month,1500/month,https://www.cucas.cn//resource/new/images/school/logo/logo_1360.png
561,Northeast Forestry University,Ecology (College of Wildlife and Protected Area),Master,Chinese,"Sep,2024",Yes,Yes,No,0-15000 RMB,30000,0-1000/month,1500/month,https://www.cucas.cn//resource/new/images/school/logo/logo_1360.png
562,Northeast Forestry University,Ecology (School of Forestry),Master,Chinese,"Sep,2024",Yes,Yes,No,0-15000 RMB,30000,0-1000/month,1500/month,https://www.cucas.cn//resource/new/images/school/logo/logo_1360.png
563,Northeast Forestry University,Environmental Science and Engineering,Master,Chinese,"Sep,2024",Yes,Yes,No,0-15000 RMB,30000,0-1000/month,1500/month,https://www.cucas.cn//resource/new/images/school/logo/logo_1360.png
564,Northeast Forestry University,Food Science and Engineering,Master,Chinese,"Sep,2024",Yes,Yes,No,0-15000 RMB,30000,0-1000/month,1500/month,https://www.cucas.cn//resource/new/images/school/logo/logo_1360.png
565,Northeast Forestry University,Forestry (College of Wildlife and Protected Area),Master,Chinese,"Sep,2024",Yes,Yes,No,0-15000 RMB,30000,0-1000/month,1500/month,https://www.cucas.cn//resource/new/images/school/logo/logo_1360.png
566,Northeast Forestry University,Forestry (School of Forestry),Master,Chinese,"Sep,2024",Yes,Yes,No,0-15000 RMB,30000,0-1000/month,1500/month,https://www.cucas.cn//resource/new/images/school/logo/logo_1360.png
567,Northeast Petroleum University,Oil-Gas Storage and Transportation Engineering,Master,English,"Aug,2024","4,500 to 13,000",No,No,"0 - 8,500 RMB/Year","13,000","4,500 RMB/Year（double room）","About 1,000-2,000 RMB/month",https://www.cucas.cn//resource/new/images/school/logo/logo_1360.png
568,Zhejiang A & F University,Silviculture,Master,Chinese,"Sep,2024",30000,No,No,0,"20,000",0,About 700-1500/month,https://www.cucas.cn//resource/new/images/school/logo/logo_1360.png
569,Zhongyuan University of Technology,Materials Science and Engineering,Master,English,"Sep,2023","20,000",No,No,0,"20,000",2400 (twin room),"Tuition: 20,000 0
Accommodation: 2400 (twin room)",https://www.cucas.cn//resource/new/images/school/logo/logo_1360.png
570,Zhongyuan University of Technology,Textile Chemistry and Dyeing and Finishing Engineering,Master,English,"Sep,2023","20,000",No,No,0,"20,000",2400 (twin room),"Tuition: 20,000 0
Accommodation: 2400 (twin room)",https://www.cucas.cn//resource/new/images/school/logo/logo_1360.png
571,University of Nottingham Ningbo China,MSc International Business (Supply Chain Management),Master,English,"Sep,2024",,No,No,0-,"110,000","Tuition: 110,000 0-110,000","Tuition: 110,000 0-110,000",https://www.cucas.cn//resource/new/images/school/logo/logo_1360.png
572,Ningbo University,Mechanics,Phd,English,"Sep,2023","30,000",No,No,0,"20,000-30,000",About 4000/year,About 1000/month,https://www.cucas.cn//resource/new/images/school/logo/logo_126.png
573,Ningbo University,Human Movement Science,Phd,English,"Sep,2023","30,000",No,No,0,"20,000-30,000",About 4000/year,About 1000/month,https://www.cucas.cn//resource/new/images/school/logo/logo_126.png
574,Ningbo University,Clinical Medicine,Phd,Chinese,"Sep,2023","30,000",No,No,0,"20,000-30,000",About 4000/year,About 1000/month,https://www.cucas.cn//resource/new/images/school/logo/logo_126.png
575,Ningbo University,Communications and Information System,Phd,English,"Sep,2023","30,000",No,No,0,"20,000-30,000",About 4000/year,About 1000/month,https://www.cucas.cn//resource/new/images/school/logo/logo_126.png
576,Ningbo University,Bioprospecting of Aquatic Resources,Phd,English,"Sep,2023","30,000",No,No,0,"20,000-30,000",About 4000/year,About 1000/month,https://www.cucas.cn//resource/new/images/school/logo/logo_126.png
577,Ningbo University,Micro-Nano Electronics and Integrated Circuits,Phd,English,"Sep,2023","30,000",No,No,0,"20,000-30,000",About 4000/year,About 1000/month,https://www.cucas.cn//resource/new/images/school/logo/logo_126.png
578,Ningbo University,Clinical Medicine,Phd,Chinese,"Sep,2023","30,000",No,No,0,"20,000-300,00",About 4000/year,About 1000/month,https://www.cucas.cn//resource/new/images/school/logo/logo_126.png
579,Ningbo University,Offshore Engineering and Dynamics,Phd,English,"Sep,2023","30,000",No,No,0,"20,000-300,00",About 4000/year,About 1000/month,https://www.cucas.cn//resource/new/images/school/logo/logo_126.png
580,Ningbo University,Mechanics,Phd,English,"Sep,2023","30,000",No,No,0,"20,000-300,00",About 4000/year,About 1000/month,https://www.cucas.cn//resource/new/images/school/logo/logo_126.png
581,Ningbo University,Physical Electronics,Phd,English,"Sep,2023","30,000",No,No,0,"20,000-300,00",About 4000/year,About 1000/month,https://www.cucas.cn//resource/new/images/school/logo/logo_126.png
582,Ningbo University,Communications and Information System,Phd,English,"Sep,2023","30,000",No,No,0,"20,000-300,00",About 4000/year,About 1000/month,https://www.cucas.cn//resource/new/images/school/logo/logo_126.png
583,Ningbo University,Bioprospecting of Aquatic Resources,Phd,English,"Sep,2023","30,000",No,No,0,"20,000-300,00",About 4000/year,About 1000/month,https://www.cucas.cn//resource/new/images/school/logo/logo_126.png
584,Ningbo University,Physical Electronics,Phd,English,"Sep,2023","30,000",No,No,0,"20,000-30,000",About 4000/year,About 1000/month,https://www.cucas.cn//resource/new/images/school/logo/logo_126.png
585,Ningbo University,Aquaculture,Phd,English,"Sep,2023","30,000",No,No,0,"20,000-30,000",About 4000/year,About 1000/month,https://www.cucas.cn//resource/new/images/school/logo/logo_126.png
586,Ningbo University,Fishery Facilities and Equipment,Phd,English,"Sep,2023","30,000",No,No,0,"20,000-30,000",About 4000/year,About 1000/month,https://www.cucas.cn//resource/new/images/school/logo/logo_126.png
587,Ningbo University,Human Movement Science,Phd,English,"Sep,2023","30,000",No,No,0,"20,000-300,00",About 4000/year,About 1000/month,https://www.cucas.cn//resource/new/images/school/logo/logo_126.png
588,Ningbo University,Offshore Engineering and Dynamics,Phd,English,"Sep,2023","30,000",No,No,0,"20,000-30,000",About 4000/year,About 1000/month,https://www.cucas.cn//resource/new/images/school/logo/logo_126.png
589,Ningbo University,Micro-Nano Electronics and Integrated Circuits,Phd,English,"Sep,2023","30,000",No,No,0,"20,000-300,00",About 4000/year,About 1000/month,https://www.cucas.cn//resource/new/images/school/logo/logo_126.png
590,Ningbo University,Fishery Facilities and Equipment,Phd,English,"Sep,2023","30,000",No,No,0,"20,000-300,00",About 4000/year,About 1000/month,https://www.cucas.cn//resource/new/images/school/logo/logo_126.png
591,Ningbo University,Aquaculture,Phd,English,"Sep,2023","30,000",No,No,0,"20,000-300,00",About 4000/year,About 1000/month,https://www.cucas.cn//resource/new/images/school/logo/logo_126.png
592,Zhejiang Gongshang University,Food Science and Engineering(Processing and Preservation of Agricultural Products),Phd,Chinese,"Sep,2024",Yes,Yes,Yes,"0 - 5,000","30,000-36,000",250-1100/month 0,about 1000/month,https://www.cucas.cn//resource/new/images/school/logo/logo_142.png
593,Zhejiang Gongshang University,Food Science and Engineering(Food Biotechnology),Phd,Chinese,"Sep,2024",Yes,Yes,Yes,"0 - 5,000","30,000-36,000",250-1100/month 0,about 1000/month,https://www.cucas.cn//resource/new/images/school/logo/logo_142.png
594,Zhejiang Gongshang University,Food Science and Engineering(Processing and Preservation of Aquatic Products),Phd,Chinese,"Sep,2024",Yes,Yes,Yes,"0 - 5,000","30,000-36,000",250-1100/month 0,about 1000/month,https://www.cucas.cn//resource/new/images/school/logo/logo_142.png
595,Zhejiang Gongshang University,Food Science and Engineering(Food Nutrition: Food Science and Nutrition),Phd,Chinese,"Sep,2024",Yes,Yes,Yes,"0 - 5,000","30,000-36,000",250-1100/month 0,about 1000/month,https://www.cucas.cn//resource/new/images/school/logo/logo_142.png
596,Zhejiang Gongshang University,Food Science and Engineering(Food Safety: Food Quality and Safety),Phd,Chinese,"Sep,2024",Yes,Yes,Yes,"0 - 5,000","30,000-36,000",250-1100/month 0,about 1000/month,https://www.cucas.cn//resource/new/images/school/logo/logo_142.png
597,Zhejiang Gongshang University,Linguistics and Applied Linguistics in Foreign Languages,Phd,English,"Sep,2024",Yes,Yes,Yes,"0 - 5,000","30,000-36,000",250-1100/month 0,about 1000/month,https://www.cucas.cn//resource/new/images/school/logo/logo_142.png
598,Zhejiang Gongshang University,International Law,Phd,English,"Sep,2024",Yes,Yes,Yes,"0 - 5,000","30,000-36,000",250-1100/month 0,about 1000/month,https://www.cucas.cn//resource/new/images/school/logo/logo_142.png
599,Zhejiang Gongshang University,"Financial Statistics, Risk Management and Insurance Actuarial",Phd,English,"Sep,2024",Yes,Yes,Yes,"0 - 5,000","30,000-36,000",250-1100/month 0,about 1000/month,https://www.cucas.cn//resource/new/images/school/logo/logo_142.png
600,Zhejiang Gongshang University,Accounting,Phd,English,"Sep,2024",Yes,Yes,Yes,"0 - 5,000","30,000-36,000",250-1100/month 0,about 1000/month,https://www.cucas.cn//resource/new/images/school/logo/logo_142.png
601,Zhejiang Gongshang University,Business Administration,Phd,English,"Sep,2024",Yes,Yes,Yes,"0 - 5,000","30,000-36,000",250-1100/month 0,about 1000/month,https://www.cucas.cn//resource/new/images/school/logo/logo_142.png
602,Zhejiang Gongshang University,Food Science and Engineering(Food Biotechnology),Phd,English,"Sep,2024",Yes,Yes,Yes,"0 - 5,000","30,000-36,000",250-1100/month 0,about 1000/month,https://www.cucas.cn//resource/new/images/school/logo/logo_142.png
603,Zhejiang Gongshang University, Linguistics and Applied Linguistics in Foreign Languages,Phd,Chinese,"Sep,2024",Yes,Yes,Yes,"0 - 5,000","30,000-36,000",250-1100/month 0,about 1000/month,https://www.cucas.cn//resource/new/images/school/logo/logo_142.png
604,Zhejiang Gongshang University,Food Science and Engineering(Food Nutrition: Food Science and Nutrition),Phd,English,"Sep,2024",Yes,Yes,Yes,"0 - 5,000","30,000-36,000",250-1100/month 0,about 1000/month,https://www.cucas.cn//resource/new/images/school/logo/logo_142.png
605,Zhejiang Gongshang University,Food Science and Engineering(Food Safety: Food Quality and Safety),Phd,English,"Sep,2024",Yes,Yes,Yes,"0 - 5,000","30,000-36,000",250-1100/month 0,about 1000/month,https://www.cucas.cn//resource/new/images/school/logo/logo_142.png
606,Zhejiang Gongshang University,Food Science and Engineering(Processing and Preservation of Agricultural Products),Phd,English,"Sep,2024",Yes,Yes,Yes,"0 - 5,000","30,000-36,000",250-1100/month 0,about 1000/month,https://www.cucas.cn//resource/new/images/school/logo/logo_142.png
607,Zhejiang Gongshang University,Food Science and Engineering(Processing and Preservation of Aquatic Products),Phd,English,"Sep,2024",Yes,Yes,Yes,"0 - 5,000","30,000-36,000",250-1100/month 0,about 1000/month,https://www.cucas.cn//resource/new/images/school/logo/logo_142.png
608,Northeast Forestry University,Biology (College of Life Science),Phd,Chinese,"Sep,2024",Yes,Yes,No,0 -19000RMB,38000,0-1000/month,1500/month,https://www.cucas.cn//resource/new/images/school/logo/logo_142.png
609,Northeast Forestry University,Ecology (School of Forestry),Phd,Chinese,"Sep,2024",Yes,Yes,No,0 -19000RMB,38000,0-1000/month,1500/month,https://www.cucas.cn//resource/new/images/school/logo/logo_142.png
610,Northeast Forestry University,Forestry Engineering,Phd,English,"Sep,2024",Yes,Yes,No,0 -19000RMB,38000,0-1000/month,1500/month,https://www.cucas.cn//resource/new/images/school/logo/logo_142.png
611,Northeast Forestry University,Forestry (School of Forestry),Phd,Chinese,"Sep,2024",Yes,Yes,No,0 -19000RMB,38000,0-1000/month,1500/month,https://www.cucas.cn//resource/new/images/school/logo/logo_142.png
612,Northeast Forestry University,Traffic Engineering,Phd,Chinese,"Sep,2024",Yes,Yes,No,0 -19000RMB,38000,0-1000/month,1500/month,https://www.cucas.cn//resource/new/images/school/logo/logo_142.png
613,Northeast Forestry University,Forestry Engineering(College of Mechanical and Electrical Engineering),Phd,Chinese,"Sep,2024",Yes,Yes,No,0 -19000RMB,38000,0-1000/month,1500/month,https://www.cucas.cn//resource/new/images/school/logo/logo_142.png
614,Northeast Forestry University,Marxist Theory,Phd,Chinese,"Sep,2024",Yes,Yes,No,0 -19000RMB,38000,0-1000/month,1500/month,https://www.cucas.cn//resource/new/images/school/logo/logo_142.png
615,Northeast Forestry University,Forestry Engineering(College of Information and Computer Engineering),Phd,Chinese,"Sep,2024",Yes,Yes,No,0 -19000RMB,38000,0-1000/month,1500/month,https://www.cucas.cn//resource/new/images/school/logo/logo_142.png
616,Northeast Forestry University,Forestry Engineering(College of Material Science and Engineering),Phd,Chinese,"Sep,2024",Yes,Yes,No,0 -19000RMB,38000,0-1000/month,1500/month,https://www.cucas.cn//resource/new/images/school/logo/logo_142.png
617,Northeast Forestry University,Transportation Engineering,Phd,Chinese,"Sep,2024",Yes,Yes,No,0 -19000RMB,38000,0-1000/month,1500/month,https://www.cucas.cn//resource/new/images/school/logo/logo_142.png
618,Northeast Forestry University,Mechanical Engineering,Phd,Chinese,"Sep,2024",Yes,Yes,No,0 -19000RMB,38000,0-1000/month,1500/month,https://www.cucas.cn//resource/new/images/school/logo/logo_142.png
619,Northeast Forestry University,Agricultural and Forestry Economics and Management,Phd,Chinese,"Sep,2024",Yes,Yes,No,0 -19000RMB,38000,0-1000/month,1500/month,https://www.cucas.cn//resource/new/images/school/logo/logo_142.png
620,Northeast Forestry University,Forestry Engineering(College of Engineering and Technology),Phd,Chinese,"Sep,2024",Yes,Yes,No,0 -19000RMB,38000,0-1000/month,1500/month,https://www.cucas.cn//resource/new/images/school/logo/logo_142.png
621,Northeast Forestry University,Biology (College of Chemistry Chemical Engeering and Recource Utilization),Phd,Chinese,"Sep,2024",Yes,Yes,No,0 -19000RMB,38000,0-1000/month,1500/month,https://www.cucas.cn//resource/new/images/school/logo/logo_142.png
622,Northeast Forestry University,Biology,Phd,English,"Sep,2024",Yes,Yes,No,0 -19000RMB,38000,0-1000/month,1500/month,https://www.cucas.cn//resource/new/images/school/logo/logo_142.png
623,Northeast Forestry University,Forestry(College of Wildlife and Protected Area),Phd,Chinese,"Sep,2024",Yes,Yes,No,0 -19000RMB,38000,0-1000/month,1500/month,https://www.cucas.cn//resource/new/images/school/logo/logo_142.png
624,Northeast Forestry University,Landscape Architecture,Phd,Chinese,"Sep,2024",Yes,Yes,No,0 -19000RMB,38000,0-1000/month,1500/month,https://www.cucas.cn//resource/new/images/school/logo/logo_142.png
625,Northeast Forestry University,Forestry,Phd,English,"Sep,2024",Yes,Yes,No,0 -19000RMB,38000,0-1000/month,1500/month,https://www.cucas.cn//resource/new/images/school/logo/logo_142.png
626,Northeast Forestry University,Ecology,Phd,English,"Sep,2024",Yes,Yes,No,0 -19000RMB,38000,0-1000/month,1500/month,https://www.cucas.cn//resource/new/images/school/logo/logo_142.png
627,Northeast Forestry University,Ecology (College of Wildlife and Protected Area),Phd,Chinese,"Sep,2024",Yes,Yes,No,0 -19000RMB,38000,0-1000/month,1500/month,https://www.cucas.cn//resource/new/images/school/logo/logo_142.png
628,Northeast Forestry University,Chemistry,Phd,Chinese,"Sep,2024",Yes,Yes,No,0 -19000RMB,38000,0-1000/month,1500/month,https://www.cucas.cn//resource/new/images/school/logo/logo_142.png
629,SIAS University,Summer Camp,Non-Degree,Chinese,"Oct,2023",14900,No,No,5000,14900,Depends.,1000/month,https://www.cucas.cn//resource/new/images/school/logo/logo_1069.png
630,SIAS University,Summer Camp,Non-Degree,Chinese,"Jul,2024",14900,No,No,5000,14900,Depends.,1000/month,https://www.cucas.cn//resource/new/images/school/logo/logo_1069.png
631,SIAS University,Chinese Language and Cultural Program,Non-Degree,Chinese,"Aug,2023",14900,No,No,5000,14900,Depends.,1000/month,https://www.cucas.cn//resource/new/images/school/logo/logo_1069.png
632,Beijing Chinese Language and Culture College,Chinese Language Class,Non-Degree,Chinese,"Sep,2023",1000-5000,No,No,2600-7600,"9,600",About 1700/month,About 1000/month,https://www.cucas.cn//resource/new/images/school/logo/logo_1069.png
633,Ningbo University,Chinese Language Program,Non-Degree,Chinese,"Sep,2023","6,000",No,No,10000,16000,About 4000/year,About 1000/month,https://www.cucas.cn//resource/new/images/school/logo/logo_1069.png
634,Sanquan Medical College,Chinese Language Program,Non-Degree,Chinese,"Sep,2023",10000,No,No,5000,10000,4500RMB/Year,1000RMB/Mont,https://www.cucas.cn//resource/new/images/school/logo/logo_1069.png
635,Sanquan Medical College,Chinese Language Program,Non-Degree,Chinese,"Mar,2024",10000,No,No,5000,10000,4500RMB/Year,1000RMB/Mont,https://www.cucas.cn//resource/new/images/school/logo/logo_1069.png
636,Xi'an Shiyou University,Chinese Language Program,Non-Degree,Chinese,"Sep,2023",6000,No,No,6000,12000,7500,"around 1000/month, depends on yourself",https://www.cucas.cn//resource/new/images/school/logo/logo_1069.png
637,Shandong University of Traditional Chinese Medicine,TCM Chinese Language Program,Non-Degree,Chinese,"Sep,2023",7500,No,No,0,7500,2000-4000/semester,1500/mont,https://www.cucas.cn//resource/new/images/school/logo/logo_1069.png
638,Northeast Petroleum University,Long-term Chinese Program,Non-Degree,Chinese,"Aug,2024","4,500 to 9,000",No,No,"0 - 4,500 RMB","9,000","4,500 RMB/year for double room","1,000-2,000RMB/Month",https://www.cucas.cn//resource/new/images/school/logo/logo_1069.png
639,Shenyang University of Chemical Technology,Chinese Language Programs,Non-Degree,Chinese,"Sep,2023","4,000",No,No,8000,"12,000",6000RMB/year for double room,2000RMB around /Month,https://www.cucas.cn//resource/new/images/school/logo/logo_1069.png
640,Shenyang University of Chemical Technology,Chinese Language Programs,Non-Degree,Chinese,"Mar,2024","4,000",No,No,8000,"12,000",6000RMB/year for double room,2000RMB around /Month,https://www.cucas.cn//resource/new/images/school/logo/logo_1069.png
