status	title	slug	provider	url	host	http	pageTitle	reason
WARN	The Bicentennial Swedish-American Exchange Fund	the-bicentennial-swedish-american-exchange-fund-se	The Bicentennial Swedish-American Exchange Fund	https://1976fund.org/	1976fund.org	200	1976 års fond &#8211; sweamfo	title match 0/4
WARN	NSF Accelerated AI Algorithms for Data-Driven Discovery Institute Postbaccalaureate Fellowship Program	nsf-accelerated-ai-algorithms-for-data-driven-discovery-institute-postbaccalaureate-fellowship-program	California Institute of Technology	https://a3d3.ai/jobs.html	a3d3.ai	200	Careers - A3D3	title match 0/8
WARN	NSF Accelerated AI Algorithms for Data-Driven Discovery Institute Postbaccalaureate Fellowship Program	nsf-accelerated-ai-algorithms-for-data-driven-discovery-institute-postbaccalaureate-fellowship-program-thmsdata	Duke University	https://a3d3.ai/jobs.html	a3d3.ai	200	Careers - A3D3	title match 0/8
FAIL	Macgeorge Fellowships at The University of Melbourne 2026	macgeorge-fellowships-at-the-university-of-melbourne-2026	University of Melbourne	https://about.unimelb.edu.au/strategy/governance/macgeorge/macgeorge#:~:text=Macgeorge%20Fellowships%20are%20open%20to,%2C%20history%2C%20philosophy%20and%20anthropology.	about.unimelb.edu.au	403		HTTP 403
FAIL	MBA Scholarships at Columbia Business School 2026	mba-scholarships-at-columbia-business-school-2026	Columbia Business school (Columbia University)	https://academics.business.columbia.edu/mba/tuition-financial-aid/mba-scholarships	academics.business.columbia.edu	403		HTTP 403
FAIL	Summer Undergraduate Research or Internship Experience in Acoustics (SURIEA)	summer-undergraduate-research-or-internship-experience-in-acoustics-suriea	Acoustical Society of America	https://acousticalsociety.org/suriea/	acousticalsociety.org	403		HTTP 403
WARN	SKKU International Student Scholarships	skku-international-student-scholarships-kr	Sungkyunkwan University (SKKU)	https://admission-global.skku.edu/eng/grad/scholarship_undergrad.html	admission-global.skku.edu	200	SUNG KYUN KWAN UNIVERSITY(SKKU)	title match 0/3
WARN	China University Of Geosciences International Freshman Scholarship 2025	china-university-of-geosciences-international-freshman-scholarship-2025	China Scholarship Council (CSC)	http://admission.cug.edu.cn/member/login.do	admission.cug.edu.cn	200	Online Service Platform for International Students	title match 1/6
WARN	Financial Aid at Princeton University 2026	financial-aid-at-princeton-university-2026	Princeton University	https://admission.princeton.edu/how-apply/international-students	admission.princeton.edu	200	International Students | Princeton Admission	title match 1/3
FAIL	Southwestern University Of Finance And Economics President&#039;s Scholarship 2025	southwestern-university-of-finance-and-economics-president-039-s-scholarship-2025	China Scholarship Council (CSC)	http://admission.swufe.edu.cn/member/login.do	admission.swufe.edu.cn	500		HTTP 500
WARN	Mayoral Scholars Program at Tulane University 2025	mayoral-scholars-program-at-tulane-university-2025	Tulane University	https://admission.tulane.edu/tuition-aid/louisiana-residents	admission.tulane.edu	200	Financial Aid for Louisiana Residents	title match 0/5
WARN	Sub-Saharan Africa Leadership Award at Tulane University 2026	sub-saharan-africa-leadership-award-at-tulane-university-2026	Tulane University	https://admission.tulane.edu/tuition-aid	admission.tulane.edu	200	Tuition &amp; Aid | Tulane Office of Admission	title match 1/6
WARN	University of Southern California USC Merit Scholarships 2026	university-of-southern-california-usc-merit-scholarships-2026	University of Southern California (USC)	https://admission.usc.edu/apply/scholarships/	admission.usc.edu	200	Scholarships - Undergraduate Admission	title match 1/5
FAIL	Wuhan University Bachelors Scholarship 2025	wuhan-university-bachelors-scholarship-2025	China Scholarship Council (CSC)	https://admission.whu.edu.cn/en/?c=content&amp;a=list&amp;catid=188	admission.whu.edu.cn	404		HTTP 404
WARN	B.Ag. in Horticulture — Zhejiang A & F University (Bachelor's)	b-ag-in-horticulture-zhejiang-a-f-university-bachelor-s	Zhejiang A & F University	https://admission.zafu.edu.cn/Scholarships.htm	admission.zafu.edu.cn	200	Scholarships-浙江农林大学国教学院英文版	title match 0/4
WARN	B.Ag. in Horticulture and Gardening — Zhejiang A & F University (Bachelor's)	b-ag-in-horticulture-and-gardening-zhejiang-a-f-university-bachelor-s	Zhejiang A & F University	https://admission.zafu.edu.cn/Scholarships.htm	admission.zafu.edu.cn	200	Scholarships-浙江农林大学国教学院英文版	title match 0/5
WARN	Forestry — Zhejiang A & F University (Master's)	forestry-zhejiang-a-f-university-master-s	Zhejiang A & F University	https://admission.zafu.edu.cn/Scholarships.htm	admission.zafu.edu.cn	200	Scholarships-浙江农林大学国教学院英文版	title match 0/4
WARN	Presidents Welcome Award for International Students at Carleton University 2026	presidents-welcome-award-for-international-students-at-carleton-university-2026	Carleton University, Canada	https://admissions.carleton.ca/scholarships/	admissions.carleton.ca	200	Scholarships and Bursaries - Undergraduate Admissions - Carleton University	title match 2/7
WARN	Arthur Kroeger College National Scholarships at Carleton University 2026	arthur-kroeger-college-national-scholarships-at-carleton-university-2026	Carleton University, Canada	https://admissions.carleton.ca/scholarships/	admissions.carleton.ca	200	Scholarships and Bursaries - Undergraduate Admissions - Carleton University	title match 3/7
WARN	Tata Scholarships for Indian Students at Cornell University 2026	tata-scholarships-for-indian-students-at-cornell-university-2026	TATA trusts	https://admissions.cornell.edu/apply/international-students/tata-scholarship	admissions.cornell.edu	200	First-Year Applicants | Undergraduate Admissions	title match 0/5
WARN	Mount Oread Scholarship at University of Kansas 2026	mount-oread-scholarship-at-university-of-kansas-2026	University of Kansas (KU/Kansas)	https://admissions.ku.edu/transfer-scholarships?_gl=1*1ryiu3s*_gcl_au*MTYyMTk3MTM1Ni4xNzMxNzQxNzA0	admissions.ku.edu	200	KU Transfer Scholarships | Up to $14,000 for Eligible Students	title match 1/5
WARN	Red Cedar Scholarship at Michigan State University 2026	red-cedar-scholarship-at-michigan-state-university-2026	Michigan State University(MSU)	https://admissions.msu.edu/cost-aid/scholarships/international	admissions.msu.edu	200	International student scholarships	title match 1/5
WARN	Merit-Based Scholarships at Northeastern University 2026	merit-based-scholarships-at-northeastern-university-2026	Northeastern University, Boston	https://admissions.northeastern.edu/cost-financial-aid/merit-scholarships/	admissions.northeastern.edu	200	Merit Scholarships | Undergraduate Admissions	title match 2/5
WARN	Ujima Global Leaders Scholarship at Northeastern University 2026	ujima-global-leaders-scholarship-at-northeastern-university-2026	Northeastern University, Boston	https://admissions.northeastern.edu/cost-financial-aid/merit-scholarships/?_gl=1*1yqu4y*_gcl_au*MTk0OTI5MTU4Ni4xNzQ4MjU5MTY1	admissions.northeastern.edu	200	Merit Scholarships | Undergraduate Admissions	title match 1/6
WARN	South Asian Regional Award at OSU 2026	south-asian-regional-award-at-osu-2026	Oregon State University(OSU)	https://admissions.oregonstate.edu/international/regions	admissions.oregonstate.edu	200	Regions | International Admissions | Undergraduate Admissions | Oregon State University	title match 0/4
WARN	Europe and Central Asia Regional Award at OSU 2026	europe-and-central-asia-regional-award-at-osu-2026	Oregon State University(OSU)	https://admissions.oregonstate.edu/international/prices-scholarships/scholarships-international-students/undergraduate-scholarships	admissions.oregonstate.edu	200	Undergraduate Scholarships For International Students | International Admissions | Undergraduate Admissions | Oregon State University	title match 0/4
WARN	Rutgers University Undergraduate International Chancellors Merit Scholarship 2026	rutgers-university-undergraduate-international-chancellors-merit-scholarship-2026	Rutgers University (Rutgers, The State University of New Jersey), New Brunswick, USA	https://admissions.rutgers.edu/international-chancellor-scholarship	admissions.rutgers.edu	200	International Chancellor&#039;s Scholarship | Undergraduate Admissions	title match 3/7
WARN	Dato Kho Hui Meng Scholarship at SMU 2026	dato-kho-hui-meng-scholarship-at-smu-2026	Singapore Management University	https://admissions.smu.edu.sg/financial-matters/financial-aid/dato-kho-hui-meng-scholarship	admissions.smu.edu.sg	200		no <title> in page
WARN	SMU Global Impact Scholarship Award 2026	smu-global-impact-scholarship-award-2026	Singapore Management University	https://admissions.smu.edu.sg/financial-matters/financial-aid/smu-global-impact-scholarship-award	admissions.smu.edu.sg	200		no <title> in page
WARN	International Outreach Scholarships at University Of Cincinnati 2026	international-outreach-scholarships-at-university-of-cincinnati-2026	University of Cincinnati	https://admissions.uc.edu/information/international/finance/scholarship.html	admissions.uc.edu	200	Global Scholarship - University of Cincinnati Admissions | University of Cincinnati	title match 2/5
WARN	Global Excellence Award at University of Connecticut 2026	global-excellence-award-at-university-of-connecticut-2026	University of Connecticut (UCONN)	https://admissions.uconn.edu/cost-aid/scholarship/#	admissions.uconn.edu	200	Merit Scholarships | Undergraduate Admissions	title match 0/5
WARN	Leadership Scholarship at University of Connecticut 2026	leadership-scholarship-at-university-of-connecticut-2026	University of Connecticut (UCONN)	https://admissions.uconn.edu/cost-aid/scholarship/#	admissions.uconn.edu	200	Merit Scholarships | Undergraduate Admissions	title match 1/4
WARN	Out-of-State Tuition Waiver at UF 2025	out-of-state-tuition-waiver-at-uf-2025	University of Florida (UFL)	https://admissions.ufl.edu/cost-and-aid/scholarships#freshman-scholarships	admissions.ufl.edu	200	Scholarships - University of Florida	title match 0/3
WARN	College of AgrBio Renewable Entrance Scholarship for Indigenous Students at University of Saskatchewan 2026	college-of-agrbio-renewable-entrance-scholarship-for-indigenous-students-at-university-of-saskatchewan-2026	University of Saskatchewan, Canada	https://admissions.usask.ca/money/search-awards.php?award=301434ES05	admissions.usask.ca	200	Search entrance awards - Admissions | University of Saskatchewan	title match 3/9
WARN	Torvald and Margaret Tollefson Renewable Entrance Scholarship at University of Saskatchewan 2026	torvald-and-margaret-tollefson-renewable-entrance-scholarship-at-university-of-saskatchewan-2026	University of Saskatchewan, Canada	https://admissions.usask.ca/money/search-awards.php?award=301434ES03	admissions.usask.ca	200	Search entrance awards - Admissions | University of Saskatchewan	title match 3/8
FAIL	Global Dream Scholarship at UNIST 2026	global-dream-scholarship-at-unist-2026	Ulsan National Institute of Science and Technology	https://admu-intl.unist.ac.kr/info/scholarships/	admu-intl.unist.ac.kr			TypeError: fetch failed
FAIL	Global Unistar Scholarship at UNIST 2026	global-unistar-scholarship-at-unist-2026	Ulsan National Institute of Science and Technology	https://admu-intl.unist.ac.kr/info/scholarships/	admu-intl.unist.ac.kr			TypeError: fetch failed
FAIL	Air Force Research Laboratory (AFRL) Scholars Program	air-force-research-laboratory-afrl-scholars-program	Air Force Research Laboratory	https://afrlscholars.usra.edu/scholarsprogram/	afrlscholars.usra.edu	403		HTTP 403
FAIL	Air Force Research Laboratory (AFRL) Scholars Program	air-force-research-laboratory-afrl-scholars-program-scholars	Universities Space Research Association (USRA)	https://afrlscholars.usra.edu/scholarsprogram/	afrlscholars.usra.edu	403		HTTP 403
WARN	Research Experience for Undergraduates (REU): Molecular and Biochemical Analysis of Proteins	research-experience-for-undergraduates-reu-molecular-and-biochemical-analysis-of-proteins	Purdue University	http://ag.purdue.edu/biochem/Pages/REU.aspx	ag.purdue.edu	200	REU Program Information	title match 0/7
FAIL	Australian Awards Leadership Program	australian-awards-leadership-program-s4d	Australian Government	http://aid.dfat.gov.au/australia-awards/pages/studyin.aspx#other	aid.dfat.gov.au			TypeError: fetch failed
FAIL	African Leadership in Business MBA Scholarships	african-leadership-in-business-mba-scholarships-s4d	ALB Foundation	http://albfoundation.org/about-mba-scholarships/	albfoundation.org	404		HTTP 404
WARN	Tuition Bridge Grant at Alliston International University 2026	tuition-bridge-grant-at-alliston-international-university-2026	Alliant International University(AIU)	https://alliant.scholarships.ngwebsolutions.com/Scholarships/Search	alliant.scholarships.ngwebsolutions.com	200	Scholarships Search	title match 0/6
WARN	Occupational Therapy Futures Grant at Alliston International University 2026	occupational-therapy-futures-grant-at-alliston-international-university-2026	Alliant International University(AIU)	https://alliant.scholarships.ngwebsolutions.com/Scholarships/Search	alliant.scholarships.ngwebsolutions.com	200	Scholarships Search	title match 0/7
FAIL	The Reese Fallon Memorial Scholarship at McMaster University 2026	the-reese-fallon-memorial-scholarship-at-mcmaster-university-2026	McMaster University	https://alumni.mcmaster.ca/s/1439/ifundmac/project.aspx?sid=1439&gid=1&pgid=7470&cid=13445&ecid=13445&crid=0&calpgid=3298&calcid=5347	alumni.mcmaster.ca	403		HTTP 403
WARN	Amgen Scholars Summer Research Program in Science and Biotechnology	amgen-scholars-summer-research-program-in-science-and-biotechnology	University of California, Berkeley	http://amgenscholars.berkeley.edu/	amgenscholars.berkeley.edu	200	UC Berkeley Amgen Scholars Program | Home	title match 3/7
WARN	Postdoctoral Research Associate/Fellow in the Department of Neuroscience	postdoctoral-research-associate-fellow-in-the-department-of-neuroscience	Brown University	https://apply.interfolio.com/188268	apply.interfolio.com	200	Apply - Interfolio	title match 0/6
WARN	Be extraordinary – Win a travel grant to visit Scotland’s University of Strathclyde!	be-extraordinary-win-a-travel-grant-to-visit-scotland-s-university-of-strathclyde-s4d	##	https://apply.unicaf.org/refer-a-friend/en?refcode=SNDIW465zF	apply.unicaf.org	200	Referrals - Unicaf	title match 0/7
FAIL	Paid Undergraduate Summer Research Internship in Plant Biology and Climate Change Research	paid-undergraduate-summer-research-internship-in-plant-biology-and-climate-change-research	Harvard University	https://arboretum.harvard.edu/research/programs-and-opportunities/darin-butz-foundation-research-internship-program/	arboretum.harvard.edu	403		HTTP 403
FAIL	Global Change Postdoctoral Fellowship	global-change-postdoctoral-fellowship	Harvard University	https://arboretum.harvard.edu/research/programs-and-opportunities/global-change-postdoctoral-fellowship/	arboretum.harvard.edu	403		HTTP 403
WARN	Arizona Society of Civil Engineers (AZSCE) Scholarship at The University of Arizona 2026	arizona-society-of-civil-engineers-azsce-scholarship-at-the-university-of-arizona-2026	University of Arizona	https://arizona.scholarshipuniverse.com/public/scholarship/395106	arizona.scholarshipuniverse.com	200		no <title> in page
FAIL	Princeton Arts Fellowship 2026	princeton-arts-fellowship-2026	The Princeton University Art Museum	http://arts.princeton.edu/fellowships/princeton-arts-fellowship/	arts.princeton.edu	403		HTTP 403
WARN	Research Experiences for Undergraduates: Reimagining the Chemical Heartland: Chemistry for a Changing Gulf Coast	research-experiences-for-undergraduates-reimagining-the-chemical-heartland-chemistry-for-a-changing-gulf-coast	Texas A&amp;M University	https://artsci.tamu.edu/chemistry/academics/reu.html	artsci.tamu.edu	200	Research Experiences for Undergraduates (REU) Program Summer Research | Texas A&amp;M University College of Arts and Sciences	title match 3/9
WARN	Simons Foundation Department of Biology Summer Undergraduate Research Program (SURP)	simons-foundation-department-of-biology-summer-undergraduate-research-program-surp	New York University	https://as.nyu.edu/biology/outreach/surp.html	as.nyu.edu	202		no <title> in page
WARN	Center for Neural Science REU	center-for-neural-science-reu	New York University	http://as.nyu.edu/content/nyu-as/as/departments/cns/UndergraduateProgram/summer-research-program.html	as.nyu.edu	202		no <title> in page
FAIL	American Swedish Institute Scholarships	american-swedish-institute-scholarships-se	American Swedish Institute	https://asimn.org/about/scholarships/	asimn.org	403		HTTP 403
WARN	Life Sciences Institute Aspirnaut Program at the University of Michigan	life-sciences-institute-aspirnaut-program-at-the-university-of-michigan	University of Michigan	https://aspirnaut.lsi.umich.edu/	aspirnaut.lsi.umich.edu	200	Aspirnaut Summer Research Internship	title match 1/6
WARN	Research Experiences for Undergraduates Program in Astrophysics and Planetary Science	research-experiences-for-undergraduates-program-in-astrophysics-and-planetary-science	Cornell University	https://astro.cornell.edu/undergraduate-research	astro.cornell.edu	200	Undergraduate Research Opportunities | Department of Astronomy	title match 1/7
WARN	Undergraduate Research Experience in ALpine Meteorology (REALM) REU	undergraduate-research-experience-in-alpine-meteorology-realm-reu	University of Utah	https://atmos.utah.edu/get_involved/reu/index.php	atmos.utah.edu	200	Atmospheric Sciences REU - Department of Atmospheric Sciences - The University of Utah	title match 0/6
WARN	ATP-Bio Summer Research Experience for Undergraduates (REU)	atp-bio-summer-research-experience-for-undergraduates-reu	Massachusetts General Hospital	https://atp-bio.org/atp-bio-reu/	atp-bio.org	200	ATP-Bio REU - ATP-BIO	title match 0/4
WARN	ATP-Bio Summer Research Experience for Undergraduates (REU)	atp-bio-summer-research-experience-for-undergraduates-reu-taatpbio	Texas A&amp;M University	https://atp-bio.org/atp-bio-reu/	atp-bio.org	200	ATP-Bio REU - ATP-BIO	title match 0/4
WARN	Collaborative Approaches Among Scientists and Engineers (CASE) REU	collaborative-approaches-among-scientists-and-engineers-case-reu	Auburn University	http://auburn.edu/cosam/departments/diversity/reu.htm	auburn.edu	200	Auburn University College of Sciences and Mathematics | College of Sciences and Mathematics	title match 0/5
WARN	Competitive Merit Scholarship for Alabama Residents at Auburn University 2026	competitive-merit-scholarship-for-alabama-residents-at-auburn-university-2026	Auburn University	https://auburn.edu/administration/finaid/scholarship/	auburn.edu	200	Scholarships | Financial Aid and Scholarships	title match 1/7
WARN	Sir Roy Mckenzie AUT Deaf Scholarship at Auckland University of Technology 2026	sir-roy-mckenzie-aut-deaf-scholarship-at-auckland-university-of-technology-2026	Auckland University of Technology (AUT)	https://aut.communityforce.com/Funds/Search.aspx	aut.communityforce.com	200	AUT Scholarships - Landing Page	title match 1/5
WARN	The Nicholas Tarling Memorial Phd Scholarship at Auckland University of Technology 2026	the-nicholas-tarling-memorial-phd-scholarship-at-auckland-university-of-technology-2026	Auckland University of Technology (AUT)	https://aut.communityforce.com/Funds/Search.aspx	aut.communityforce.com	200	AUT Scholarships - Landing Page	title match 1/7
WARN	American Women’s Club travel grant	american-women-s-club-travel-grant-se	American Women’s Club travel grant	https://awcstockholm.org/about/scholarship/	awcstockholm.org	200	AWC Stockholm - About	title match 0/4
FAIL	NIBRS Animal Cruelty Data Research Award	nibrs-animal-cruelty-data-research-award	Animal Welfare Institute	https://awionline.org/content/nibrs-animal-cruelty-data-research-award	awionline.org	403		HTTP 403
WARN	BAYHOST: Scholarships for students and young academics from Central, Eastern and Southeastern Europe for summer language courses	bayhost-scholarships-for-students-and-young-academics-from-central-eastern-and-southeaster-daad	BAYHOST	https://bayhost.de	bayhost.de	200	BAYHOST -  Austausch mit dem östlichen Europa - Universität Regensburg	title match 1/12
WARN	Lam See Chiew Memorial Scholarship in Social Entrepreneurship and Philanthropy at NUS Business School 2026	lam-see-chiew-memorial-scholarship-in-social-entrepreneurship-and-philanthropy-at-nus-business-school-2026	NUS Business School (NUS Singapore)	https://bba.nus.edu.sg/admissions-scholarships/financial-aid-scholarships/scholarships/	bba.nus.edu.sg	200		no <title> in page
WARN	Ian Ferguson Scholarship at NUS Business School 2026	ian-ferguson-scholarship-at-nus-business-school-2026	NUS Business School (NUS Singapore)	https://bba.nus.edu.sg/admissions-scholarships/financial-aid-scholarships/scholarships/	bba.nus.edu.sg	200		no <title> in page
WARN	Paid Summer Research Opportunity in Time-Domain Astronomy	paid-summer-research-opportunity-in-time-domain-astronomy	Benedictine University	https://ben.edu/renew-midwest-program/	ben.edu	200	RENEW Midwest Program - Benedictine University	title match 0/5
WARN	Paid Summer Research Opportunity in Time-Domain Astronomy	paid-summer-research-opportunity-in-time-domain-astronomy-neurenew	University of Michigan	https://ben.edu/renew-midwest-program/	ben.edu	200	RENEW Midwest Program - Benedictine University	title match 0/5
FAIL	Benjamin A. Gilman International Scholarship Program at Bentley University 2026	benjamin-a-gilman-international-scholarship-program-at-bentley-university-2026	Bentley University	https://bentley.studioabroad.com/index.cfm?FuseAction=Programs.ViewProgramAngular&id=71742	bentley.studioabroad.com	403		HTTP 403
WARN	United World Colleges Scholarship at Bard College 2026	united-world-colleges-scholarship-at-bard-college-2026	Bard College	https://berlin.bard.edu/admissions/finances/scholarships/	berlin.bard.edu	200	Scholarships	title match 1/5
WARN	Lea Marie Seguin Scholarship for Students at Bard College 2026	lea-marie-seguin-scholarship-for-students-at-bard-college-2026	Bard College	https://berlin.bard.edu/admissions/finances/scholarships/	berlin.bard.edu	200	Scholarships	title match 1/5
WARN	Sustainable Protein Undergraduate Research Scholars (SPURS) Program	sustainable-protein-undergraduate-research-scholars-spurs-program	North Carolina State University	https://bezoscenter.ncsu.edu/spurs/#	bezoscenter.ncsu.edu	200	SPURS 2026 | Bezos Center for Sustainable Protein at NC State	title match 3/7
WARN	Jungle Biomechanics Lab - Amazon Rainforest Field Research Program	jungle-biomechanics-lab-amazon-rainforest-field-research-program	Georgia Institute of Technology	https://bhamla.gatech.edu/project-blog/jungle-biomechanics-lab	bhamla.gatech.edu	200	Jungle Biomechanics Lab  &mdash; The Bhamla Lab	title match 2/7
FAIL	Black Hole PIRE	black-hole-pire	University of Arizona	https://bhpire.arizona.edu/pire/	bhpire.arizona.edu			TypeError: fetch failed
WARN	BioGEM Program in Biodiversity and genetic evolutionary mechanisms	biogem-program-in-biodiversity-and-genetic-evolutionary-mechanisms	Haskell Indian Nations University	https://biogem.ku.edu/	biogem.ku.edu	200	Home | BioGEM Postbaccalaureate Research Program	title match 2/6
WARN	BioGEM Program in Biodiversity and genetic evolutionary mechanisms	biogem-program-in-biodiversity-and-genetic-evolutionary-mechanisms-asbiogem	University of Kansas	https://biogem.ku.edu/	biogem.ku.edu	200	Home | BioGEM Postbaccalaureate Research Program	title match 2/6
WARN	Blandy Experimental Farm REU	blandy-experimental-farm-reu	Howard University	https://blandy.virginia.edu/reuprogram	blandy.virginia.edu	200	Undergraduate Program in Field Biology in	title match 0/2
WARN	Blandy Experimental Farm REU	blandy-experimental-farm-reu-andyfarm	Rowan University	https://blandy.virginia.edu/reuprogram	blandy.virginia.edu	200	Undergraduate Program in Field Biology in	title match 0/2
WARN	Byrd Postdoctoral Fellowship Program	byrd-postdoctoral-fellowship-program	Ohio State University	https://bpcrc.osu.edu/byrdfellow	bpcrc.osu.edu	200	The Byrd Postdoctoral Scholarship | Byrd Polar and Climate Research Center	title match 1/3
WARN	DAAD-ACEH Scholarship of Excellence	daad-aceh-scholarship-of-excellence-daad	DAAD	https://bpsdm.acehprov.go.id/	bpsdm.acehprov.go.id	200		no <title> in page
FAIL	Funded Post-Baccalaureate Research/Academic Opportunity (Bridge to the Ph.D. Program)	funded-post-baccalaureate-research-academic-opportunity-bridge-to-the-ph-d-program	Columbia University	https://bridgetophd.facultydiversity.columbia.edu/content/program-overview	bridgetophd.facultydiversity.columbia.edu	403		HTTP 403
FAIL	JTC Mid-term Scholarships 2025	jtc-mid-term-scholarships-2025	JTC Corporation	https://brightsparks.com.sg/profile/jtc/scholarship.php	brightsparks.com.sg	403		HTTP 403
FAIL	Rob Dionne Memorial Scholarship at Brock University 2026	rob-dionne-memorial-scholarship-at-brock-university-2026	Brock University, Canada	https://brocku.ca/graduate-studies/scholarships-awards/internal/	brocku.ca	403		HTTP 403
FAIL	Madeline Hood Memorial Scholarship at Brock University 2026	madeline-hood-memorial-scholarship-at-brock-university-2026	Brock University, Canada	https://brocku.ca/graduate-studies/scholarships-awards/internal/	brocku.ca	403		HTTP 403
FAIL	Joe Robertson Graduate Scholarship at Brock University 2026	joe-robertson-graduate-scholarship-at-brock-university-2026	Brock University, Canada	https://brocku.ca/graduate-studies/scholarships-awards/internal/	brocku.ca	403		HTTP 403
FAIL	Boyce Thompson Institute for Plant Research, Bioinformatics REU	boyce-thompson-institute-for-plant-research-bioinformatics-reu	Boyce Thompson Institute for Plant Research	https://btiscience.org/education-outreach/research-internships/	btiscience.org			TypeError: fetch failed
FAIL	Boyce Thompson Institute for Plant Research, Bioinformatics REU	boyce-thompson-institute-for-plant-research-bioinformatics-reu-ormatics	Cornell University	https://btiscience.org/education-outreach/research-internships/	btiscience.org			TypeError: fetch failed
WARN	Masters Programme Reduced Fees at Dublin City University 2026	masters-programme-reduced-fees-at-dublin-city-university-2026	Dublin City University	https://business.dcu.ie/scholarships/#toggle-id-6	business.dcu.ie	200	Scholarships - DCU Business School	title match 0/5
WARN	Women Scholarships at Luiss Business School 2026	women-scholarships-at-luiss-business-school-2026	LUISS business school	https://businessschool.luiss.it/flex-mba/tuition-and-funding/	businessschool.luiss.it	200	Tuition and Funding - Flex MBA	title match 0/5
WARN	Postdoctoral Fellowships, Center for Alcohol and Addiction Studies	postdoctoral-fellowships-center-for-alcohol-and-addiction-studies	Brown University	https://caas.sph.brown.edu/training	caas.sph.brown.edu	200	Postdoctoral Training | CAAS | School of Public Health | Brown University	title match 1/6
WARN	Research Internship in Sustainable Bioenergy (RISE)	research-internship-in-sustainable-bioenergy-rise	Iowa State University	https://cabbi.bio/news/outreach/rise/	cabbi.bio	200	RISE: Summer Internships - CABBI	title match 1/4
WARN	Research Internship in Sustainable Bioenergy (RISE)	research-internship-in-sustainable-bioenergy-rise-ioenergy	Lawrence Berkeley National Laboratory	https://cabbi.bio/news/outreach/rise/	cabbi.bio	200	RISE: Summer Internships - CABBI	title match 1/4
WARN	Need-Based Grants at California Baptist University 2026	need-based-grants-at-california-baptist-university-2026	California Baptist University	https://calbaptist.edu/admissions/international/finances/scholarships/	calbaptist.edu	200	Scholarships - Finances	title match 0/5
WARN	Christian Studies Double Major Scholarship for International Students at California Baptist University 2026	christian-studies-double-major-scholarship-for-international-students-at-california-baptist-university-2026	California Baptist University	https://calbaptist.edu/admissions-aid/international/finances/scholarships/	calbaptist.edu	200	Scholarships - Finances	title match 1/10
WARN	MBG-REU: Summer Research Experiences for Undergraduate: Molecular Biology and Genetics of Cell Signaling	mbg-reu-summer-research-experiences-for-undergraduate-molecular-biology-and-genetics-of-cell-signaling	Cornell University	https://cals.cornell.edu/molecular-biology-genetics/academics/undergraduate/summer-research-experience-undergraduates-reu-program	cals.cornell.edu	200	Summer Research Experience for Undergraduates (REU) Program | CALS	title match 3/8
WARN	Peter Anderson Award at College of Arts, Media and Design, Northeastern University, Boston 2026	peter-anderson-award-at-college-of-arts-media-and-design-northeastern-university-boston-2026	Northeastern University, Boston	https://camd.northeastern.edu/undergraduate-admissions/	camd.northeastern.edu	200	Undergraduate Admissions - College of Arts, Media and Design (CAMD)	title match 3/9
WARN	CAMD Creative Leaders Scholarship at College of Arts Media and Design, Northeastern University, Boston 2026	camd-creative-leaders-scholarship-at-college-of-arts-media-and-design-northeastern-university-boston-2026	Northeastern University, Boston	https://camd.northeastern.edu/undergraduate-admissions/	camd.northeastern.edu	200	Undergraduate Admissions - College of Arts, Media and Design (CAMD)	title match 3/9
WARN	Canary Cancer Research Education Summer Training (CREST) Program	canary-cancer-research-education-summer-training-crest-program	Stanford University	http://canarycenter.stanford.edu/canarycrest.html	canarycenter.stanford.edu	200	Canary Center at Stanford Internship Program | The Canary Center at the Stanford School of Medicine | Stanford Medicine	title match 2/8
FAIL	Summer Research Program (SRP) for Undergraduates at the Irving Institute for Cancer Dynamics	summer-research-program-srp-for-undergraduates-at-the-irving-institute-for-cancer-dynamics	Columbia University	https://cancerdynamics.columbia.edu/summer-research-internship	cancerdynamics.columbia.edu	403		HTTP 403
WARN	Certificate IV in University Access Program at Canning College 2026	certificate-iv-in-university-access-program-at-canning-college-2026	Canning College	https://canningcollege.wa.edu.au/academic-scholarships/	canningcollege.wa.edu.au	200	Information About Academic Scholarships - Canning College	title match 2/6
FAIL	Master's in Data Science Fellowship at NIH CARD	master-s-in-data-science-fellowship-at-nih-card-hdatasci	University of Maryland, Baltimore County	https://card.nih.gov/job-training-opportunities/training-opportunities/data-science-masters	card.nih.gov	405		HTTP 405
FAIL	Master's in Data Science Fellowship at NIH CARD	master-s-in-data-science-fellowship-at-nih-card	National Institutes of Health (NIH)	https://card.nih.gov/job-training-opportunities/training-opportunities/data-science-masters	card.nih.gov	405		HTTP 405
WARN	Postdoctoral Research in Medical and Health Sciences	postdoctoral-research-in-medical-and-health-sciences	University of Texas Health Sciences Center, Houston	https://careers.uth.tmc.edu/us/en/postdocs	careers.uth.tmc.edu	200	Postdocs	title match 0/5
WARN	Carleton University Page Program Scholarships 2026	carleton-university-page-program-scholarships-2026	Carleton University, Canada	https://carleton.ca/awards/awards/scholarships/entrance-scholarships/	carleton.ca	200	Entrance Scholarships - Awards and Financial Aid	title match 1/4
WARN	Dr. Roseann O Reilly Runte Entrance Award in Music at Carleton University 2026	dr-roseann-o-reilly-runte-entrance-award-in-music-at-carleton-university-2026	Carleton University, Canada	https://carleton.ca/awards/awards/scholarships/entrance-scholarships/	carleton.ca	200	Entrance Scholarships - Awards and Financial Aid	title match 2/8
WARN	Training Program in Computational Psychiatry T32 Postdoctoral Fellow	training-program-in-computational-psychiatry-t32-postdoctoral-fellow	Brown University	https://carney.brown.edu/education-training/postdocs/training-program-computational-psychiatry-tpcp	carney.brown.edu	200	NIH T32 Training Program | Carney Institute for Brain Science | Brown University	title match 2/6
WARN	Geodesy Technical Short Course: Strain Accumulation and Release from GNSS	geodesy-technical-short-course-strain-accumulation-and-release-from-gnss	University of Oregon	https://cascadiaquakes.org/geoscience-education-and-inclusion/technical-short-courses/geodesy/	cascadiaquakes.org	200	Geodesy TSC - Cascadia Region Earthquake Science Center	title match 1/7
WARN	Geoscience Professional Development Fellowship - Travel Stipends	geoscience-professional-development-fellowship-travel-stipends-scentgeo	University of Oregon	https://cascadiaquakes.org/geoscience-education-and-inclusion/fellowship/	cascadiaquakes.org	200	GEI Geoscience Fellowship - Cascadia Region Earthquake Science Center	title match 2/6
WARN	Phi Theta Kappa Award at Pace University 2026	phi-theta-kappa-award-at-pace-university-2026	Pace University	https://catalog.pace.edu/undergraduate/general-university/financial-aid-scholarship-programs/pace-university-financial-aid-programs/	catalog.pace.edu	200	Pace University Financial Aid Programs | Pace University New York	title match 1/4
WARN	Ardent Mills Award at Red River College Polytech 2026	ardent-mills-award-at-red-river-college-polytech-2026	Red River College Polytech (RRC), Winnipeg	https://catalogue.rrc.ca/AvailableAwards.aspx	catalogue.rrc.ca	200	Scholarships, bursaries and awards :: RRC Polytech Program & Course Catalogue	title match 2/6
WARN	Arnold Bros. Transport Ltd. Award for Women in Heavy Duty Equipment Mechanic at Red River College Polytech 2026	arnold-bros-transport-ltd-award-for-women-in-heavy-duty-equipment-mechanic-at-red-river-college-polytech-2026	Red River College Polytech (RRC), Winnipeg	https://catalogue.rrc.ca/AvailableAwards.aspx	catalogue.rrc.ca	200	Scholarships, bursaries and awards :: RRC Polytech Program & Course Catalogue	title match 2/10
WARN	Association of MB Land Surveyors Scholarship at Red River College Polytech 2026	association-of-mb-land-surveyors-scholarship-at-red-river-college-polytech-2026	Red River College Polytech (RRC), Winnipeg	https://catalogue.rrc.ca/AvailableAwards.aspx	catalogue.rrc.ca	200	Scholarships, bursaries and awards :: RRC Polytech Program & Course Catalogue	title match 2/6
WARN	SURF (Summer Undergraduate Research Fellowship)	surf-summer-undergraduate-research-fellowship	California Institute of Technology	https://ccas.nd.edu/outreach/surf-program/	ccas.nd.edu	200	SURF Program | Outreach | NSF Center for Computer Assisted Synthesis | University of Notre Dame	title match 0/4
FAIL	REU Program in Molecular Genetics and Cell Biology	reu-program-in-molecular-genetics-and-cell-biology	University of Chicago	https://ccrf.uchicago.edu/content/research-experiences-undergraduates-reus-university-chicago	ccrf.uchicago.edu	403		HTTP 403
FAIL	California Science and Technology Policy Fellowships	california-science-and-technology-policy-fellowships-lowships	Stanford University	https://ccst.us/ccst-science-fellows-program/	ccst.us	403		HTTP 403
FAIL	California Science and Technology Policy Fellowships	california-science-and-technology-policy-fellowships	California Council on Science and Technology	https://ccst.us/ccst-science-fellows-program/	ccst.us	403		HTTP 403
FAIL	Summer Training in Academic Research and Scholarship (STARS) Program	summer-training-in-academic-research-and-scholarship-stars-program	Brigham and Women&#39;s Hospital	https://cdi.brighamandwomens.org/bwh-stars-program/	cdi.brighamandwomens.org			TypeError: fetch failed
FAIL	Plant Ecology Research Intern	plant-ecology-research-intern	University of Minnesota	https://cedarcreek.umn.edu/lter-plant-community-ecology-internships-reus-summer-2025	cedarcreek.umn.edu	403		HTTP 403
FAIL	Cedar Creek LTER (Long Term Ecological Research Network) Summer Internships and Spring Field Technician Positions	cedar-creek-lter-long-term-ecological-research-network-summer-internships-and-spring-field-technician-positions	Harvard University	https://cedarcreek.umn.edu/employment-opportunities	cedarcreek.umn.edu	403		HTTP 403
WARN	Center for Emergent Materials Summer Research Experience for Undergraduates	center-for-emergent-materials-summer-research-experience-for-undergraduates	Ohio State University	http://cem.osu.edu/reu/	cem.osu.edu	200	Undergraduate Opportunities | CEM | Ohio State	title match 0/7
FAIL	Summer Undergraduate Research Experience in Engineering Mechanobiology	summer-undergraduate-research-experience-in-engineering-mechanobiology	University of Pennsylvania	https://cemb.upenn.edu/education/undergraduate-research-opportunities/reu/	cemb.upenn.edu	404		HTTP 404
FAIL	Summer Undergraduate Research Experience in Engineering Mechanobiology	summer-undergraduate-research-experience-in-engineering-mechanobiology-penncemb	Washington University	https://cemb.upenn.edu/education/undergraduate-research-opportunities/reu/	cemb.upenn.edu	404		HTTP 404
WARN	International Student merit awards at Chatham University	2026	international-student-merit-awards-at-chatham-university-2026	Chatham University	https://chatham.edu/admission-and-aid/undergraduate/cost-and-aid/scholarships.html	chatham.edu	200	Scholarships | Chatham University	title match 2/6
WARN	Integrated Research Experience for Undergraduates	integrated-research-experience-for-undergraduates	Iowa State University	https://chem.wisc.edu/research-experience-for-undergraduates-reu/	chem.wisc.edu	202		no <title> in page
WARN	Integrated Research Experience for Undergraduates	integrated-research-experience-for-undergraduates-ratedreu	University of Massachusetts, Amherst	https://chem.wisc.edu/research-experience-for-undergraduates-reu/	chem.wisc.edu	202		no <title> in page
WARN	Chemistry REU Program: A Summer Experience for Undergraduates Integrating Research, Education, and Career Development in an Interdisciplinary Environment	chemistry-reu-program-a-summer-experience-for-undergraduates-integrating-research-education-and-career-development-in-an-interdisciplinary-environment	University of Kansas	http://chemreu.ku.edu/	chemreu.ku.edu	200	KU Chemistry REU Program | Chemistry REU Program	title match 2/12
FAIL	Biotechnology — Wenzhou University (Bachelor's)	biotechnology-wenzhou-university-bachelor-s	Wenzhou University	https://cic.wzu.edu.cn/info/1022/1266.htm	cic.wzu.edu.cn			TypeError: fetch failed
FAIL	Computer Science and Technology — Wenzhou University (Bachelor's)	computer-science-and-technology-wenzhou-university-bachelor-s	Wenzhou University	https://cic.wzu.edu.cn/info/1022/1266.htm	cic.wzu.edu.cn			TypeError: fetch failed
FAIL	Chinese Language and Literature — Wenzhou University (Bachelor's)	chinese-language-and-literature-wenzhou-university-bachelor-s	Wenzhou University	https://cic.wzu.edu.cn/info/1022/1266.htm	cic.wzu.edu.cn			TypeError: fetch failed
WARN	Postdoctoral Scholar Program - CICOES	postdoctoral-scholar-program-cicoes	Oregon State University	https://cicoes.uw.edu/education/postdoc-program/	cicoes.uw.edu	200	Postdoc Program  |  Cooperative Institute for Climate, Ocean, &amp; Ecosystem Studies	title match 1/4
WARN	Postdoctoral Scholar Program - CICOES	postdoctoral-scholar-program-cicoes-oncicoes	University of Alaska, Fairbanks	https://cicoes.uw.edu/education/postdoc-program/	cicoes.uw.edu	200	Postdoc Program  |  Cooperative Institute for Climate, Ocean, &amp; Ecosystem Studies	title match 1/4
FAIL	Guizhou University Special Exchange Scholarships 2025	guizhou-university-special-exchange-scholarships-2025	China Scholarship Council (CSC)	http://cie.gzu.edu.cn/2022/0329/c8272a93505/page.htm	cie.gzu.edu.cn	404		HTTP 404
FAIL	Great Lakes Summer Fellows Program	great-lakes-summer-fellows-program-kesfells	University of Michigan	https://ciglr.seas.umich.edu/opportunities/student-fellowships/faqs/	ciglr.seas.umich.edu	403		HTTP 403
FAIL	Great Lakes Summer Fellows Program	great-lakes-summer-fellows-program	National Oceanic and Atmospheric Administration (NOAA)	https://ciglr.seas.umich.edu/opportunities/student-fellowships/faqs/	ciglr.seas.umich.edu	403		HTTP 403
FAIL	Cooperative Institute for Climate Science Postdoctoral Research Scientist	cooperative-institute-for-climate-science-postdoctoral-research-scientist-cclimate	Princeton University	https://cimes.princeton.edu/job-opportunities/postdoctoral-and-research-scientist-program	cimes.princeton.edu	403		HTTP 403
FAIL	Cooperative Institute for Modeling the Earth System (CIMES) Research Internship Program	cooperative-institute-for-modeling-the-earth-system-cimes-research-internship-program	Princeton University	https://cimes.princeton.edu/education-outreach/intern-program	cimes.princeton.edu	403		HTTP 403
WARN	CIRES Visiting Fellowships in Atmospheric and Ocean Sciences	cires-visiting-fellowships-in-atmospheric-and-ocean-sciences-hoceansc	University of Colorado, Boulder	https://cires.colorado.edu/about/institutional-programs/visiting-fellows-program	cires.colorado.edu	200	Visiting Fellows Program | CIRES	title match 2/6
WARN	CIRES Visiting Fellowships in Atmospheric and Ocean Sciences	cires-visiting-fellowships-in-atmospheric-and-ocean-sciences	National Oceanic and Atmospheric Administration (NOAA)	https://cires.colorado.edu/about/institutional-programs/visiting-fellows-program	cires.colorado.edu	200	Visiting Fellows Program | CIRES	title match 2/6
WARN	Mechanical Engineering — Southeast University (Bachelor's)	mechanical-engineering-southeast-university-bachelor-s	Southeast University	https://cis.seu.edu.cn/hwenglish/14010/list.htm	cis.seu.edu.cn	200	SEU Scholarship	title match 0/5
WARN	Medical Laboratory Technology — Southeast University (Bachelor's)	medical-laboratory-technology-southeast-university-bachelor-s	Southeast University	https://cis.seu.edu.cn/hwenglish/14010/list.htm	cis.seu.edu.cn	200	SEU Scholarship	title match 0/6
WARN	Mathematics and Applied mathematics — Southeast University (Bachelor's)	mathematics-and-applied-mathematics-southeast-university-bachelor-s	Southeast University	https://cis.seu.edu.cn/hwenglish/14010/list.htm	cis.seu.edu.cn	200	SEU Scholarship	title match 0/6
WARN	Conservation and Land Management Internship Program	conservation-and-land-management-internship-program	Chicago Botanic Garden	https://clminternship.org/the-program	clminternship.org	200	CLM	title match 0/4
WARN	CMAP Summer Physics Workshop for Undergrads	cmap-summer-physics-workshop-for-undergrads	University of Rochester	https://cmap.rochester.edu/education-outreach/ug-summer/	cmap.rochester.edu	200	Summer School for Undergraduates &#8211; Center for Matter at Atomic Pressures	title match 1/4
WARN	Cellular & Molecular Mechanics and Bio-Nanotechnology IGERT	cellular-molecular-mechanics-and-bio-nanotechnology-igert-ularmech	University of California, Merced	http://cmmb-igert.illinois.edu/traineeexperience.html	cmmb-igert.illinois.edu	200	IGERT CMMB Research	title match 1/5
WARN	Cellular & Molecular Mechanics and Bio-Nanotechnology IGERT	cellular-molecular-mechanics-and-bio-nanotechnology-igert	North Carolina Central University	http://cmmb-igert.illinois.edu/traineeexperience.html	cmmb-igert.illinois.edu	200	IGERT CMMB Research	title match 1/5
FAIL	ELEVATE (Enriching Learning, Enhancing Visibility, and Training Educators)	elevate-enriching-learning-enhancing-visibility-and-training-educators	Rutgers University	https://cmsi.gse.rutgers.edu/ELEVATE	cmsi.gse.rutgers.edu	404		HTTP 404
WARN	REU Site: Resilience and Adaptation to Coastal Change Across Community (C2C)	reu-site-resilience-and-adaptation-to-coastal-change-across-community-c2c	East Carolina University	https://coastal.ecu.edu/reu/	coastal.ecu.edu	200	Research Experiences for Undergraduates (REU)  | Coastal Research at ECU | ECU	title match 1/6
WARN	REU Site: Resilience and Adaptation to Coastal Change Across Community (C2C)	reu-site-resilience-and-adaptation-to-coastal-change-across-community-c2c-alchange	Universidad de Puerto Rico, Arecibo	https://coastal.ecu.edu/reu/	coastal.ecu.edu	200	Research Experiences for Undergraduates (REU)  | Coastal Research at ECU | ECU	title match 1/6
FAIL	COBRA Early Career Fellowship and Deep-Sea Expedition Planning Master Class	cobra-early-career-fellowship-and-deep-sea-expedition-planning-master-class	Bigelow Laboratory for Ocean Sciences	https://cobra.bigelow.org/early-career-master-class-and-fellowship/	cobra.bigelow.org			TypeError: fetch failed
FAIL	COBRA Early Career Fellowship and Deep-Sea Expedition Planning Master Class	cobra-early-career-fellowship-and-deep-sea-expedition-planning-master-class-labcobra	University of Alaska, Fairbanks	https://cobra.bigelow.org/early-career-master-class-and-fellowship/	cobra.bigelow.org			TypeError: fetch failed
FAIL	College of Engineering  Northeastern Edge Grant at Northeastern University 2026	college-of-engineering-northeastern-edge-grant-at-northeastern-university-2026	Northeastern University, Boston	https://coe.northeastern.edu/academics-experiential-learning/graduate-school-of-engineering/graduate-tuition-financial-aid/?_gl=1*dasz23*_gcl_au*MTk0OTI5MTU4Ni4xNzQ4MjU5MTY1	coe.northeastern.edu			TypeError: fetch failed
FAIL	College of Engineering New Program Launch Scholarship at Northeastern University 2026	college-of-engineering-new-program-launch-scholarship-at-northeastern-university-2026	Northeastern University, Boston	https://coe.northeastern.edu/academics-experiential-learning/graduate-school-of-engineering/graduate-tuition-financial-aid/?_gl=1*dasz23*_gcl_au*MTk0OTI5MTU4Ni4xNzQ4MjU5MTY1	coe.northeastern.edu			TypeError: fetch failed
WARN	Taylor’s College Merit Scholarship 2026	taylor-s-college-merit-scholarship-2026	Taylor's University	https://college.taylors.edu.my/en/study/scholarships-and-financial-aid/scholarships.html#scholarships-and-awards-2026	college.taylors.edu.my	200	Scholarships	title match 1/4
WARN	Chicago Public Schools Scholarship at The University of Chicago 2026	chicago-public-schools-scholarship-at-the-university-of-chicago-2026	University of Chicago	https://collegeadmissions.uchicago.edu/financial-support/scholarships/	collegeadmissions.uchicago.edu	200	Scholarships | College Admissions	title match 1/6
WARN	On To the Future Program (OTF) - travel awards to attend your first GSA Annual Meeting	on-to-the-future-program-otf-travel-awards-to-attend-your-first-gsa-annual-meeting	Geological Society of America	http://community.geosociety.org/OTF/home	community.geosociety.org	200	What We Do | Careers &amp; Networking | On to the Future	title match 1/8
WARN	Computational Cell Biology Workshop	computational-cell-biology-workshop	University of Connecticut	https://compcellbio.org/ccbworkshop	compcellbio.org	200	CompCellBio	title match 0/3
WARN	NSF-REU: CollaborativE Multidisciplinary Investigations Through Undergraduate Research Experiences [CEMITURE]	nsf-reu-collaborative-multidisciplinary-investigations-through-undergraduate-research-experiences-cemiture	Georgia Southern University	https://cosm.georgiasouthern.edu/reu/about/	cosm.georgiasouthern.edu	200	CEMITURE - Georgia Southern University	title match 1/8
WARN	Paid Summer Research Opportunity in Biobased Products	paid-summer-research-opportunity-in-biobased-products	University of Kansas	https://cpe.ku.edu/reu-biopath	cpe.ku.edu	200	BioPATH Research Experience for Undergraduates | Chemical &amp; Petroleum Engineering	title match 1/5
WARN	Center for Public Service Stair Award for Excellence in Community Engagement in New Orleans 2026	center-for-public-service-stair-award-for-excellence-in-community-engagement-in-new-orleans-2026	Tulane University	https://cps.tulane.edu/student-awards-scholarships-and-grants	cps.tulane.edu	200	Student Awards, Scholarships and Grants | Tulane Center for Public Service	title match 4/9
WARN	Trellix Scholarship at Munster Technological University 2025/26	trellix-scholarship-at-munster-technological-university-2025-26	Munster Technological University	https://cs.cit.ie/trellix-scholarship	cs.cit.ie	200	Trellix Scholarships MTU	title match 2/5
FAIL	Physics and Astronomy REU	physics-and-astronomy-reu	University of Minnesota	https://cse.umn.edu/physics/reu-program	cse.umn.edu	403		HTTP 403
WARN	Coastal Critical Zone Network: Summer Undergraduate Internships	coastal-critical-zone-network-summer-undergraduate-internships	George Washington University	https://czn.coastal.udel.edu/opportunities/	czn.coastal.udel.edu	200	Opportunities - Coastal Critical Zone	title match 2/6
WARN	Coastal Critical Zone Network: Summer Undergraduate Internships	coastal-critical-zone-network-summer-undergraduate-internships-icalzone	University of Delaware	https://czn.coastal.udel.edu/opportunities/	czn.coastal.udel.edu	200	Opportunities - Coastal Critical Zone	title match 2/6
WARN	Data Science Institute Summer Lab	data-science-institute-summer-lab	University of Chicago	https://datascience.uchicago.edu/education/summerlab/	datascience.uchicago.edu	200	DSI Summer Lab | DSI	title match 1/3
WARN	Test score excellence Award (Full-time MBA) at ESMT Berlin 2026	test-score-excellence-award-full-time-mba-at-esmt-berlin-2026	European School of Management and Technology (ESMT)	https://degrees.esmt.berlin/mba-programs/full-time-mba/scholarships-financing/scholarships	degrees.esmt.berlin	200	MBA Scholarships | ESMT Berlin	title match 1/4
WARN	Federal Ministry of Education and Research: Digital GreenTalents Award	federal-ministry-of-education-and-research-digital-greentalents-award-daad	Federal Ministry of Education and Research	https://digitalgreentalents.de	digitalgreentalents.de	200	Digital Green Talents&nbsp;- Gesellschaft für Informatik e.V.	title match 1/7
WARN	The Berkeley Chancellor's Postdoctoral Fellowship Program	the-berkeley-chancellor-s-postdoctoral-fellowship-program	University of California, Berkeley	http://diversity.berkeley.edu/chancellors-postdoctoral-fellowship	diversity.berkeley.edu	200	Postdoctoral | Equity and Inclusion	title match 1/5
WARN	Drexel Deans Scholarship at Drexel University 2026	drexel-deans-scholarship-at-drexel-university-2026	Drexel University	https://drexel.edu/drexelcentral/finaid/grants/graduate-scholarships/	drexel.edu	200	Graduate Scholarships	title match 1/5
WARN	Leroy L Resser Fund at Drexel University 2026	leroy-l-resser-fund-at-drexel-university-2026	Drexel University	https://drexel.edu/engineering/admissions/graduate/graduate-student-fellowships/	drexel.edu	200	Awards and Fellowships | Drexel Engineering	title match 1/4
WARN	Bachelor’s Degree Entrance Scholarships at Durham University 2025	bachelor-s-degree-entrance-scholarships-at-durham-university-2025	Durham College	https://durhamcollege.ca/info-for/international/study-dc/scholarships	durhamcollege.ca	200	Financial Information &#x2d; Durham College	title match 1/6
FAIL	Erasmus Mundus Scholarships for International Students	erasmus-mundus-scholarships-for-international-students-s4d	European Union	http://eacea.ec.europa.eu/erasmus_mundus/funding/available_partnerships.php	eacea.ec.europa.eu			TypeError: fetch failed
WARN	European Union: Erasmus+ Mobility Programme for Higher Education Students	european-union-erasmus-mobility-programme-for-higher-education-students-daad	European Union	http://ec.europa.eu/programmes/erasmus-plus/tools/national-agencies/index_en.htm	ec.europa.eu	200	National Agencies - Erasmus+	title match 1/8
WARN	European Union: Erasmus+ Mobility Project for Higher Education Teachers and Staff	european-union-erasmus-mobility-project-for-higher-education-teachers-and-staff-daad	European Union	http://ec.europa.eu/programmes/erasmus-plus/tools/national-agencies/index_en.htm	ec.europa.eu	200	National Agencies - Erasmus+	title match 1/9
FAIL	Paid summer REU internship: Prairie Ecology in western MN	paid-summer-reu-internship-prairie-ecology-in-western-mn-chinacea	University of Minnesota	https://echinaceaproject.org/?s=REU	echinaceaproject.org	500		HTTP 500
FAIL	Research Experience for Teachers with The Echinacea Project	research-experience-for-teachers-with-the-echinacea-project-chinacea	University of Minnesota	http://echinaceaproject.org/opportunities/teacher-researcher/	echinaceaproject.org	500		HTTP 500
FAIL	Fondation des Ponts Scholarships at Ecole de Ponts ParisTech 2025	fondation-des-ponts-scholarships-at-ecole-de-ponts-paristech-2025	Ecole des ponts ParisTech	https://ecoledesponts.fr/en/scholarships-and-international-students-support	ecoledesponts.fr	404		HTTP 404
WARN	Research Experience for Undergraduates in Ecological, Biological, and/or Engineering fields	research-experience-for-undergraduates-in-ecological-biological-and-or-engineering-fields	University of Arkansas	http://ecoreu.uark.edu/	ecoreu.uark.edu	200	Eco REU | Biological Sciences | University of Arkansas	title match 1/7
WARN	Advanced Study Program Postdoctoral Fellowships	advanced-study-program-postdoctoral-fellowships	National Center for Atmospheric Research (NCAR)	https://edec.ucar.edu/advanced-study-program/postdoctoral-fellowship-program	edec.ucar.edu	200	ASP Postdoctoral Fellowship Program | Education, Engagement &amp; Early-Career Development	title match 2/5
WARN	The Generation Google Internships	the-generation-google-internships	Google	https://edu.google.com/scholarships/the-generation-google-scholarship/	edu.google.com	200	BuildYourFuture	title match 0/3
FAIL	Taiwan Government Scholarships for International Students	taiwan-government-scholarships-for-international-students-s4d	Government of Taiwan	http://edu.law.moe.gov.tw/EngLawContent.aspx?Type=E&id=122	edu.law.moe.gov.tw			TypeError: fetch failed
WARN	ORNL Undergraduate Research Opportunities	ornl-undergraduate-research-opportunities	Oak Ridge Institute for Science and Education	https://education.ornl.gov/undergraduate/	education.ornl.gov	200	Educational Programs | ORNL	title match 0/3
WARN	Department of Energy Community College Internships (CCI)	department-of-energy-community-college-internships-cci	Oak Ridge Institute for Science and Education	https://education.ornl.gov/cci/	education.ornl.gov	200	Educational Programs | ORNL	title match 0/5
WARN	Fellowship in Ecology, Evolution, and Behavior	fellowship-in-ecology-evolution-and-behavior	Michigan State University	https://eeb.msu.edu/initiatives/postdoctoral-fellowship/about-position.aspx	eeb.msu.edu	200		no <title> in page
WARN	Erwin-Schrödinger grants from the Austrian Fonds zur Förderung der wissenschaftlichen Forschung	erwin-schr-dinger-grants-from-the-austrian-fonds-zur-f-rderung-der-wissenschaftlichen-fors-cf	FWF (Austrian Science Fund)	https://elane.fwf.ac.at/page/panel/loginpanel?5	elane.fwf.ac.at	200	Login | Der Wissenschaftsfonds	title match 1/8
WARN	Ernst Ludwig Ehrlich Studienwerk: Doctoral Scholarship	ernst-ludwig-ehrlich-studienwerk-doctoral-scholarship-daad	Ernst Ludwig Ehrlich Studienwerk	https://eles-studienwerk.de/bewerbung/promovierendenfoerderung/	eles-studienwerk.de	200	Promovierendenförderung - ELES	title match 0/6
WARN	Eurasian Management and Administration School (EMAS) Scholarships 2026	eurasian-management-and-administration-school-emas-scholarships-2026	Eurasian Management and Administration School (EMAS), Moscow	https://emasglobe.com/scholarships	emasglobe.com	200	Scholarships | EMAS Business School	title match 2/5
WARN	Information and Computing Science — Beijing University of Chemical Technology (Bachelor's)	information-and-computing-science-beijing-university-of-chemical-technology-bachelor-s	Beijing University of Chemical Technology	https://en-sie.buct.edu.cn/4217/list.htm	en-sie.buct.edu.cn	200	Beijing Government Scholarship	title match 1/8
WARN	Biological Technology — Beijing University of Chemical Technology (Bachelor's)	biological-technology-beijing-university-of-chemical-technology-bachelor-s	Beijing University of Chemical Technology	https://en-sie.buct.edu.cn/4217/list.htm	en-sie.buct.edu.cn	200	Beijing Government Scholarship	title match 1/7
WARN	Biomedical Engineering — Beijing University of Chemical Technology (Bachelor's)	biomedical-engineering-beijing-university-of-chemical-technology-bachelor-s	Beijing University of Chemical Technology	https://en-sie.buct.edu.cn/4217/list.htm	en-sie.buct.edu.cn	200	Beijing Government Scholarship	title match 1/7
WARN	Danish State Scholarships at University of Copenhagen	danish-state-scholarships-at-university-of-copenhagen-s4d	University of Copenhagen	http://en.itu.dk/Programmes/MSc-Programmes/Applying-to-a-MSc-Programme	en.itu.dk	200	How to apply for enrolment at ITU	title match 0/5
WARN	IT University of Copenhagen State Scholarships in Denmark	it-university-of-copenhagen-state-scholarships-in-denmark-s4d	IT University of Copenhagen	http://en.itu.dk/Programmes/MSc-Programmes/Applying-to-a-MSc-Programme	en.itu.dk	200	How to apply for enrolment at ITU	title match 0/5
WARN	Chinese Language and Culture — SIAS University (Bachelor's)	chinese-language-and-culture-sias-university-bachelor-s	SIAS University	https://en.sias.edu.cn/info/1053/4990.htm	en.sias.edu.cn	200	Scholarship Categories &amp; Financial Aid Policies-Sias University	title match 1/5
WARN	Physical Education — SIAS University (Bachelor's)	physical-education-sias-university-bachelor-s	SIAS University	https://en.sias.edu.cn/info/1053/4990.htm	en.sias.edu.cn	200	Scholarship Categories &amp; Financial Aid Policies-Sias University	title match 1/4
WARN	SNU Graduate Scholarship for Excellent Foreign Students (GSFS)	snu-graduate-scholarship-for-excellent-foreign-students-gsfs-kr	Seoul National University	https://en.snu.ac.kr/admission/graduate/scholarships/before_application	en.snu.ac.kr	200	Before Application - Scholarships - Graduate - Admissions - Seoul National University	title match 2/5
WARN	SNU Global Korea Scholarship (GKS) for Undergraduate Students	snu-global-korea-scholarship-gks-for-undergraduate-students-kr	Seoul National University / NIIED	https://en.snu.ac.kr/admission/undergraduate/scholarships/before_admission	en.snu.ac.kr	200	Before Application - Scholarships - Undergraduate - Admissions - Seoul National University	title match 2/5
WARN	International Foundation in Engineering — The Sino-British College, University of Shanghai for Science and Technology (Non-degree)	international-foundation-in-engineering-the-sino-british-college-university-of-shanghai-fo	The Sino-British College, University of Shanghai for Science and Technology	https://en.usst.edu.cn/Study_with_us/Scholarship.htm	en.usst.edu.cn	200	Scholarship-USST	title match 0/10
WARN	3+0 Pathway Mechanical and Manufacturing Engineering — The Sino-British College, University of Shanghai for Science and Technology (Bachelor's)	3-0-pathway-mechanical-and-manufacturing-engineering-the-sino-british-college-university-o	The Sino-British College, University of Shanghai for Science and Technology	https://en.usst.edu.cn/Study_with_us/Scholarship.htm	en.usst.edu.cn	200	Scholarship-USST	title match 0/11
WARN	Explore a Career as a STEM Teacher Fellowship	explore-a-career-as-a-stem-teacher-fellowship	EnCorps	https://encorps.org/teaching-fellowship	encorps.org	200	STEM Teachers Program® | California | EnCorps	title match 1/4
WARN	Two Summers of Paid Research in Neuroscience: WUSTL ENDURE	two-summers-of-paid-research-in-neuroscience-wustl-endure	Washington University	http://endure.wustl.edu	endure.wustl.edu	200	Intro  | WashU ENDURE Program | Washington University in St. Louis	title match 1/5
FAIL	PhD Write Up Award at University of Melbourne 2026	phd-write-up-award-at-university-of-melbourne-2026	University of Melbourne	https://eng.unimelb.edu.au/students/research/study-resources/scholarships/phd-write-up-award	eng.unimelb.edu.au	403		HTTP 403
WARN	Center for Energy Efficient Electronics Science Transfer- to- Excellence Research Experiences for Undergraduates Program	center-for-energy-efficient-electronics-science-transfer-to-excellence-research-experiences-for-undergraduates-program	University of California, Berkeley	https://engineering.berkeley.edu/admissions/undergraduate-admissions/transfer-to-excellence/	engineering.berkeley.edu	200	Transfer-to-Excellence - Berkeley Engineering	title match 2/11
WARN	Summer Undergraduate Research Fellowship Program	summer-undergraduate-research-fellowship-program	Purdue University	https://engineering.purdue.edu/Engr/Research/EURO/students/about-SURF	engineering.purdue.edu	200	SURF - Research - College of Engineering - Purdue University	title match 1/5
FAIL	REU in Multifunctional Materials	reu-in-multifunctional-materials	Texas A&amp;M University	https://engineering.tamu.edu/materials/undergraduate-research/multifunctional-materials-reu/index.html	engineering.tamu.edu	404		HTTP 404
WARN	CAS-DAAD-Programme / Joint Fellowship Programme for Doctoral Students of CAS	cas-daad-programme-joint-fellowship-programme-for-doctoral-students-of-cas-daad	DAAD	http://english.ucas.ac.cn	english.ucas.ac.cn	200	Home - University of Chinese  Academy of Sciences	title match 0/6
WARN	Gemology and Material Crafts — China University of Geosciences (Wuhan) (Bachelor's)	gemology-and-material-crafts-china-university-of-geosciences-wuhan-bachelor-s	China University of Geosciences (Wuhan)	https://eniec.cug.edu.cn/Scholarships/CUG_President_Scholarship.htm	eniec.cug.edu.cn	200	CUG President Scholarship-国际教育学院英文版	title match 0/8
WARN	International Economy and Trading — China University of Geosciences (Wuhan) (Bachelor's)	international-economy-and-trading-china-university-of-geosciences-wuhan-bachelor-s	China University of Geosciences (Wuhan)	https://eniec.cug.edu.cn/Scholarships/CUG_President_Scholarship.htm	eniec.cug.edu.cn	200	CUG President Scholarship-国际教育学院英文版	title match 0/8
WARN	International student mobility grants - ExcellencES IRIS-E project	international-student-mobility-grants-excellences-iris-e-project-cf	Project ExcellencES IRIS-E	https://enquetes-partenaires.univ-rennes.fr/index.php/467471?lang=en	enquetes-partenaires.univ-rennes.fr	200	Je dépose une demande de soutien à la mobilité (étudiant·es)	title match 0/6
FAIL	Environmental Fellows Program	environmental-fellows-program	Harvard University	http://environment.harvard.edu/environmental-fellows-program	environment.harvard.edu	403		HTTP 403
WARN	School of the Environment Praetorius H Walter & Jeanette/exxon Grad Fellowship in Geology at Washington State University 2026	school-of-the-environment-praetorius-h-walter-jeanette-exxon-grad-fellowship-in-geology-at-washington-state-university-2026	Washington State University (WSU), Pullman	https://environment.wsu.edu/scholarships/	environment.wsu.edu	200	Scholarships | School of the Environment |  Washington State University	title match 5/11
WARN	Erasmus+ grant	erasmus-grant-cf	Österreichischer Austauschdienst - OeAD	https://erasmusplus.at/de/hochschulbildung/studierende-und-graduierte/	erasmusplus.at	200	Studierende und Graduierte	title match 0/2
WARN	Developing Country Scholarships LDC/LLDC at ESMT Berlin 2026	developing-country-scholarships-ldc-lldc-at-esmt-berlin-2026	European School of Management and Technology (ESMT)	https://esmt.berlin/degrees/master-programs/fees-financing	esmt.berlin	200	Master at ESMT Berlin | Fees and Financing	title match 1/4
FAIL	The Faculty of Environmental and Urban Change’s Specialist High Skills Major Award 2026	the-faculty-of-environmental-and-urban-change-s-specialist-high-skills-major-award-2026	York University, Canada	https://euc.yorku.ca/future-students/financing-your-studies-undergraduate-awards/#:~:text=The%20YUFA%20Foundation%20bursary%20is,Urban%20Change%20at%20York%20University.&text=Eligibility-,Students%20registered%20in%20the%20Faculty%20of%20Environmental%20%26%20Urban%20Change%20at,at%20York%20are%20no	euc.yorku.ca			TypeError: fetch failed
WARN	Development-Related Postgraduate Courses (EPOS)	development-related-postgraduate-courses-epos-daad	DAAD	http://europass.cedefop.europa.eu/	europass.cedefop.europa.eu	200	Home | Europass	title match 0/4
WARN	Research Experiences for Undergraduates (REU) Site: EXERCISE - Explore Emerging Computing in Science and Engineering	research-experiences-for-undergraduates-reu-site-exercise-explore-emerging-computing-in-science-and-engineering-exercise	Salisbury University	http://faculty.salisbury.edu/~ealu/REU/REU.html	faculty.salisbury.edu	200	Enyue Annie Lu	title match 0/9
WARN	Research Experiences for Undergraduates (REU) Site: EXERCISE - Explore Emerging Computing in Science and Engineering	research-experiences-for-undergraduates-reu-site-exercise-explore-emerging-computing-in-science-and-engineering	Johns Hopkins University	http://faculty.salisbury.edu/~ealu/REU/REU.html	faculty.salisbury.edu	200	Enyue Annie Lu	title match 0/9
WARN	Postdoctoral Research in the Radiology Department	postdoctoral-research-in-the-radiology-department	University of Pennsylvania	https://facultyjobs.upenn.edu/#postdoctoral-positions	facultyjobs.upenn.edu	200	Penn Faculty Jobs | Search Jobs	title match 0/4
WARN	Dalian Jiaotong University CSC Scholarship 2026	dalian-jiaotong-university-csc-scholarship-2026	China Scholarship Council (CSC)	http://fao.djtu.edu.cn/	fao.djtu.edu.cn	200	大连交通大学国际合作与交流处（留学生部）	title match 0/4
WARN	Research Internship Abroad Scholarship (BEPE) - Fundação de Amparo in Pesquisa do Estado de São Paulo	research-internship-abroad-scholarship-bepe-funda-o-de-amparo-in-pesquisa-do-estado-de-s-o-cf	FAPESP	https://fapesp.br/bolsas/bepe	fapesp.br	200	Bolsa Estágio de Pesquisa no Exterior (BEPE)	title match 1/9
WARN	Research Scholarship at National University of Singapore 2026	research-scholarship-at-national-university-of-singapore-2026	National University of Singapore (NUS)	https://fass.nus.edu.sg/prospective-students/graduate/research/scholarships/nus-research-scholarship/	fass.nus.edu.sg	200		no <title> in page
WARN	NUS President Graduate Fellowship 2025	nus-president-graduate-fellowship-2025	National University of Singapore (NUS)	https://fass.nus.edu.sg/prospective-students/graduate/research/scholarships/presidents-graduate-fellowship/	fass.nus.edu.sg	200		no <title> in page
WARN	Landscape Scholarships at Benetton Foundation 2026	landscape-scholarships-at-benetton-foundation-2026	Fondazione Benetton Foundation	https://fbsr.it/borse-di-studio-sul-paesaggio/?_gl=1*18ejaui*_up*MQ..*_ga*MjAwNTM1ODEwNS4xNzQ2Nzc3NTY0*_ga_LR6MFQLMTJ*czE3NDY3Nzc1NjEkbzEkZzAkdDE3NDY3Nzc1NjEkajAkbDAkaDA.	fbsr.it	200	Borse di Studio per Neolaureati | Fondazione Benetton Studi Ricerche	title match 1/4
WARN	HOPE Scholarship at Georgia Institute of Technology 2025	hope-scholarship-at-georgia-institute-of-technology-2025	Georgia Institute of Technology (Georgia Tech)	https://finaid.gatech.edu/undergraduate-types-aid/hope-scholarship	finaid.gatech.edu	200	HOPE Scholarship | Financial Aid	title match 1/4
WARN	Grenoble Masters Scholarship at Grenoble Ecole de Management 2026	grenoble-masters-scholarship-at-grenoble-ecole-de-management-2026	Grenoble Graduate School of Business (Grenoble Ecole De Management)	https://financial-advisor.grenoble-em.com/en/solutions?simulation=%7B%22educationalPrograms%22%3A%5B%22gem-v4-programme-grande-ecole-pge%22%5D%2C%22educationalProgramSteps%22%3A%5Bnull%2C%22gem-v4-programme-grande-ecole-pge-m1-pgemim-master-in-management-international-student-admissions%22%5D%2C%22p	financial-advisor.grenoble-em.com	200	GEM Financial Advisor	title match 0/6
WARN	Ram Transfer Scholarship at Colorado State University 2025	ram-transfer-scholarship-at-colorado-state-university-2025	Colorado State University	https://financialaid.colostate.edu/scholarships-for-transfer-students/	financialaid.colostate.edu	200	Scholarships for Transfer Students - The Hub	title match 2/5
WARN	TCU Scholarship at Texas Christian University 2026	tcu-scholarship-at-texas-christian-university-2026	Texas Christian University	https://financialaid.tcu.edu/types-of-aid/scholarships/first-year-academic-scholarships.php	financialaid.tcu.edu	200	First-Year Academic Scholarships	title match 1/4
WARN	Purple and White Scholarship at Texas Christian University 2026	purple-and-white-scholarship-at-texas-christian-university-2026	Texas Christian University	https://financialaid.tcu.edu/types-of-aid/scholarships/first-year-academic-scholarships.php	financialaid.tcu.edu	200	First-Year Academic Scholarships	title match 1/6
WARN	Merit Scholarship for Community College Graduates at Indiana Institute of Technology 2025	merit-scholarship-for-community-college-graduates-at-indiana-institute-of-technology-2025	Indiana Institute of Technology (Indiana Tech), Fort Wayne, Indiana	https://financialservices.indianatech.edu/scholarships/adult/	financialservices.indianatech.edu	200	Adult and Online Scholarships – Student Financial Services – Indiana Tech	title match 2/8
WARN	Ohio Partnership Grant at Indiana Institute of Technology 2026	ohio-partnership-grant-at-indiana-institute-of-technology-2026	Indiana Institute of Technology (Indiana Tech), Fort Wayne, Indiana	https://financialservices.indianatech.edu/scholarships/transfer-undergraduate/	financialservices.indianatech.edu	200	Transfer Undergraduate – Student Financial Services – Indiana Tech	title match 1/5
WARN	The Nordan Young Artist/Studio Art & Art Education Award at TCU 2025	the-nordan-young-artist-studio-art-art-education-award-at-tcu-2025	Texas Christian University	https://finearts.tcu.edu/art/academics/scholarships/	finearts.tcu.edu	200	Scholarship &amp; Aid | TCU School of Art	title match 0/6
WARN	Eckenfelder Scholarship	eckenfelder-scholarship	Brown and Caldwell	https://funds.environment.yale.edu/brown-and-caldwell-eckenfelder-scholarship	funds.environment.yale.edu	200		no <title> in page
WARN	Government Scholarships Programme Mexico COMECYT-DAAD Master	government-scholarships-programme-mexico-comecyt-daad-master-daad	DAAD	https://g.co/kgs/sSYfhBy	g.co	200	Google Search	title match 0/6
WARN	Government Scholarships Programme Mexico COMECYT-DAAD Promotion	government-scholarships-programme-mexico-comecyt-daad-promotion-daad	DAAD	https://g.co/kgs/sSYfhBy	g.co	200	Google Search	title match 0/6
WARN	NSF Center for Genetically Encoded Materials Summer Undergraduate Research Program (C-GEM SURP)	nsf-center-for-genetically-encoded-materials-summer-undergraduate-research-program-c-gem-surp-cgemsurp	Center for Genetically Encoded Materials	https://gem-net.net/join/undergrads/	gem-net.net	200	Undergraduates | NSF C-GEM	title match 1/8
WARN	NSF Center for Genetically Encoded Materials Summer Undergraduate Research Program (C-GEM SURP)	nsf-center-for-genetically-encoded-materials-summer-undergraduate-research-program-c-gem-surp	Boston College	https://gem-net.net/join/undergrads/	gem-net.net	200	Undergraduates | NSF C-GEM	title match 1/8
WARN	Summer Research Experience in Urban Science (REU)	summer-research-experience-in-urban-science-reu	University of North Carolina, Charlotte	https://geoearth.charlotte.edu/ges-reu-program/	geoearth.charlotte.edu	200	REU Program: REMUS - Department of Earth, Environmental and Geographical Sciences	title match 1/5
WARN	International Student Scholarships at Taipei Medical University 2026	international-student-scholarships-at-taipei-medical-university-2026	Taipei Medical University	https://gimbc.tmu.edu.tw/scholarship/#:~:text=scholarships%2F%23scholarships-,TMU%20Scholarship,application%2C%20please%20do%20that%20first.	gimbc.tmu.edu.tw	200	Scholarship - 臺北醫學大學	title match 0/6
WARN	Lou Holtz Persistence Scholarship at Indiana Institute of Technology 2025	lou-holtz-persistence-scholarship-at-indiana-institute-of-technology-2025	Indiana Institute of Technology (Indiana Tech), Fort Wayne, Indiana	https://giving.indianatech.edu/funds/scholarships/	giving.indianatech.edu	200	Endowed Scholarships – Indiana Tech Giving – Indiana Tech	title match 2/6
WARN	Dr. Arthur and Camille Snyder Presidential Scholarship at Indiana Institute of Technology 2025	dr-arthur-and-camille-snyder-presidential-scholarship-at-indiana-institute-of-technology-2025	Indiana Institute of Technology (Indiana Tech), Fort Wayne, Indiana	https://giving.indianatech.edu/funds/scholarships/	giving.indianatech.edu	200	Endowed Scholarships – Indiana Tech Giving – Indiana Tech	title match 2/8
WARN	John D. Kistner Scholarship at Indiana Institute of Technology 2025	john-d-kistner-scholarship-at-indiana-institute-of-technology-2025	Indiana Institute of Technology (Indiana Tech), Fort Wayne, Indiana	https://giving.indianatech.edu/funds/scholarships/	giving.indianatech.edu	200	Endowed Scholarships – Indiana Tech Giving – Indiana Tech	title match 2/5
WARN	English Language — Changzhou Institute of Technology (Bachelor's)	english-language-changzhou-institute-of-technology-bachelor-s	Changzhou Institute of Technology	https://gjjl.cczu.edu.cn/_t1248/FEESwSCHOLARSHIPS/main.psp	gjjl.cczu.edu.cn	200	FEES & SCHOLARSHIPS	title match 0/6
WARN	Business Administration — Changzhou Institute of Technology (Bachelor's)	business-administration-changzhou-institute-of-technology-bachelor-s	Changzhou Institute of Technology	https://gjjl.cczu.edu.cn/_t1248/FEESwSCHOLARSHIPS/main.psp	gjjl.cczu.edu.cn	200	FEES & SCHOLARSHIPS	title match 0/6
WARN	Animation — Changzhou Institute of Technology (Bachelor's)	animation-changzhou-institute-of-technology-bachelor-s	Changzhou Institute of Technology	https://gjjl.cczu.edu.cn/_t1248/FEESwSCHOLARSHIPS/main.psp	gjjl.cczu.edu.cn	200	FEES & SCHOLARSHIPS	title match 0/5
WARN	TV Broadcasting — Dongguan University of Technology (Bachelor's)	tv-broadcasting-dongguan-university-of-technology-bachelor-s	Dongguan University of Technology	https://gjxy.dgut.edu.cn/index/Home.htm	gjxy.dgut.edu.cn	200	Home-国际学院	title match 0/5
WARN	Chinese Language and Literature — Dongguan University of Technology (Bachelor's)	chinese-language-and-literature-dongguan-university-of-technology-bachelor-s	Dongguan University of Technology	https://gjxy.dgut.edu.cn/index/Home.htm	gjxy.dgut.edu.cn	200	Home-国际学院	title match 0/7
WARN	Research Institute Summer Experience (RISE) in Civil and Environmental Engineering	research-institute-summer-experience-rise-in-civil-and-environmental-engineering	North Carolina State University	http://go.ncsu.edu/rise	go.ncsu.edu	200	RISE at NCSU	title match 0/7
FAIL	International Achievement Freshmen Scholarship at Oklahoma State University 2026	international-achievement-freshmen-scholarship-at-oklahoma-state-university-2026	Oklahoma State University	https://go.okstate.edu/scholarships-financial-aid/types-of-aid/scholarships-and-grants/international-scholarships	go.okstate.edu	403		HTTP 403
WARN	Conference Travel Grants at University of California Berkeley 2026	conference-travel-grants-at-university-of-california-berkeley-2026	University of California, Berkeley (UCB)	http://grad.berkeley.edu/financial/fellowships/	grad.berkeley.edu	200	Graduate Fellowships, Grants and Awards - Berkeley Graduate Division	title match 2/6
WARN	Porter Physiology Development Fellowship	porter-physiology-development-fellowship	American Physiological Society	https://grad.ucla.edu/funding/#/view-record/303/0	grad.ucla.edu	200	Funding | UCLA Graduate Programs	title match 0/4
WARN	Tsinghua University Scholarships By Siemens China 2025	tsinghua-university-scholarships-by-siemens-china-2025	China Scholarship Council (CSC)	http://gradadmission.tsinghua.edu.cn	gradadmission.tsinghua.edu.cn	200	清华大学用户电子身份服务系统	title match 0/5
FAIL	Consider Cornell: Explore	consider-cornell-explore	Cornell University	https://gradschool.cornell.edu/consider-cornell/consider-cornell-explore/	gradschool.cornell.edu	403		HTTP 403
WARN	Duke University SROP (Summer Research Opportunity Program)	duke-university-srop-summer-research-opportunity-program	Duke University	https://gradschool.duke.edu/about/diversity-equity-inclusion/duke-summer-research-opportunity-program/	gradschool.duke.edu	200		no <title> in page
WARN	Research Excellence Program	research-excellence-program	University of Missouri, Columbia	https://gradschool.missouri.edu/postdoctoral-education/prospective-postdocs/	gradschool.missouri.edu	200	Prospective Postdocs - Graduate School	title match 0/3
FAIL	Intensive Summer Research Program	intensive-summer-research-program	University of Florida	https://graduateeducation.pharmacy.ufl.edu/intensive-summer-research-program/	graduateeducation.pharmacy.ufl.edu			TypeError: fetch failed
WARN	Laney Graduate School - Summer Opportunity for Academic Research (SOAR) Program	laney-graduate-school-summer-opportunity-for-academic-research-soar-program	Emory University	https://graduateschool.emory.edu/belonging/programming/lgs-soar/index.html	graduateschool.emory.edu	200	LGS-SOAR	title match 0/8
FAIL	Warren V. Musser Fellowship In Entrepreneurial Studies at Penn State Great Valley 2025	warren-v-musser-fellowship-in-entrepreneurial-studies-at-penn-state-great-valley-2025	Penn State Great Valley	http://greatvalley.psu.edu/financial-aid/scholarships/warren-v-musser-fellowship-entrepreneurial-studies	greatvalley.psu.edu	403		HTTP 403
WARN	The Junior Academy and the 1000 Girls, 1000 Futures Program	the-junior-academy-and-the-1000-girls-1000-futures-program	New York Academy of Sciences	https://gsa.smapply.io/prog/student_programs_/	gsa.smapply.io	200	Student Programs  - The New York Academy of Sciences	title match 2/5
WARN	Ewha GSIS Scholarships (Graduate School of International Studies)	ewha-gsis-scholarships-graduate-school-of-international-studies-kr	Ewha Womans University	https://gsis.ewha.ac.kr/gsis/admission/scholarships.do	gsis.ewha.ac.kr	200	Scholarships | 이화여자대학교 국제대학원	title match 1/5
WARN	Aquarist, Marine Science Educator Internship	aquarist-marine-science-educator-internship	Gulf Specimen Marine Lab	https://gulfspecimen.org/?s=internship	gulfspecimen.org	200	You searched for internship -	title match 1/5
WARN	Hanse-Wissenschaftskolleg (HWK): Funded Regular and Junior Fellowships	hanse-wissenschaftskolleg-hwk-funded-regular-and-junior-fellowships-daad	Hanse-Wissenschaftskolleg (HWK)	https://hanse-ias.de/apply?mtm_campaign=Annual%20Call%202026&amp;mtm_kwd=Application%20Page&amp;mtm_source=DAAD&amp;mtm_medium=Website&amp;mtm_cid=ac2026_DAAD&amp;mtm_group=Annual%20Call%20Campaigns	hanse-ias.de	200	Hanse-Wissenschaftskolleg - Apply here for a research fellowship	title match 2/6
FAIL	Postdoctoral Fellowship Program in Oncogenic Signals and Chromosome Biology	postdoctoral-fellowship-program-in-oncogenic-signals-and-chromosome-biology	University of California, Davis	https://health.ucdavis.edu/cancer/research/funding-opportunities/T32-grants	health.ucdavis.edu	404		HTTP 404
WARN	PURE Tox Research Internship	pure-tox-research-internship	Purdue University	https://hhs.purdue.edu/research/departmental-research/school-of-health-sciences-research/puretox/	hhs.purdue.edu	200	Purdue University	title match 0/2
FAIL	Post Baccalaureate Accelerated Career Experience (PACE)	post-baccalaureate-accelerated-career-experience-pace	University of Minnesota	https://hi.umn.edu/pace	hi.umn.edu	403		HTTP 403
FAIL	Summer Undergraduate Research Experience (SURE) Internship program at The Hormel Institute in Biomedical Science	summer-undergraduate-research-experience-sure-internship-program-at-the-hormel-institute-in-biomedical-science	University of Minnesota	https://hi.umn.edu/sureinternships	hi.umn.edu	403		HTTP 403
WARN	Honors College Academic Distinction Award 2025	honors-college-academic-distinction-award-2025	University of Illinois at Chicago (UIC)	https://honors.uic.edu/resources/scholarships/#tab-tabID-2-1	honors.uic.edu	200	Scholarships | Honors College | University of Illinois Chicago	title match 2/5
WARN	Professorial Assistantship (PA) Program at Michigan State University 2026	professorial-assistantship-pa-program-at-michigan-state-university-2026	Michigan State University(MSU)	https://honorscollege.msu.edu/programs/professorial-assistantship.html	honorscollege.msu.edu	200		no <title> in page
FAIL	Academic Science Education and Research Training (ASERT)	academic-science-education-and-research-training-asert-icoasert	New Mexico State University	https://hsc.unm.edu/medicine/departments/pathology/asert-iracda/	hsc.unm.edu	406		HTTP 406
FAIL	Undergraduate Pipeline Network: Summer Research Experience	undergraduate-pipeline-network-summer-research-experience-elinenet	New Mexico State University	https://hsc.unm.edu/research/brep/undergraduate/upn/index.html	hsc.unm.edu	406		HTTP 406
FAIL	Harvard School of Dental Medicine Scholarships 2025	harvard-school-of-dental-medicine-scholarships-2025	Harvard University	https://hsdm.harvard.edu/scholarships	hsdm.harvard.edu	403		HTTP 403
WARN	Hubert Humphrey Fellowships in USA for International Students	hubert-humphrey-fellowships-in-usa-for-international-students-s4d	USA Government	http://humphreyfellowship.org/	humphreyfellowship.org	200	Home - The Hubert H. Humphrey Fellowship Program	title match 2/5
FAIL	Hutton Junior Fisheries Biology Program	hutton-junior-fisheries-biology-program	American Fisheries Society	https://hutton.fisheries.org/	hutton.fisheries.org	403		HTTP 403
FAIL	Economics Career Development Grant at University of South Australia 2026	economics-career-development-grant-at-university-of-south-australia-2026	University Of South Australia UniSA	https://i.unisa.edu.au/students/scholarships/undergraduate-scholarships/unisa-business/#AdvAcctFinProgramGrant	i.unisa.edu.au	404		HTTP 404
FAIL	The Kathleen Heraghty Nursing or Midwifery Research Grant at University of South Australia 2025	the-kathleen-heraghty-nursing-or-midwifery-research-grant-at-university-of-south-australia-2025	University Of South Australia UniSA	https://i.unisa.edu.au/students/scholarships/undergraduate-scholarships/unisa-clinical-and-health-sciences/#KHNMRG	i.unisa.edu.au	404		HTTP 404
FAIL	Southcott Undergraduate Engineering Scholarship at University of South Australia 2025	southcott-undergraduate-engineering-scholarship-at-university-of-south-australia-2025	University Of South Australia UniSA	https://i.unisa.edu.au/students/scholarships/undergraduate-scholarships/unisa-stem/#SouthCottUGRDEngineering	i.unisa.edu.au	404		HTTP 404
WARN	International Graduate Tuition Award at University of Calgary 2026	international-graduate-tuition-award-at-university-of-calgary-2026	University of Calgary, Canada	https://iac01.ucalgary.ca/FGSA/Public/SpecificAward.aspx?AwardID=6115	iac01.ucalgary.ca	200	Graduate Awards Database	title match 2/6
WARN	Alberta Graduate Excellence Scholarship (AGES) - International 2025	alberta-graduate-excellence-scholarship-ages-international-2025	University of Calgary, Canada	https://iac01.ucalgary.ca/FGSA/Public/SpecificAward.aspx?AwardID=6310	iac01.ucalgary.ca	200	Graduate Awards Database	title match 1/5
WARN	Practical Traineeships for Foreign Students of Natural and Technical Sciences, Agriculture and Forestry (IAESTE)	practical-traineeships-for-foreign-students-of-natural-and-technical-sciences-agriculture--daad	DAAD	https://iaeste.org/student-nonmembers	iaeste.org	200	IAESTE A.s.b.l.	title match 1/10
WARN	IRACDA Institutional Research/Academic Career Development Award in Stem Cell Biology	iracda-institutional-research-academic-career-development-award-in-stem-cell-biology-mcellbio	University of California, Santa Cruz	https://ibsc.ucsc.edu/application-materials/	ibsc.ucsc.edu	200	Application Materials &#8211; Institute for the Biology of Stem Cells (IBSC) at UC Santa Cruz	title match 1/8
WARN	IRACDA Institutional Research/Academic Career Development Award in Stem Cell Biology	iracda-institutional-research-academic-career-development-award-in-stem-cell-biology	California State University, Monterey Bay	https://ibsc.ucsc.edu/application-materials/	ibsc.ucsc.edu	200	Application Materials &#8211; Institute for the Biology of Stem Cells (IBSC) at UC Santa Cruz	title match 1/8
WARN	IBUILD Graduate Research Fellowship	ibuild-graduate-research-fellowship	Oak Ridge Institute for Science and Education	https://ibuildfellowship.ornl.gov/	ibuildfellowship.ornl.gov	200	About - IBUILD: Innovation in Buildings        IBUILD: Innovation in Buildings	title match 1/4
WARN	Broadcasting and Hosting Art — Shanghai Normal University (Bachelor's)	broadcasting-and-hosting-art-shanghai-normal-university-bachelor-s	Shanghai Normal University	https://iccs.shnu.edu.cn/en/29462/list.htm	iccs.shnu.edu.cn	200	Scholarships	title match 0/6
WARN	Performing Art — Shanghai Normal University (Bachelor's)	performing-art-shanghai-normal-university-bachelor-s	Shanghai Normal University	https://iccs.shnu.edu.cn/en/29462/list.htm	iccs.shnu.edu.cn	200	Scholarships	title match 0/5
WARN	Animation — Shanghai Normal University (Bachelor's)	animation-shanghai-normal-university-bachelor-s	Shanghai Normal University	https://iccs.shnu.edu.cn/en/29462/list.htm	iccs.shnu.edu.cn	200	Scholarships	title match 0/5
FAIL	International Education Center (IEC) scholarships	international-education-center-iec-scholarships-se	International Education Center (IEC)	http://iec.gov.ge/	iec.gov.ge			TypeError: fetch failed
WARN	TCM Pediatrics (Treatment of pediatric respiratory, diagestive and nephrotic diseases by TCM) — Shanghai University of Traditional Chinese Medicine (PhD)	tcm-pediatrics-treatment-of-pediatric-respiratory-diagestive-and-nephrotic-diseases-by-tcm	Shanghai University of Traditional Chinese Medicine	https://iec.shutcm.edu.cn/en/598/list.htm	iec.shutcm.edu.cn	200	SCHOLARSHIP	title match 0/12
WARN	Chinese Materia Medica(Active Components and Quality Standard of Traditional Chinese medicinal herbs) — Shanghai University of Traditional Chinese Medicine (PhD)	chinese-materia-medica-active-components-and-quality-standard-of-traditional-chi-6jd	Shanghai University of Traditional Chinese Medicine	https://iec.shutcm.edu.cn/en/598/list.htm	iec.shutcm.edu.cn	200	SCHOLARSHIP	title match 0/16
WARN	TCM Formula — Shanghai University of Traditional Chinese Medicine (PhD)	tcm-formula-shanghai-university-of-traditional-chinese-medicine-phd	Shanghai University of Traditional Chinese Medicine	https://iec.shutcm.edu.cn/en/598/list.htm	iec.shutcm.edu.cn	200	SCHOLARSHIP	title match 0/6
WARN	Energy and Power Engineering — Shanghai Ocean University (Bachelor's)	energy-and-power-engineering-shanghai-ocean-university-bachelor-s	Shanghai Ocean University	https://ieo.shou.edu.cn/2025/1126/c18223a348600/page.htm	ieo.shou.edu.cn	200	2026 CSC &quot;High-level Postgraduate&quot; Program Application Guide	title match 0/7
WARN	Industrial Engineering — Shanghai Ocean University (Bachelor's)	industrial-engineering-shanghai-ocean-university-bachelor-s	Shanghai Ocean University	https://ieo.shou.edu.cn/2025/1126/c18223a348600/page.htm	ieo.shou.edu.cn	200	2026 CSC &quot;High-level Postgraduate&quot; Program Application Guide	title match 0/6
WARN	Marine Science — Shanghai Ocean University (Bachelor's)	marine-science-shanghai-ocean-university-bachelor-s	Shanghai Ocean University	https://ieo.shou.edu.cn/2025/1126/c18223a348600/page.htm	ieo.shou.edu.cn	200	2026 CSC &quot;High-level Postgraduate&quot; Program Application Guide	title match 0/6
WARN	Digital Media Technology — Zhejiang University of Science and Technology (Bachelor's)	digital-media-technology-zhejiang-university-of-science-and-technology-bachelor-s	Zhejiang University of Science and Technology	https://ies.zust.edu.cn/index/Quick_Pass_to_Application1/Scholarships1/Scholarship_for_Outstanding_New_Postgraduate_Stude.htm	ies.zust.edu.cn	200	Scholarship for Outstanding New Postgraduate Students of ZUST-School of Internation Education	title match 0/8
WARN	Computer Science and Technology — Zhejiang University of Science and Technology (Bachelor's)	computer-science-and-technology-zhejiang-university-of-science-and-technology-bachelor-s	Zhejiang University of Science and Technology	https://ies.zust.edu.cn/index/Quick_Pass_to_Application1/Scholarships1/Scholarship_for_Outstanding_New_Postgraduate_Stude.htm	ies.zust.edu.cn	200	Scholarship for Outstanding New Postgraduate Students of ZUST-School of Internation Education	title match 0/8
WARN	Food Science and Engineering — Zhejiang University of Science and Technology (Bachelor's)	food-science-and-engineering-zhejiang-university-of-science-and-technology-bachelor-s	Zhejiang University of Science and Technology	https://ies.zust.edu.cn/index/Quick_Pass_to_Application1/Scholarships1/Scholarship_for_Outstanding_New_Postgraduate_Stude.htm	ies.zust.edu.cn	200	Scholarship for Outstanding New Postgraduate Students of ZUST-School of Internation Education	title match 0/7
WARN	Excellence Scholarship Program - Social Coverage Scholarships (BCS)	excellence-scholarship-program-social-coverage-scholarships-bcs-cf	French Institute of Morocco	https://if-maroc.org/etudier-en-france/	if-maroc.org	200	Cours de français au Maroc - Institut Français Maroc	title match 0/6
WARN	Ignited Summer Fellowship Program	ignited-summer-fellowship-program-encemath	Stanford University	https://igniteducation.org/apply/	igniteducation.org	200	Ignited	title match 1/4
WARN	Ignited Summer Fellowship Program	ignited-summer-fellowship-program	Ignited	https://igniteducation.org/apply/	igniteducation.org	200	Ignited	title match 1/4
FAIL	Center for Integration of Modern Optoelectronic Materials on Demand REU	center-for-integration-of-modern-optoelectronic-materials-on-demand-reu	Georgia Institute of Technology	https://imod-stc.org/imod-reu-application/	imod-stc.org	403		HTTP 403
FAIL	Center for Integration of Modern Optoelectronic Materials on Demand REU	center-for-integration-of-modern-optoelectronic-materials-on-demand-reu-cquanmat	University of Colorado, Boulder	https://imod-stc.org/imod-reu-application/	imod-stc.org	403		HTTP 403
WARN	Arizona NASA Space Grant Program: Research Intern Undergraduate Scholarships & STEM Outreach Graduate Fellowships	arizona-nasa-space-grant-program-research-intern-undergraduate-scholarships-stem-outreach-graduate-fellowships-rantprog	Central Arizona College	https://in.nau.edu/nasa-spacegrant/	in.nau.edu	200	Main Welcome Page - NAU NASA Space Grant	title match 2/11
WARN	Arizona NASA Space Grant Program: Research Intern Undergraduate Scholarships & STEM Outreach Graduate Fellowships	arizona-nasa-space-grant-program-research-intern-undergraduate-scholarships-stem-outreach-graduate-fellowships	Arizona State University	https://in.nau.edu/nasa-spacegrant/	in.nau.edu	200	Main Welcome Page - NAU NASA Space Grant	title match 2/11
FAIL	Paid Research Experience for Undergraduates in Nanotechnology for Biology and Bioengineering	paid-research-experience-for-undergraduates-in-nanotechnology-for-biology-and-bioengineering	Johns Hopkins University	https://inbt.jhu.edu/nanobio-reu/	inbt.jhu.edu	403		HTTP 403
WARN	Injury Science Research Experience for Undergraduates (REU)	injury-science-research-experience-for-undergraduates-reu	Childrens Hospital of Philadelphia	https://injury.research.chop.edu/training-opportunities/reu#.WCym99gzWot	injury.research.chop.edu	200	REU | Center for Injury Research and Prevention	title match 2/5
WARN	Injury Science Research Experience for Undergraduates (REU)	injury-science-research-experience-for-undergraduates-reu-yscience	Drexel University	https://injury.research.chop.edu/training-opportunities/reu#.WCym99gzWot	injury.research.chop.edu	200	REU | Center for Injury Research and Prevention	title match 2/5
WARN	NASA Internships and Fellowships	nasa-internships-and-fellowships	NASA	https://intern.nasa.gov/	intern.nasa.gov	200	NASA Internship Programs - NASA	title match 0/2
WARN	Transfer Student Global Wildcat Award at The University of Arizona 2026	transfer-student-global-wildcat-award-at-the-university-of-arizona-2026	University of Arizona	https://international-admissions.arizona.edu/cost-scholarships/undergraduate	international-admissions.arizona.edu	200	Undergraduate Cost &amp; Scholarships for International Students | University of Arizona International Admissions	title match 3/7
WARN	GatosMX Tuition Discount at The University of Arizona 2026	gatosmx-tuition-discount-at-the-university-of-arizona-2026	University of Arizona	https://international-admissions.arizona.edu/cost-scholarships/undergraduate	international-admissions.arizona.edu	200	Undergraduate Cost &amp; Scholarships for International Students | University of Arizona International Admissions	title match 2/5
FAIL	CSU Automatic Merit-Based International Scholarships in USA 2026	csu-automatic-merit-based-international-scholarships-in-usa-2026	Colorado State University	https://international.colostate.edu/iec/international-admissions/scholarships-and-tuition/	international.colostate.edu			AbortError: This operation was aborted
WARN	Analysis of Chinese Materia Medica — China Pharmaceutical University (Master's)	analysis-of-chinese-materia-medica-china-pharmaceutical-university-master-s	China Pharmaceutical University	https://international.cpu.edu.cn/362/list.htm	international.cpu.edu.cn	200	Scholarships	title match 0/8
WARN	Pharmacognosy — China Pharmaceutical University (PhD)	pharmacognosy-china-pharmaceutical-university-phd	China Pharmaceutical University	https://international.cpu.edu.cn/362/list.htm	international.cpu.edu.cn	200	Scholarships	title match 0/4
WARN	Biological pharmacy — China Pharmaceutical University (Bachelor's)	biological-pharmacy-china-pharmaceutical-university-bachelor-s	China Pharmaceutical University	https://international.cpu.edu.cn/362/list.htm	international.cpu.edu.cn	200	Scholarships	title match 0/6
FAIL	Humber International Entrance Scholarships	humber-international-entrance-scholarships-s4d	Humber College	http://international.humber.ca/student-services/managing-your-finances/scholarships-awards.html	international.humber.ca			TypeError: fetch failed
WARN	SYSU Partnership Transfer Award at IUPUI 2027	sysu-partnership-transfer-award-at-iupui-2027	Indiana University–Purdue University Indianapolis	https://international.indianapolis.iu.edu/admissions/scholarships/sysu-scholarships-iu.html	international.indianapolis.iu.edu	200	Partner Scholarships for SYSU 2+2 Transfer Students :&#160;Scholarships &amp; Funding:&#160;Admissions:&#160;Office of International Affairs:&#160;Indiana University Indianapolis	title match 1/4
WARN	International Partner Academic Merit Award at IUPUI 2026	international-partner-academic-merit-award-at-iupui-2026	Indiana University–Purdue University Indianapolis	https://international.indianapolis.iu.edu/admissions/scholarships/sysu-scholarships-iu.html	international.indianapolis.iu.edu	200	Partner Scholarships for SYSU 2+2 Transfer Students :&#160;Scholarships &amp; Funding:&#160;Admissions:&#160;Office of International Affairs:&#160;Indiana University Indianapolis	title match 2/6
WARN	Merit-Based Awards for Transfers at Indiana Institute of Technology 2025	merit-based-awards-for-transfers-at-indiana-institute-of-technology-2025	Indiana Institute of Technology (Indiana Tech), Fort Wayne, Indiana	https://international.indianatech.edu/undergrad/finaid/	international.indianatech.edu	200	Scholarships &amp; Financial Aid – International Admissions – Indiana Tech	title match 1/7
WARN	Associate Degree Transfer Scholarship at Indiana Institute of Technology 2025	associate-degree-transfer-scholarship-at-indiana-institute-of-technology-2025	Indiana Institute of Technology (Indiana Tech), Fort Wayne, Indiana	https://international.indianatech.edu/undergrad/finaid/	international.indianatech.edu	200	Scholarships &amp; Financial Aid – International Admissions – Indiana Tech	title match 2/7
FAIL	Khazar University Merit-based Scholarship 2026	khazar-university-merit-based-scholarship-2026	Khazar University	https://international.khazar.org/international-scholarship-program/	international.khazar.org	404		HTTP 404
FAIL	Koç University Merit Scholarships for International Students	ko-university-merit-scholarships-for-international-students-tr	Koç University	https://international.ku.edu.tr/scholarships/overview/	international.ku.edu.tr	403		HTTP 403
WARN	International Undergraduate Scholarships At University Of Mississippi 2026	international-undergraduate-scholarships-at-university-of-mississippi-2026	University of Mississippi	https://international.olemiss.edu/scholarships-for-international-undergraduates/	international.olemiss.edu	200	Immigration Services for Students and Scholars | Ole Miss	title match 0/5
FAIL	International Fellowships at Union College 2026	international-fellowships-at-union-college-2026	Union College	https://international.union.edu/index.cfm?FuseAction=Abroad.ViewLink&Parent_ID=E7B42627-A4BA-DB3E-035E9B363AC25F95&Link_ID=B6D29F02-A4BA-DB3E-035EACAAC10F3F15	international.union.edu	403		HTTP 403
FAIL	International Merit Scholarship at University of South Australia 2026	international-merit-scholarship-at-university-of-south-australia-2026	University Of South Australia UniSA	https://international.unisa.edu.au/scholarships-and-sponsorships/international-merit-scholarship/	international.unisa.edu.au	404		HTTP 404
FAIL	UT Scholarships for International Students 2026	ut-scholarships-for-international-students-2026	University of Tehran	https://international.ut.ac.ir/en/page/1319/ut-scholarships-for-international-students	international.ut.ac.ir			TypeError: fetch failed
WARN	Jungseok International Scholarships 2025	jungseok-international-scholarships-2025	Inha University	https://internationalcenter.inha.ac.kr/internationalcenter/9993/subview.do	internationalcenter.inha.ac.kr	200	Scholarship	title match 0/3
WARN	Academic Performance Scholarship at Chinese University of Hong Kong 2026	academic-performance-scholarship-at-chinese-university-of-hong-kong-2026	Chinese University of Hong Kong (CUHK)	https://intladmissions.cuhk.edu.cn/en/page/18	intladmissions.cuhk.edu.cn	200	Scholarships &amp; Work-Study Opportunities | International Students Undergraduate Admissions	title match 1/5
WARN	Yerby Postdoctoral Fellowship in Public Health	yerby-postdoctoral-fellowship-in-public-health	Harvard University	https://intranet.hsph.harvard.edu/pda/?_gl=1%2A1mqsti9%2A_ga%2ANDc3NTEyMzY5LjE3NDcyMjcyNDU.%2A_ga_Y9XDQEYR1L%2AczE3NTIzNjY4MjYkbzEkZzEkdDE3NTIzNjY5MDMkajQzJGwwJGgw	intranet.hsph.harvard.edu	200	HSPH Postdoctoral Association | Harvard Chan Intranet	title match 1/5
FAIL	Telkom University Scholarship Program 2026	telkom-university-scholarship-program-2026	Telkom University	https://io.telkomuniversity.ac.id/telkom-university-scholarship-program/	io.telkomuniversity.ac.id	403		HTTP 403
WARN	Internet of Things for Precision Agriculture (IoT4Ag) Pathway to PhD Program	internet-of-things-for-precision-agriculture-iot4ag-pathway-to-phd-program-nniot4ag	University of California, Merced	https://iot4ag.us/pathway-to-phd/	iot4ag.us	200	IoT4Ag | Pathway to Ph.D. (PPP)	title match 2/7
WARN	Internet of Things for Precision Agriculture (IoT4Ag) Pathway to PhD Program	internet-of-things-for-precision-agriculture-iot4ag-pathway-to-phd-program	Purdue University	https://iot4ag.us/pathway-to-phd/	iot4ag.us	200	IoT4Ag | Pathway to Ph.D. (PPP)	title match 2/7
WARN	Emergency Tuition Support Award at Washington State University 2026	emergency-tuition-support-award-at-washington-state-university-2026	Washington State University (WSU), Everett	https://ip.wsu.edu/future-students/tuition-fees/scholarships-funding/#int-academic	ip.wsu.edu	200	Scholarships and Funding | WSU International |  Washington State University	title match 3/7
FAIL	IPC Global Citizen Scholarship 2026	ipc-global-citizen-scholarship-2026	International Peoples College (IPC)	https://ipc.dk/dates-and-prices/scholarships/	ipc.dk	403		HTTP 403
FAIL	EU Grant Scheme (Partial Scholarship) at International People’s College 2025	eu-grant-scheme-partial-scholarship-at-international-people-s-college-2025	International Peoples College (IPC)	https://ipc.dk/dates-and-prices/scholarships/	ipc.dk	403		HTTP 403
WARN	MMU Achievers Research Scholarship 2026	mmu-achievers-research-scholarship-2026	Multimedia University (MMU)	https://ips.mmu.edu.my/financial-assistance/mmu/	ips.mmu.edu.my	200	Institute for Postgraduate Studies | MMU Scholarship	title match 1/3
WARN	Institutional Research and Academic Career Development Award (IRACDA) Post-Doctoral Program	institutional-research-and-academic-career-development-award-iracda-post-doctoral-program	Haskell Indian Nations University	https://iracda.ku.edu/	iracda.ku.edu	200	KU IRACDA | IRACDA Postdoctoral Training Program	title match 3/9
WARN	Institutional Research and Academic Career Development Award (IRACDA) Post-Doctoral Program	institutional-research-and-academic-career-development-award-iracda-post-doctoral-program-asiracda	University of Kansas	https://iracda.ku.edu/	iracda.ku.edu	200	KU IRACDA | IRACDA Postdoctoral Training Program	title match 3/9
WARN	San Diego IRACDA: Institutional Research and Academic Career Developmemt Award Program	san-diego-iracda-institutional-research-and-academic-career-developmemt-award-program	San Diego State University	http://iracda.ucsd.edu/wordpress/	iracda.ucsd.edu	200	San Diego IRACDA	title match 2/9
WARN	San Diego IRACDA: Institutional Research and Academic Career Developmemt Award Program	san-diego-iracda-institutional-research-and-academic-career-developmemt-award-program-goiracda	University of Arizona	http://iracda.ucsd.edu/wordpress/	iracda.ucsd.edu	200	San Diego IRACDA	title match 2/9
WARN	International REU site for Gravitational Physics	international-reu-site-for-gravitational-physics	University of Florida	https://ireu.phys.ufl.edu/home/#:~:text=Overview,truly%20reflects%20its%20international%20character.	ireu.phys.ufl.edu	200	Home - International Research Experiences for Undergraduates	title match 1/3
WARN	AstroTech Summer School: Advancing Astronomy Instrument Builders	astrotech-summer-school-advancing-astronomy-instrument-builders	University of California Observatories	https://isee-telescope-workforce.org/astrotech/	isee-telescope-workforce.org	200	AstroTech | UC-ISEE	title match 1/7
WARN	AstroTech Summer School: Advancing Astronomy Instrument Builders	astrotech-summer-school-advancing-astronomy-instrument-builders-strotech	W. M. Keck Observatory	https://isee-telescope-workforce.org/astrotech/	isee-telescope-workforce.org	200	AstroTech | UC-ISEE	title match 1/7
WARN	Computer Science and Technology — Zhejiang Normal University (Bachelor's)	computer-science-and-technology-zhejiang-normal-university-bachelor-s	Zhejiang Normal University	https://iso.zjnu.edu.cn/whejiangwwormalwwniversitywwcholarshipwforwwutstandingwwnternationalwwtudents/list.htm	iso.zjnu.edu.cn	200	ZJNU Scholarship for Outstanding Students	title match 0/7
WARN	Electronic Business — Zhejiang Normal University (Bachelor's)	electronic-business-zhejiang-normal-university-bachelor-s	Zhejiang Normal University	https://iso.zjnu.edu.cn/whejiangwwormalwwniversitywwcholarshipwforwwutstandingwwnternationalwwtudents/list.htm	iso.zjnu.edu.cn	200	ZJNU Scholarship for Outstanding Students	title match 0/6
WARN	Transportation — Zhejiang Normal University (Bachelor's)	transportation-zhejiang-normal-university-bachelor-s	Zhejiang Normal University	https://iso.zjnu.edu.cn/whejiangwwormalwwniversitywwcholarshipwforwwutstandingwwnternationalwwtudents/list.htm	iso.zjnu.edu.cn	200	ZJNU Scholarship for Outstanding Students	title match 0/5
FAIL	Global Excellence Scholarship at University of Minnesota 2026	global-excellence-scholarship-at-university-of-minnesota-2026	University of Minnesota	https://isss.umn.edu/students/support-services/funding/global-excellence-scholarship	isss.umn.edu	403		HTTP 403
FAIL	ITEP Summer Internship Programs	itep-summer-internship-programs	Institute for Tribal Environmental Professionals (ITEP)	https://itep.nau.edu/internships/	itep.nau.edu	403		HTTP 403
FAIL	ITEP Summer Internship Programs	itep-summer-internship-programs-pinterns	Northern Arizona University	https://itep.nau.edu/internships/	itep.nau.edu	403		HTTP 403
WARN	Kenneth G. and Irene Schaaf Walker Memorial Scholarship at Indiana University Bloomington 2025	kenneth-g-and-irene-schaaf-walker-memorial-scholarship-at-indiana-university-bloomington-2025	Indiana University Bloomington	https://iufoundation.iu.edu/students-parents/scholarships.html	iufoundation.iu.edu	200	Scholarships: Students: Get Involved: My IU: Indiana University	title match 3/9
FAIL	Optics in the City of Light - and international REU program from the University of Michigan in Paris, France	optics-in-the-city-of-light-and-international-reu-program-from-the-university-of-michigan-in-paris-france	University of Michigan	https://java.engin.umich.edu/parisreu/	java.engin.umich.edu			TypeError: fetch failed
WARN	Summer at Cern in Geneva, Switzerland	summer-at-cern-in-geneva-switzerland	University of Michigan	https://jobs.smartrecruiters.com/CERN/744000085340717-short-term-internship-2026	jobs.smartrecruiters.com	200	CERN Short Term Internship 2026 | SmartRecruiters	title match 0/3
WARN	Jonkoping University Fee waiver India Scholarship 2026	jonkoping-university-fee-waiver-india-scholarship-2026	Jonkoping University	https://ju.se/en/study-at-ju/application-and-admission/scholarships-and-funding.html#showmore-India	ju.se	200	Scholarships and Funding - Jönköping University	title match 2/5
WARN	Danish State Scholarships at Aarhaus University 2026	danish-state-scholarships-at-aarhaus-university-2026	Government of Denmark	https://kandidat.au.dk/en/admission/scholarships-and-grants	kandidat.au.dk	200	Study at Aarhus University in Denmark	title match 1/5
FAIL	King Abdullah University Saudi Arabia KAUST MS And PhD Scholarships 2025	king-abdullah-university-saudi-arabia-kaust-ms-and-phd-scholarships-2025	China Scholarship Council (CSC)	https://kaust.hobsons.co.uk/emtinterestpage.aspx?ip=inquire	kaust.hobsons.co.uk			TypeError: fetch failed
WARN	Undergraduate Summer Research Program in Geological Science	undergraduate-summer-research-program-in-geological-science	Keck Geology Consortium	https://keckgeology.org/research-opportunities/	keckgeology.org	200	Student Research Opportunities - Keck Geology Consortium	title match 1/6
WARN	Shick Undergraduate Scholarship at Kelley School of Business 2026	shick-undergraduate-scholarship-at-kelley-school-of-business-2026	Kelley School of Business (Indiana University)	https://kelley.iu.edu/programs/undergrad/scholarships/scholarship-details.html?id=320	kelley.iu.edu	200	Message
     | Bachelor's Degree in Business | Indiana Kelley	title match 2/6
WARN	John E. Stinton Undergraduate Business Scholarship at Kelley School of Business 2026	john-e-stinton-undergraduate-business-scholarship-at-kelley-school-of-business-2026	Kelley School of Business (Indiana University)	https://kelley.iu.edu/programs/undergrad/scholarships/scholarship-details.html?id=321	kelley.iu.edu	200	Message
     | Bachelor's Degree in Business | Indiana Kelley	title match 3/7
WARN	Rogers Scholarship at Kelley School of Business 2026	rogers-scholarship-at-kelley-school-of-business-2026	Kelley School of Business (Indiana University)	https://kelley.iu.edu/programs/undergrad/scholarships/scholarship-details.html?id=331	kelley.iu.edu	200	Message
     | Bachelor's Degree in Business | Indiana Kelley	title match 2/5
WARN	Kent Institute Higher Education Bursary 2025	kent-institute-higher-education-bursary-2025	Kent Institute Australia	https://kent.edu.au/scholarships/	kent.edu.au	200	Scholarships and Bursaries - Kent Institute Australia	title match 1/4
WARN	Dr. and Mrs. Robert W. Squires Endowment Scholarship at Kent State University 2026	dr-and-mrs-robert-w-squires-endowment-scholarship-at-kent-state-university-2026	Kent State University	https://kent.scholarshipuniverse.com/public/scholarship/442224	kent.scholarshipuniverse.com	200		no <title> in page
WARN	Chicago-Kent College of Law Merit Scholarships at Illinois Institute of Technology 2026	chicago-kent-college-of-law-merit-scholarships-at-illinois-institute-of-technology-2026	Illinois Institute of Technology (IIT Chicago)	https://kentlaw.iit.edu/law/admissions/financing-your-education/scholarships	kentlaw.iit.edu	200	Scholarships | Chicago-Kent College of Law	title match 3/7
FAIL	Mount Sinai Center for Bioinformatics: Summer Research Training Program in Biomedical Big Data Science	mount-sinai-center-for-bioinformatics-summer-research-training-program-in-biomedical-big-data-science	Mount Sinai School of Medicine	https://labs.icahn.mssm.edu/maayanlab/summer-research-program/	labs.icahn.mssm.edu	403		HTTP 403
FAIL	LDEO Summer Internship Program for Undergraduates	ldeo-summer-internship-program-for-undergraduates-erintern	Columbia University	https://lamont.columbia.edu/education-outreach/student-summer-opportunities-intern-programs	lamont.columbia.edu	403		HTTP 403
FAIL	Summer Opportunities: Intern Programs for Undergraduates	summer-opportunities-intern-programs-for-undergraduates	Columbia University	https://lamont.columbia.edu/education-outreach/student-summer-opportunities-SSFRP	lamont.columbia.edu	403		HTTP 403
WARN	Ole Miss Physical Chemistry Summer Research Program	ole-miss-physical-chemistry-summer-research-program	University of Mississippi	http://laser.chem.olemiss.edu/~pchem/	laser.chem.olemiss.edu	200		no <title> in page
WARN	Duke Law India Masters scholarship 2026	duke-law-india-masters-scholarship-2026	Duke University	https://law.duke.edu/internat/budget	law.duke.edu	200	Financial Assistance &amp; Budget | Duke University School of Law	title match 0/3
WARN	Law, Equity and Race Scholarship at School of Law, Northeastern University, Boston 2026	law-equity-and-race-scholarship-at-school-of-law-northeastern-university-boston-2026	Northeastern University, Boston	https://law.northeastern.edu/admissions/jd/financial-aid/scholarships/	law.northeastern.edu	200	Scholarships - School of Law	title match 2/6
WARN	Health Policy and Law Scholarship at School of Law, Northeastern University, Boston 2026	health-policy-and-law-scholarship-at-school-of-law-northeastern-university-boston-2026	Northeastern University, Boston	https://law.northeastern.edu/admissions/jd/financial-aid/scholarships/	law.northeastern.edu	200	Scholarships - School of Law	title match 2/7
WARN	UCLA Law Distinguished Scholars Award, 2027	ucla-law-distinguished-scholars-award-2027	University of California, Los Angeles (UCLA)	https://law.ucla.edu/admissions/jd-admissions/full-tuition-programs	law.ucla.edu	200	Full-tuition scholarships for J.D. candidates at UCLA Law | UCLA Law	title match 1/3
WARN	UCLA Law Achievement Fellowship Program 2026	ucla-law-achievement-fellowship-program-2026	University of California, Los Angeles (UCLA)	https://law.ucla.edu/admissions/jd-admissions/full-tuition-programs?_gl=1%2Aw2f032%2A_up%2AMQ..%2A_ga%2AMTE5MjcyNTQzMi4xNzMyOTUxMjA2%2A_ga_LH03WX2T8B%2AMTczMjk1MTIwNS4xLjEuMTczMjk1MTIyOC4wLjAuMA..#achievement	law.ucla.edu	200	Full-tuition scholarships for J.D. candidates at UCLA Law | UCLA Law	title match 0/3
FAIL	Computational Sensing and Medical Robotics (CS&MR) REU	computational-sensing-and-medical-robotics-cs-mr-reu	Johns Hopkins University	https://lcsr.jhu.edu/education/summer-reu-program/	lcsr.jhu.edu	403		HTTP 403
FAIL	International Postgraduate Taught Merit Scholarship at UOL 2026	international-postgraduate-taught-merit-scholarship-at-uol-2026	The University of Leicester	https://le.ac.uk/study/postgraduates/fees-funding/scholarships-discounts/international-postgraduate-merit-scholarship	le.ac.uk	403		HTTP 403
FAIL	Family Loyalty Discount at University of Leicester 2025	family-loyalty-discount-at-university-of-leicester-2025	The University of Leicester	https://le.ac.uk/study/postgraduates/fees-funding/scholarships-discounts/family-loyalty	le.ac.uk	403		HTTP 403
FAIL	LEAP-STC: Summer Research Experience for Undergraduates (REU) Program	leap-stc-summer-research-experience-for-undergraduates-reu-program	Columbia University	https://leap.columbia.edu/education-2/2026-leap-summer-reu-program-info/	leap.columbia.edu	404		HTTP 404
FAIL	LEAP-STC: Summer Research Experience for Undergraduates (REU) Program	leap-stc-summer-research-experience-for-undergraduates-reu-program-biauleap	NASA Goddard Institute of Space Studies	https://leap.columbia.edu/education-2/2026-leap-summer-reu-program-info/	leap.columbia.edu	404		HTTP 404
FAIL	LRI Graduate Internship Program	lri-graduate-internship-program	Lifespan Research Institute	https://lifespan.io/education-opportunities/graduate-programs/	lifespan.io	404		HTTP 404
WARN	International Student Tuition Credit at Life Chiropractic College West 2026	international-student-tuition-credit-at-life-chiropractic-college-west-2026	Life Chiropractic College West	https://lifewest.edu/admissions/international-students	lifewest.edu	200	International Students	title match 2/6
WARN	National University Of Singapore - Endowed and School Funded Scholarships in Singapore, 2026	national-university-of-singapore-endowed-and-school-funded-scholarships-in-singapore-2026	National University of Singapore (NUS)	http://lkyspp.nus.edu.sg/graduate-admissions/fees-and-funding	lkyspp.nus.edu.sg	200		no <title> in page
FAIL	Linnaeus University scholarships	linnaeus-university-scholarships-se	Linnaeus University	https://lnu.se/en/education/study-at-linnaeus-university/scholarships/	lnu.se	403		HTTP 403
WARN	Masters Scholarship Programme at Anglia Ruskin University 2026	masters-scholarship-programme-at-anglia-ruskin-university-2026	Anglia Ruskin University, Chelmsford	https://london.aru.ac.uk/admissions/scholarships	london.aru.ac.uk	200	Scholarships	title match 1/6
FAIL	Marjorie Lee Browne Scholars Program	marjorie-lee-browne-scholars-program	University of Michigan	https://lsa.umich.edu/math/graduates/GraduateStudentHandbook/the-marjorie-lee-browne-scholars-program.html#:~:text=MLB%20Scholars%20are%20provided%20the,%2C%20tuition%2C%20and%20health%20benefits.	lsa.umich.edu	403		HTTP 403
FAIL	Mathematics Research Experience for Undergraduates	mathematics-research-experience-for-undergraduates	University of Michigan	http://lsa.umich.edu/math/undergraduates/research-and-career-opportunities/research/research-experience-for-undergraduates--reu-.html	lsa.umich.edu	403		HTTP 403
WARN	REU opportunities at the Virginia Coast Reserve LTER	reu-opportunities-at-the-virginia-coast-reserve-lter	George Washington University	https://lternet.edu/?taxonomy=opportunity_types&term=research-experience-for-undergraduates	lternet.edu	200		no <title> in page
WARN	REU opportunities at the Virginia Coast Reserve LTER	reu-opportunities-at-the-virginia-coast-reserve-lter-inialter	Moravian University	https://lternet.edu/?taxonomy=opportunity_types&term=research-experience-for-undergraduates	lternet.edu	200		no <title> in page
WARN	Research Experiences in Changing Coastal Environments	research-experiences-in-changing-coastal-environments	Louisiana Universities and Marine Consortium	https://lumcon.edu/reu/	lumcon.edu	200	Research Experiences for Undergraduates - LUMCON	title match 2/5
WARN	Université de Lyon Master’s Scholarships	universit-de-lyon-master-s-scholarships-s4d	Université de Lyon	http://lyon-university.org/education/international-master-s-degrees-314154.kjsp?RH=PENstu	lyon-university.org	200	ComUE Université de Lyon - Université de Lyon – English web site under construction	title match 1/3
FAIL	The WiscAMP Scholars Program	the-wiscamp-scholars-program	Madison Area Technical College	https://madisoncollege.edu/wiscamp	madisoncollege.edu	403		HTTP 403
FAIL	Community Impact Scholarships (School Teachers Scholarship) at MAHSA University 2025	community-impact-scholarships-school-teachers-scholarship-at-mahsa-university-2025	MAHSA University, Malaysia	https://mahsa.edu.my/scholarship.php	mahsa.edu.my	403		HTTP 403
FAIL	International Opportunity Scholarships at Marymount University 2026	international-opportunity-scholarships-at-marymount-university-2026	Marymount University, Virginia	https://marymount.edu/admissions/international/financial-advice-for-international-students/	marymount.edu	403		HTTP 403
FAIL	Saints Scholarships at Marymount University 2025	saints-scholarships-at-marymount-university-2025	Marymount University, Virginia	https://marymount.edu/admissions/international/financial-advice-for-international-students/	marymount.edu	403		HTTP 403
WARN	PRIMES: Program for Research in Mathematics, Engineering and Science	primes-program-for-research-in-mathematics-engineering-and-science	Massachusetts Institute of Technology (MIT)	https://math.mit.edu/research/highschool/primes/index.php	math.mit.edu	200	PRIMES	title match 1/6
FAIL	Mathematics and Statistics (SMALL) REU	mathematics-and-statistics-small-reu	Williams College	https://math.williams.edu/small/	math.williams.edu	403		HTTP 403
WARN	MathILy-EST: serious Mathematics Infused with Levity Early Scholarly Training	mathily-est-serious-mathematics-infused-with-levity-early-scholarly-training	Bryn Mawr College	http://mathily.org/mathilyest/	mathily.org	200	MathILy-EST	title match 1/8
WARN	Graduate fellowship - Mathematics of Quantum Information Science	graduate-fellowship-mathematics-of-quantum-information-science	University of Maryland, College Park	https://mathquantum.umd.edu/fellowship/#graduate	mathquantum.umd.edu	200	MathQuantum RTG | MathQuantum	title match 1/6
WARN	MathQuantum Summer Research - Paid Mentored Opportunity	mathquantum-summer-research-paid-mentored-opportunity	University of Maryland, College Park	https://mathquantum.umd.edu/fellowship/	mathquantum.umd.edu	200	MathQuantum RTG | MathQuantum	title match 1/5
WARN	REU SITE: The Stressed Life of Cells	reu-site-the-stressed-life-of-cells	University of Kansas	https://mb-reu.ku.edu/	mb-reu.ku.edu	200	Home | Research Experience for Undergraduates	title match 0/2
WARN	HKUST MBA India Business Professional Award at HKUST Business School 2026	hkust-mba-india-business-professional-award-at-hkust-business-school-2026	HKUST Business School (The Hong Kong University Of Science And Technology)	https://mba.hkust.edu.hk/admissions/fees-and-financing	mba.hkust.edu.hk	200	Fees and Financing + Scholarship | HKUST MBA | Learn. Innovate. Lead.	title match 2/8
WARN	HKUST MBA Consulting Strategy Award 2026	hkust-mba-consulting-strategy-award-2026	HKUST Business School (The Hong Kong University Of Science And Technology)	https://mba.hkust.edu.hk/admissions/fees-and-financing	mba.hkust.edu.hk	200	Fees and Financing + Scholarship | HKUST MBA | Learn. Innovate. Lead.	title match 1/4
FAIL	Diversity Excellence Scholarships at Melbourne Business School 2028	diversity-excellence-scholarships-at-melbourne-business-school-2028	Melbourne Business School	https://mbs.edu/scholarships/Diversity-Excellence-Scholarships	mbs.edu	403		HTTP 403
FAIL	MBS Scholarships at Melbourne Business School 2025	mbs-scholarships-at-melbourne-business-school-2025	Melbourne Business School	https://mbs.edu/degree-programs/scholarships/MBS-Scholarships	mbs.edu	403		HTTP 403
WARN	Joaquin Bustoz Math-Science Honors Program	joaquin-bustoz-math-science-honors-program	Arizona State University	https://mcmsc.asu.edu/institutes/jbmshp	mcmsc.asu.edu	200	JBMSHP Home | Simon A. Levin Mathematical, Computational and Modeling Sciences Center	title match 1/5
FAIL	Team Middlesex Sporting Excellence Scholarship at Middlesex University Dubai 2026	team-middlesex-sporting-excellence-scholarship-at-middlesex-university-dubai-2026	Middlesex University Dubai	https://mdx.ac.ae/scholarships-and-grants-sept-2024	mdx.ac.ae			TypeError: fetch failed
WARN	Vilcek Institute of Graduate Biomedical Sciences at NYU Grosssman School of Medicine, Summer Undergraduate Research Program (SURP)	vilcek-institute-of-graduate-biomedical-sciences-at-nyu-grosssman-school-of-medicine-summer-undergraduate-research-program-surp	New York University	https://med.nyu.edu/research/sackler-institute-graduate-biomedical-sciences/summer-undergraduate-research-program	med.nyu.edu	200	Summer Undergraduate Research Program | NYU Langone Health	title match 5/12
WARN	Cardiovascular Imaging Postdoctoral Fellowship Training	cardiovascular-imaging-postdoctoral-fellowship-training	Stanford University	https://med.stanford.edu/cvi/education/cardiovascular-imaging-t32.html	med.stanford.edu	200	Cardiovascular Imaging T32 | Stanford Cardiovascular Institute | Stanford Medicine	title match 2/5
FAIL	Summer Undergraduate Research Fellowship in Biomedical Science	summer-undergraduate-research-fellowship-in-biomedical-science	University of Cincinnati	https://med.uc.edu/depart/bmi/surf	med.uc.edu	404		HTTP 404
FAIL	Life Sciences Summer Undergraduate Research Programs (LSSURP)	life-sciences-summer-undergraduate-research-programs-lssurp	University of Minnesota	https://med.umn.edu/gps/undergraduate-research/life-sciences-summer	med.umn.edu	403		HTTP 403
FAIL	Native Americans Into Medicine (NAM)	native-americans-into-medicine-nam	University of Minnesota, Duluth	https://med.umn.edu/caimh/college-premed	med.umn.edu	403		HTTP 403
WARN	Genes & The Environment: REU for Undergrads from Rural and Tribal Colleges	genes-the-environment-reu-for-undergrads-from-rural-and-tribal-colleges	Cankdeska Cikana Community College	https://med.und.edu/education-training/biomedical-sciences/reu/index.html	med.und.edu	200	NSF Research Experience for Undergraduates (REU) | University of North Dakota	title match 0/6
WARN	Genes & The Environment: REU for Undergrads from Rural and Tribal Colleges	genes-the-environment-reu-for-undergrads-from-rural-and-tribal-colleges-neurosci	University of North Dakota	https://med.und.edu/education-training/biomedical-sciences/reu/index.html	med.und.edu	200	NSF Research Experience for Undergraduates (REU) | University of North Dakota	title match 0/6
FAIL	Cancer Research Summer Internship Program (CaRSIP)	cancer-research-summer-internship-program-carsip	University of Michigan	https://medicine.umich.edu/dept/cancer-biology/cancer-research-summer-internship-program	medicine.umich.edu	403		HTTP 403
FAIL	UMMS Postdoc Preview	umms-postdoc-preview	University of Michigan	https://medicine.umich.edu/medschool/education/postdoctoral-fellows/prospective-postdocs/postdoc-preview	medicine.umich.edu	403		HTTP 403
WARN	Fully Funded Postdoctoral Research Training Program: Developmental Psychopathology, Psychobiology, and Behavior	fully-funded-postdoctoral-research-training-program-developmental-psychopathology-psychobiology-and-behavior	Colorado State University	https://medschool.cuanschutz.edu/psychiatry/education-pillar/fellowships/developmental-psychobiology-research-group	medschool.cuanschutz.edu	200	CU Anschutz Psychiatry Developmental Psychobiology Research Group	title match 3/10
WARN	Summer Research Experience for Undergraduates in RNA and Genome Biology (REU-RGB)	summer-research-experience-for-undergraduates-in-rna-and-genome-biology-reu-rgb-enomebio	University of Colorado, Anschutz Medical campus	https://medschool.cuanschutz.edu/biochemistry/reu-rgb	medschool.cuanschutz.edu	200	REU-RGB	title match 0/6
WARN	Medical Scientist Traing Program Summer Undergraduate Research Fellowship Program	medical-scientist-traing-program-summer-undergraduate-research-fellowship-program	University of California, San Diego	https://medschool.ucsd.edu/education/mstp/program/Pages/default.aspx	medschool.ucsd.edu	200	Medical Scientist Training Program (MSTP) at UC San Diego School of Medicine	title match 4/9
FAIL	Post-baccalaureate Research Education Program	post-baccalaureate-research-education-program	University of Michigan	https://medschool.umich.edu/programs-admissions/non-degree-programs/post-baccalaureate-research-education-program-u-m-prep	medschool.umich.edu	403		HTTP 403
WARN	Enhancing Virology Training (ENVIT) through Summer Research	enhancing-virology-training-envit-through-summer-research	Meharry Medical College	https://meharry.edu/research-and-innovation/research-programs-and-partnerships/envit/	meharry.edu	200	ENVIT - Meharry Medical College	title match 1/7
WARN	Enhancing Virology Training (ENVIT) through Summer Research	enhancing-virology-training-envit-through-summer-research-gecancer	Tennessee State University	https://meharry.edu/research-and-innovation/research-programs-and-partnerships/envit/	meharry.edu	200	ENVIT - Meharry Medical College	title match 1/7
WARN	Molecular Engineering Materials Center (MEM-C) Summer Research Experience for Undergraduates (REU)	molecular-engineering-materials-center-mem-c-summer-research-experience-for-undergraduates-reu	University of Washington	https://mem-c.washington.edu/undergraduates/reu/	mem-c.washington.edu	200	Summer Research Experience for Undergrads (REU) - UW MEM·C	title match 3/8
WARN	Mathematics Engineering Science Achievement (MESA) Schools Program	mathematics-engineering-science-achievement-mesa-schools-program	California State University, Chico	https://mesa.ucop.edu/student/	mesa.ucop.edu	200	Student | MESA	title match 0/6
WARN	Mathematics Engineering Science Achievement (MESA) Schools Program	mathematics-engineering-science-achievement-mesa-schools-program-stemmath	San Diego State University	https://mesa.ucop.edu/student/	mesa.ucop.edu	200	Student | MESA	title match 0/6
WARN	Math Engineering Science Achievement (MESA) at College of Science 2025	math-engineering-science-achievement-mesa-at-college-of-science-2025	San Jose State University (SJSU)	https://mesasjsu.org/	mesasjsu.org	200	MESA College Prep Program - SJSU	title match 1/5
WARN	International Education Scholarship at Miami University 2026	international-education-scholarship-at-miami-university-2026	Miami University, Oxford, Ohio	https://miamioh.edu/onestop/financial-aid/funding-opportunities/scholarships/international-scholarships.html	miamioh.edu	200	International Scholarships | Funding Opportunities | One Stop	title match 2/5
WARN	REU Site: Microbiology at the Host-Pathogen Interface	reu-site-microbiology-at-the-host-pathogen-interface	University of Iowa	https://microbiology.medicine.uiowa.edu/undergraduate-education/research-opportunities/summer-undergraduate-research	microbiology.medicine.uiowa.edu	200	Summer Undergraduate Research | Department of Microbiology and Immunology - Carver College of Medicine | The University of Iowa	title match 1/3
WARN	Dolce Family Endowed Scholarship for Veterans and Active Duty Servicemembers at Northeastern University 2026	dolce-family-endowed-scholarship-for-veterans-and-active-duty-servicemembers-at-northeastern-university-2026	Northeastern University, Boston	https://military.northeastern.edu/funding/scholarships/	military.northeastern.edu	200	Scholarships | Northeastern University Military &amp; Veterans	title match 4/9
WARN	Mithibai College Girls Free Studentship 2025	mithibai-college-girls-free-studentship-2025	Mithibai College	https://mithibai.ac.in/scholarships-freeship/	mithibai.ac.in	200	Scholarships / Freeship - Mithibai	title match 1/4
WARN	Maine Medical Center Research Institute Summer Student Research Program	maine-medical-center-research-institute-summer-student-research-program	Maine Medical Center	https://mmcri.org/?page_id=505	mmcri.org	200	Summer Undergraduate Research Program &#8211; MHIR	title match 4/9
WARN	Everglades EcoExplorers Internship	everglades-ecoexplorers-internship	Museum of Discovery and Science	https://mods.org/internship-opportunities/	mods.org	200	Internship Opportunities - Museum of Discovery &amp; Science | IMAX AutoNation	title match 1/3
WARN	Aviation Academy	aviation-academy	Museum of Discovery and Science	https://mods.org/internship-opportunities/	mods.org	200	Internship Opportunities - Museum of Discovery &amp; Science | IMAX AutoNation	title match 0/2
FAIL	Government Scholarships Programme Oman	government-scholarships-programme-oman-daad	DAAD	http://mohe.gov.om/?&amp;culture=en	mohe.gov.om			TypeError: fetch failed
WARN	NU-CURE: Cancer-focused Undergraduate Research Experience	nu-cure-cancer-focused-undergraduate-research-experience	Northwestern University	https://molbiosci.northwestern.edu/programs/biological-sciences-major/summer-outreach.html	molbiosci.northwestern.edu	200	Summer Research and Outreach Programs:&#32;
  Department of Molecular Biosciences - Northwestern University	title match 1/5
WARN	REU Program: Integrative Tree Science for the Anthropocene	reu-program-integrative-tree-science-for-the-anthropocene	Morton Arboretum	https://mortonarb.org/science/opportunities-in-science/research-experiences-for-undergraduates-program/#program-details	mortonarb.org	200	Research Experiences for Undergraduates Program | REU | The Morton Arboretum	title match 1/4
WARN	Mote Research Experience for Undergraduates	mote-research-experience-for-undergraduates	Mote Marine Laboratory	https://mote.org/research/internships/college-internship-program-overview/Mote-REU	mote.org	200	Mote URE Internships | Mote Marine Laboratory &amp; Aquarium	title match 0/3
FAIL	Research Program for Undergraduates in Materials Research	research-program-for-undergraduates-in-materials-research	Columbia University	https://mrsec.columbia.edu/reu	mrsec.columbia.edu	403		HTTP 403
WARN	UD CHARM Materials Science Summer Research Program (MRSEC REU)	ud-charm-materials-science-summer-research-program-mrsec-reu	University of Delaware	https://mrsec.udel.edu/undergraduate-education-and-outreach/reu/	mrsec.udel.edu	200	Research Experiences for Undergraduates (REU) | MRSEC	title match 2/7
WARN	Research Experience for Undergraduates (REU) at the Center for Materials Innovation	research-experience-for-undergraduates-reu-at-the-center-for-materials-innovation	University of Michigan	https://mrsec.umich.edu/education/	mrsec.umich.edu	200	Materials Research	title match 2/6
WARN	Research Experience for Youth (REY) at the Center for Materials Innovation	research-experience-for-youth-rey-at-the-center-for-materials-innovation	University of Michigan	https://mrsec.umich.edu/education/	mrsec.umich.edu	200	Materials Research	title match 2/6
WARN	MVC Access Scholarships 2026	mvc-access-scholarships-2026	Meridian Vocational College	https://mvc.edu.au/scholarship/	mvc.edu.au	200	Scholarship &#8211;  Meridian Vocational College	title match 0/2
WARN	Heinrich B&ouml;ll Foundation: Sur-Place Scholarship Programme	heinrich-bandouml-ll-foundation-sur-place-scholarship-programme-daad	Heinrich B&ouml;ll Foundation	https://mx.boell.org/es/categories/becas	mx.boell.org	200	Becas | Heinrich-Böll-Stiftung - Ciudad de México | México y el Caribe	title match 1/5
WARN	Brock University Emergency Bursary - International 2026	brock-university-emergency-bursary-international-2026	Brock University, Canada	https://my.brocku.ca/BrockDB/safa_awardaccountsearch.aspx	my.brocku.ca	200		no <title> in page
WARN	Brock University Emergency Bursary 2026	brock-university-emergency-bursary-2026	Brock University, Canada	https://my.brocku.ca/BrockDB/safa_awardaccountsearch.aspx	my.brocku.ca	200		no <title> in page
WARN	Rotary Foundation Global Grants 2025	rotary-foundation-global-grants-2025	Rotary International	https://my.rotary.org/en/take-action/apply-grants/global-grants	my.rotary.org	200		no <title> in page
WARN	Rotary International district and global grants	rotary-international-district-and-global-grants-se	Rotary International district and global grants	https://my.rotary.org/en/take-action/apply-grants	my.rotary.org	200		no <title> in page
FAIL	NAEd/Spencer Postdoctoral Fellowship Program	naed-spencer-postdoctoral-fellowship-program	National Academy of Education	https://naeducation.org/naedspencer-postdoctoral-fellowship-program/	naeducation.org			TypeError: fetch failed
WARN	National High Magnetic Field Lab REU	national-high-magnetic-field-lab-reu	Florida State University	https://nationalmaglab.org/education/college-students-early-career-scientists/reu	nationalmaglab.org	200	Research Experiences for Undergraduates (REU) - MagLab	title match 0/3
WARN	National High Magnetic Field Laboratory RET	national-high-magnetic-field-laboratory-ret	Florida State University	https://nationalmaglab.org/education/teachers/professional-development/research-experiences-for-teachers	nationalmaglab.org	200	Research Experiences for Teachers (RET) - MagLab	title match 0/4
FAIL	RaMP-UP Program- Research and Mentoring for Postbaccalaureates in Biological Sciences	ramp-up-program-research-and-mentoring-for-postbaccalaureates-in-biological-sciences	Universidad de Puerto Rico, R&#237;o Piedras	https://natsci.uprrp.edu/ramp-up/	natsci.uprrp.edu			TypeError: fetch failed
WARN	Leona Tyler Scholarship at University of Oregon 2026	leona-tyler-scholarship-at-university-of-oregon-2026	University of Oregon	https://naturalsciences.uoregon.edu/psychology/undergraduate-programs/scholarships-awards?_gl=1*579fop*_ga*MTEyMjIzNzQ0Ny4xNzQzMDc1MDI5*_ga_0Y20DK4ZHB*MTc0NTU3MTAyNi4xMC4xLjE3NDU1NzI3MDIuMC4wLjA.	naturalsciences.uoregon.edu	200	Scholarships and Awards | Psychology | Natural Sciences	title match 1/5
WARN	2NAU Scholarship at Northern Arizona University 2026	2nau-scholarship-at-northern-arizona-university-2026	Northern Arizona University (NAU)	https://nau.edu/office-scholarships-financial-aid/scholarships/transfer-awards-2nau/	nau.edu	200	2NAU Scholarship | Office of Scholarships and Financial Aid	title match 1/4
WARN	President’s Excellence at Northern Arizona University 2026	president-s-excellence-at-northern-arizona-university-2026	Northern Arizona University (NAU)	https://nau.edu/office-scholarships-financial-aid/scholarships/freshman-tuition/	nau.edu	200	Freshman tuition scholarships – Fall 2026 | NAU	title match 0/5
FAIL	Office of Naval Research, Science & Engineering Apprentice Program (SEAP)	office-of-naval-research-science-engineering-apprentice-program-seap	American Society for Engineering Education (ASEE)	https://navalsteminterns.us/seap/	navalsteminterns.us			TypeError: fetch failed
FAIL	Naval Research Enterprise Intern Program	naval-research-enterprise-intern-program	U.S. Department of Defense	https://navalsteminterns.us/nreip/	navalsteminterns.us			TypeError: fetch failed
WARN	CROUS State Grants at NEOMA Business School 2025	crous-state-grants-at-neoma-business-school-2025	Government of France	https://neoma-bs.com/students/student-support/financing-your-studies/#scholarships	neoma-bs.com	200	Financing your studies at NEOMA, France	title match 1/6
WARN	Master in Management - Excellence Scholarship at NEOMA Business School 2025	master-in-management-excellence-scholarship-at-neoma-business-school-2025	NEOMA Business School (Reims, Rouen, Paris)	https://neoma-bs.com/students/student-support/financing-your-studies/#scholarships	neoma-bs.com	200	Financing your studies at NEOMA, France	title match 1/7
FAIL	NextProf Nexus: Faculty Development Workshop	nextprof-nexus-faculty-development-workshop	Georgia Institute of Technology	https://nextprof.engin.umich.edu/nextprof-nexus/	nextprof.engin.umich.edu	403		HTTP 403
FAIL	NextProf Nexus: Faculty Development Workshop	nextprof-nexus-faculty-development-workshop-cultydev	University of California, Berkeley	https://nextprof.engin.umich.edu/nextprof-nexus/	nextprof.engin.umich.edu	403		HTTP 403
FAIL	National Louis University International Opportunity Scholarship 2025	national-louis-university-international-opportunity-scholarship-2025	National Louis University	https://nl.edu/admissions/international-students/affordable-tuition-and-scholarships/	nl.edu			TypeError: fetch failed
FAIL	Kendall College at NLU International Opportunity Scholarship 2026	kendall-college-at-nlu-international-opportunity-scholarship-2026	National Louis University	https://nl.edu/admissions/international-students/affordable-tuition-and-scholarships/	nl.edu			TypeError: fetch failed
WARN	International Academic Award at Northern Michigan University 2026	international-academic-award-at-northern-michigan-university-2026	Northern Michigan University (NMU)	https://nmu.edu/internationalprograms/scholarships#Academic	nmu.edu	200	International Student Scholarships | International Programs Office	title match 1/6
WARN	Watershed Management Research and Outreach Internship Program	watershed-management-research-and-outreach-internship-program	Iowa State University	https://northcentralwater.org/watershed-management-research-and-outreach-internship-program/	northcentralwater.org	202		no <title> in page
WARN	Watershed Management Research and Outreach Internship Program	watershed-management-research-and-outreach-internship-program-atershed	North Dakota State University	https://northcentralwater.org/watershed-management-research-and-outreach-internship-program/	northcentralwater.org	202		no <title> in page
FAIL	Naval Research Laboratory (NRL) Postdoctoral Fellowship Program	naval-research-laboratory-nrl-postdoctoral-fellowship-program	American Society for Engineering Education (ASEE)	http://nrl.asee.org/	nrl.asee.org			TypeError: fetch failed
FAIL	Naval Research Laboratory (NRL) Postdoctoral Fellowship Program	naval-research-laboratory-nrl-postdoctoral-fellowship-program-earchlab	U.S. Naval Research Laboratory	http://nrl.asee.org/	nrl.asee.org			TypeError: fetch failed
WARN	Summer Engineering Experience for Kids (SEEK)	summer-engineering-experience-for-kids-seek	George Washington University	https://nsbe.org/program/nsbe-seek/#:~:text=NSBE%20SEEK%20is%20a%20cost,to%20a%20robust%20STEM%20education.	nsbe.org	200	Bot Verification	title match 0/3
WARN	Summer Engineering Experience for Kids (SEEK)	summer-engineering-experience-for-kids-seek-nsbeseek	National Society of Black Engineers (NSBE)	https://nsbe.org/program/nsbe-seek/#:~:text=NSBE%20SEEK%20is%20a%20cost,to%20a%20robust%20STEM%20education.	nsbe.org	200	Bot Verification	title match 0/3
WARN	ARISE: Building Pathways to Community Disaster Resilience	arise-building-pathways-to-community-disaster-resilience	Kansas State University	https://nsfepscor.ku.edu/reu	nsfepscor.ku.edu	200	REU | Kansas NSF EPSCoR	title match 0/6
WARN	Research Experience for Undergraduates (REU) Equitable pathways to community disaster resilience	research-experience-for-undergraduates-reu-equitable-pathways-to-community-disaster-resilience	Kansas State University	https://nsfepscor.ku.edu/reu/	nsfepscor.ku.edu	200	REU | Kansas NSF EPSCoR	title match 0/8
FAIL	Engineered Bioactive Interfaces and Devices REU	engineered-bioactive-interfaces-and-devices-reu	University of Kentucky	http://nsfreu.engr.uky.edu/	nsfreu.engr.uky.edu			TypeError: fetch failed
WARN	ASEAN Undergraduate Scholarship at National University of Singapore 2026	asean-undergraduate-scholarship-at-national-university-of-singapore-2026	National University of Singapore (NUS)	https://nus.edu.sg/oam/scholarships/scholarships-for-freshmen-(international-students)/asean-undergraduate-scholarship	nus.edu.sg	200		no <title> in page
WARN	Science & Technology Undergraduate Scholarship at NUS 2026	science-technology-undergraduate-scholarship-at-nus-2026	National University of Singapore (NUS)	https://nus.edu.sg/oam/scholarships/scholarships-for-freshmen-(international-students)/science-technology-undergraduate-scholarship	nus.edu.sg	200		no <title> in page
FAIL	NUST, Need Based Scholarship 2025	nust-need-based-scholarship-2025	National University of Sciences and Technology (NUST) - Pakistan	https://nust.edu.pk/admissions/	nust.edu.pk	403		HTTP 403
WARN	Metabolism and Nutrition Training Program (MANTP)	metabolism-and-nutrition-training-program-mantp	University of Wisconsin, Madison	https://nutrisci.wisc.edu/nih-training-grant/trainingprogram/	nutrisci.wisc.edu	202		no <title> in page
FAIL	Carnegie Observatories Graduate Research Fellowship	carnegie-observatories-graduate-research-fellowship	Carnegie Institution for Science	https://obs.carnegiescience.edu/fellowships	obs.carnegiescience.edu	307		HTTP 307
FAIL	Visiting Research Internship Program (VRIP)	visiting-research-internship-program-vrip	Harvard Medical School	https://occe.hms.harvard.edu/paths-opportunity/visiting-research-internship-program	occe.hms.harvard.edu	403		HTTP 403
WARN	Clinical Laboratory Diagnostics — Jiangsu University (Master's)	clinical-laboratory-diagnostics-jiangsu-university-master-s	Jiangsu University	https://oec.ujs.edu.cn/en/SCHOLARSHIPS.htm	oec.ujs.edu.cn	200	SCHOLARSHIPS-海外教育学院	title match 0/6
WARN	Business Administration — Jiangsu University (Master's)	business-administration-jiangsu-university-master-s	Jiangsu University	https://oec.ujs.edu.cn/en/SCHOLARSHIPS.htm	oec.ujs.edu.cn	200	SCHOLARSHIPS-海外教育学院	title match 0/5
WARN	Civil Engineering — Jiangsu University (Master's)	civil-engineering-jiangsu-university-master-s	Jiangsu University	https://oec.ujs.edu.cn/en/SCHOLARSHIPS.htm	oec.ujs.edu.cn	200	SCHOLARSHIPS-海外教育学院	title match 0/5
FAIL	Oklahoma State Access and Community Impact Programs	oklahoma-state-access-and-community-impact-programs	Cameron University	https://ok-lsamp.okstate.edu/#:~:text=The%20Oklahoma%20Louis%20Stokes%20Alliance%20for%20Minority%20Participation.,in%20Science%2C%20Technology%2C%20Engineering%2C%20and%20Mathematics%20%28STEM%29%20disciplines.	ok-lsamp.okstate.edu	403		HTTP 403
FAIL	Oklahoma State Access and Community Impact Programs	oklahoma-state-access-and-community-impact-programs-omalsamp	East Central University	https://ok-lsamp.okstate.edu/#:~:text=The%20Oklahoma%20Louis%20Stokes%20Alliance%20for%20Minority%20Participation.,in%20Science%2C%20Technology%2C%20Engineering%2C%20and%20Mathematics%20%28STEM%29%20disciplines.	ok-lsamp.okstate.edu	403		HTTP 403
WARN	FBI Counterterrorism and Forensic Science Research Unit (CFSRU) Chemical Analysis of Primary Explosives - Visiting Scientist Program	fbi-counterterrorism-and-forensic-science-research-unit-cfsru-chemical-analysis-of-primary-explosives-visiting-scientist-program	Oak Ridge Institute for Science and Education	https://orise.orau.gov/fbi/	orise.orau.gov	200	Federal Bureau of Investigation (FBI) Visiting Scientist Program (VSP)	title match 3/12
WARN	Award of Excellence Freshman International Scholarships at The University of Oklahoma 2026	award-of-excellence-freshman-international-scholarships-at-the-university-of-oklahoma-2026	University of Oklahoma	https://ou.edu/admissions/affordability/scholarships#nonresfreshman	ou.edu	200	Scholarships	title match 1/7
WARN	IRES: Development of the Neutron Optics Parity and Time Violation Experiment in Japan	ires-development-of-the-neutron-optics-parity-and-time-violation-experiment-in-japan	Berea College	https://pa.as.uky.edu/ires	pa.as.uky.edu	200	IRES | University of Kentucky College of Arts &amp; Sciences	title match 0/7
WARN	REU: Department of Physics and Astronomy, Research in Symmetries	reu-department-of-physics-and-astronomy-research-in-symmetries	Eastern Kentucky University	https://pa.as.uky.edu/reu	pa.as.uky.edu	200	2026 Summer REU Program | University of Kentucky College of Arts &amp; Sciences	title match 0/5
WARN	MS and PhD Opportunities in Ocean Engineering and Oceanography (Fall 2026)	ms-and-phd-opportunities-in-ocean-engineering-and-oceanography-fall-2026	University of Hawaii, Mānoa	https://pagniello-lab.github.io/join-us.html	pagniello-lab.github.io	200	Pagniello Lab - Join Us	title match 0/4
WARN	Plant Biology & Conservation Research Experiences for Undergraduates (REU) Program: From Genes to Ecosystems	plant-biology-conservation-research-experiences-for-undergraduates-reu-program-from-genes-to-ecosystems-plantbio	Northwestern University	https://pbcinternships.org/summer-reasearch-internship	pbcinternships.org	200	Summer Research Internship · PBC Internships	title match 1/9
WARN	Plant Biology & Conservation Research Experiences for Undergraduates (REU) Program: From Genes to Ecosystems	plant-biology-conservation-research-experiences-for-undergraduates-reu-program-from-genes-to-ecosystems	Chicago Botanic Garden	https://pbcinternships.org/summer-reasearch-internship	pbcinternships.org	200	Summer Research Internship · PBC Internships	title match 1/9
FAIL	Research Experience for Undergraduates in Materials Science (PCCM)	research-experience-for-undergraduates-in-materials-science-pccm	California State University, Northridge	https://pccm.princeton.edu/reu	pccm.princeton.edu	403		HTTP 403
FAIL	Research Experience for Undergraduates in Materials Science (PCCM)	research-experience-for-undergraduates-in-materials-science-pccm-rialssci	Princeton University	https://pccm.princeton.edu/reu	pccm.princeton.edu	403		HTTP 403
FAIL	Theoretical Physics Research Summer Internship	theoretical-physics-research-summer-internship-rphysics	University of Waterloo	https://perimeterinstitute.ca/psi-start-program	perimeterinstitute.ca	403		HTTP 403
FAIL	Perimeter Scholars International master's program	perimeter-scholars-international-master-s-program	Perimeter Institute	https://perimeterinstitute.ca/psi-masters-program	perimeterinstitute.ca	403		HTTP 403
FAIL	Henry Luce Foundation Clare Boothe Luce Graduate Fellowships at Northeastern University 2026	henry-luce-foundation-clare-boothe-luce-graduate-fellowships-at-northeastern-university-2026	Henry Luce Foundation	https://phd.northeastern.edu/news/announcements/henry-foundation-awards-prestigous-clare-boothe-luce-graduate-fellowships-to-northeastern-university/	phd.northeastern.edu	403		HTTP 403
FAIL	NSF REU Site: Program in Climate and Space Science Observation (PICASSO)	nsf-reu-site-program-in-climate-and-space-science-observation-picasso	University of Michigan	https://picasso-reu.engin.umich.edu/	picasso-reu.engin.umich.edu	403		HTTP 403
FAIL	Michigan Pioneer Fellows	michigan-pioneer-fellows	University of Michigan	https://pioneerfellows.umich.edu/	pioneerfellows.umich.edu	403		HTTP 403
FAIL	The Program in Molecular Biophysics	the-program-in-molecular-biophysics	Johns Hopkins University	https://pmb.jhu.edu/the-program/	pmb.jhu.edu	403		HTTP 403
WARN	POETS (Power Optimization of Electro-Thermo Systems) REU	poets-power-optimization-of-electro-thermo-systems-reu-ignpoets	Stanford University	https://poets-erc.org/reu	poets-erc.org	200	Research Experience for Undergraduates | POETS	title match 1/6
WARN	POETS (Power Optimization of Electro-Thermo Systems) REU	poets-power-optimization-of-electro-thermo-systems-reu	Howard University	https://poets-erc.org/reu	poets-erc.org	200	Research Experience for Undergraduates | POETS	title match 1/6
WARN	Postdoctoral Fellowships within the Division of Biology and Medicine	postdoctoral-fellowships-within-the-division-of-biology-and-medicine	Brown University	https://postdocs.biomed.brown.edu/prospective-postdocs	postdocs.biomed.brown.edu	200	Prospective Postdocs | BioMed Postdocs and Early Career Programs | Brown University	title match 0/6
FAIL	Five Categories of Postdoctoral Appointments	five-categories-of-postdoctoral-appointments	Northwestern University	https://postdocs.northwestern.edu/benefits-policies/postdoc-categories.html	postdocs.northwestern.edu	404		HTTP 404
WARN	UC President's Postdoctoral Fellowship Program	uc-president-s-postdoctoral-fellowship-program	University of California, Berkeley	https://ppfp.ucop.edu/info/how-to-apply/	ppfp.ucop.edu	200	How to apply	title match 0/4
FAIL	Upward Bound Math Science	upward-bound-math-science-ateumath	Sonoma State University	http://precollegiate.sonoma.edu/ubms	precollegiate.sonoma.edu	403		HTTP 403
WARN	Excellence Scholarship at Ecole Polytechnique 2026	excellence-scholarship-at-ecole-polytechnique-2026	Ecole Polytechnique, France	https://programmes.polytechnique.edu/en/bachelor/costs-and-funding/scholarships-and-financial-aid	programmes.polytechnique.edu	200	Scholarships and Financial Aid	title match 1/4
FAIL	American University Online Program Scholarships	american-university-online-program-scholarships-s4d	American University	https://programs.online.american.edu/admissions/scholarships	programs.online.american.edu			TypeError: fetch failed
FAIL	Propel Postdoctoral Scholars Program	propel-postdoctoral-scholars-program	Stanford University	https://propel.stanford.edu/	propel.stanford.edu	403		HTTP 403
WARN	Provost's Career Enhancement Postdoctoral Scholarship	provost-s-career-enhancement-postdoctoral-scholarship	University of Chicago	http://provostpostdoc.uchicago.edu/	provostpostdoc.uchicago.edu	200	Provost&#039;s Postdoctoral Fellows	title match 2/5
WARN	UNICAMP GRE-FAPESP Direct Doctorate Scholarships	unicamp-gre-fapesp-direct-doctorate-scholarships-br	University of Campinas (UNICAMP) and FAPESP	https://prpg.unicamp.br/en/internacionalizacao/gre-fapesp-unicamp/	prpg.unicamp.br	200	GRE FAPESP Unicamp - Internationalization - PRPG - Dean of Postgraduate Studies at Unicamp	title match 2/5
WARN	Postdoctoral Scholars Program	postdoctoral-scholars-program	Pennsylvania State University	https://psu.wd1.myworkdayjobs.com/PSU_Academic/1/refreshFacet/318c8bb6f553100021d223d9780d30be	psu.wd1.myworkdayjobs.com	200	Workday	title match 0/3
FAIL	Prospective Ph.D. & RA Event in Psychology (PPREP)	prospective-ph-d-ra-event-in-psychology-pprep	Harvard University	https://psychology.fas.harvard.edu/pprep	psychology.fas.harvard.edu	403		HTTP 403
WARN	MU Alcohol Research Training Summer School & Internship (MU-ARTSS)	mu-alcohol-research-training-summer-school-internship-mu-artss	University of Missouri, Columbia	https://psychology.missouri.edu/research/mu-artss	psychology.missouri.edu	200	MU-ARTSS | Psychological Sciences - Psychological Sciences	title match 1/7
WARN	Quantum Foundry Undergraduate Summer Research Internship program	quantum-foundry-undergraduate-summer-research-internship-program	University of California, Santa Barbara	https://quantumfoundry.ucsb.edu/education/undergraduate	quantumfoundry.ucsb.edu	200	Undergraduate Students | UCSB NSF Quantum Foundry | CNSI | UC Santa Barbara	title match 3/7
WARN	The William & Vera Pryor Scholarship at Queens College 2026	the-william-vera-pryor-scholarship-at-queens-college-2026	University of Melbourne	https://queens.unimelb.edu.au/undergraduates/undergraduate-scholarships/continuation-scholarships/#:~:text=The%20William%20%26%20Vera%20Pryor%C2%A0Scholarship	queens.unimelb.edu.au	200	Continuation Scholarships &#8211; Queen&#039;s College	title match 2/5
FAIL	Redhawks Achievement Award at Southeast Missouri State University 2026	redhawks-achievement-award-at-southeast-missouri-state-university-2026	Southeast Missouri State University	https://raa.semoadmissions.org/	raa.semoadmissions.org			TypeError: fetch failed
WARN	In-Region Scholarships for Postgraduate Studies for Yemenis in Jordan	in-region-scholarships-for-postgraduate-studies-for-yemenis-in-jordan-daad	DAAD	https://rce.mohe.gov.jo/en/RecognizedUniversities	rce.mohe.gov.jo	200		no <title> in page
WARN	Research Support Program - Doctoral Fellowship at Laval University 2026	research-support-program-doctoral-fellowship-at-laval-university-2026	Laval University (Universite Laval), Canada	https://repertoire.bbaf.ulaval.ca/bourse/70609/programme-de-soutien-a-la-recherche-bourse-de-doctorat-automne-2022?keywordsSearch=false&keyWords=&onlyUlBursaries=false&admissionBursary=false&legalStatusCode=2&cycle=&faculty=&start-search=true&lessResults=false	repertoire.bbaf.ulaval.ca	200	1452 - Programme de soutien à la recherche - Bourse de doctorat - Répertoire des bourses de l&#x27;Université Laval	title match 2/7
WARN	Francois Lasnier Fund Scholarship at Laval University 2026	francois-lasnier-fund-scholarship-at-laval-university-2026	Laval University (Universite Laval), Canada	https://repertoire.bbaf.ulaval.ca/bourse/77877/bourse-fonds-francois-lasnier-ete-2023?keywordsSearch=false&keyWords=&onlyUlBursaries=false&admissionBursary=true&legalStatusCode=&cycle=&faculty=&start-search=true&lessResults=false	repertoire.bbaf.ulaval.ca	200	2675 - Bourse Fonds François-Lasnier - Répertoire des bourses de l&#x27;Université Laval	title match 2/5
WARN	Microsoft Research Women’s Fellowship Program	microsoft-research-women-s-fellowship-program-s4d	Microsoft Research	http://research.microsoft.com/en-us/collaboration/awards/fellows-women.aspx	research.microsoft.com	200	Dissertation Grant - Microsoft Research	title match 2/5
WARN	Institute for Advanced Study Fellowships	institute-for-advanced-study-fellowships	University of Notre Dame	https://research.nd.edu/our-services/funding-opportunities/	research.nd.edu	200	Funding Opportunities | Our Services | Notre Dame Research | University of Notre Dame	title match 0/4
WARN	Year-long Nanotechnology Research Experience for Teachers (RET)	year-long-nanotechnology-research-experience-for-teachers-ret	Rice University	https://research.rice.edu/rstem/nano-ret	research.rice.edu	200	Nano RET | Center for STEM Engagement | Office of Research | Rice University	title match 1/4
WARN	Year-long Nanotechnology Research Experience for Teachers (RET)	year-long-nanotechnology-research-experience-for-teachers-ret-nanotech	University of Texas, El Paso	https://research.rice.edu/rstem/nano-ret	research.rice.edu	200	Nano RET | Center for STEM Engagement | Office of Research | Rice University	title match 1/4
WARN	Interdisciplinary REU in the Structure and Function of Proteins	interdisciplinary-reu-in-the-structure-and-function-of-proteins	University of Michigan	https://researchops.web.illinois.edu/opportunity/university-michigan-interdisciplinary-reu-program	researchops.web.illinois.edu	200	University of Michigan Interdisciplinary REU Program | Undergraduate Research Opportunities | Illinois	title match 1/4
WARN	NSF REU Site: High Performance Computing with Engineering Applications	nsf-reu-site-high-performance-computing-with-engineering-applications	Clarkson University	http://reu-hpc.clarkson.edu/#:~:text=The%20Clarkson%20University%20REU%20site%20focuses%20on,*%20**Stipend**%20*%20**Food%20stipend**%20*%20**Housing**	reu-hpc.clarkson.edu	200	NSF REU Site	title match 0/4
WARN	BYU Physics REU and RET	byu-physics-reu-and-ret	Brigham Young University	http://reu.byu.edu	reu.byu.edu	200	Summer Research Programs at BYU	title match 0/1
WARN	Electric Vehicle Center Undergradute Research Internships	electric-vehicle-center-undergradute-research-internships	University of Michigan	https://reu.engin.umich.edu/	reu.engin.umich.edu	200	University of Michigan, Research Internships	title match 2/6
WARN	Interdisciplinary Research Experiences at the Interface of Nanotechnology and Biomedicine	interdisciplinary-research-experiences-at-the-interface-of-nanotechnology-and-biomedicine	University of Georgia	http://reu.engr.uga.edu/?page_id=7	reu.engr.uga.edu	200	Application &#8211; Nanotechnology AND Biomedicine	title match 2/6
WARN	NSF REU in Multi-Scale Biomolecular Networks (BioNetworks)	nsf-reu-in-multi-scale-biomolecular-networks-bionetworks	Rice University	https://reu.rice.edu/bionetworks	reu.rice.edu	200	BioNetworks | Research Experiences for Undergrads | Rice University	title match 2/5
WARN	Research Experience for Undergraduates in Chemistry and Chemical and Biological Engineering	research-experience-for-undergraduates-in-chemistry-and-chemical-and-biological-engineering	University of Wisconsin, Madison	https://reucbe.chem.wisc.edu/	reucbe.chem.wisc.edu	202		no <title> in page
WARN	Research Experience for Undergraduates in Chemical and Materials Engineering for Future Manufacturing	research-experience-for-undergraduates-in-chemical-and-materials-engineering-for-future-manufacturing	University of Wisconsin, Madison	https://reucmre.chem.wisc.edu/	reucmre.chem.wisc.edu	202		no <title> in page
WARN	Research Experience for Undergraduates in Materials	research-experience-for-undergraduates-in-materials	University of Wisconsin, Madison	https://reumaterials.mrsec.wisc.edu/	reumaterials.mrsec.wisc.edu	202		no <title> in page
FAIL	Research Experience for Undergraduates Site on Sustainable Land and Water Resources	research-experience-for-undergraduates-site-on-sustainable-land-and-water-resources-andwater	University of Minnesota	https://reuslawr.org/	reuslawr.org	403		HTTP 403
FAIL	Research Experience for Undergraduates Site on Sustainable Land and Water Resources	research-experience-for-undergraduates-site-on-sustainable-land-and-water-resources	Salish Kootenai College	https://reuslawr.org/	reuslawr.org	403		HTTP 403
WARN	T32 Postdoctoral Training Program: Translational Research in Regenerative Medicine	t32-postdoctoral-training-program-translational-research-in-regenerative-medicine	Rutgers University	https://rge.sas.rutgers.edu/component/content/article/nih-post-doc-training-program?catid=76&highlight=WyJ0MzIiLCJwb3N0ZG9jdG9yYWwiLCJ0cmFpbmluZyJd&Itemid=101	rge.sas.rutgers.edu	200	NIH Post-doc Training Program	title match 2/7
WARN	Summer REU in Power and Energy Systems for Smart Cities	summer-reu-in-power-and-energy-systems-for-smart-cities	University of Denver	https://ritchieschool.du.edu/research-innovation/reu	ritchieschool.du.edu	200	Research Experience for Undergraduates | Engineering &amp; Computer Science	title match 0/6
WARN	Executive Women Scholarships at Rome Business School 2026	executive-women-scholarships-at-rome-business-school-2026	Rome Business School	https://romebusinessschool.com/scholarships/	romebusinessschool.com	200	Scholarships for international students &amp; Financial Aid | RBS	title match 1/5
WARN	RaMP: Post-Baccalaureate Training Program in Biomolecular Structure Prediction and Design	ramp-post-baccalaureate-training-program-in-biomolecular-structure-prediction-and-design	Johns Hopkins University	https://rosettacommons.org/education/ramp/	rosettacommons.org	200	Postbaccalaureate - Rosetta Commons	title match 1/7
WARN	Summer Undergraduate Research Program in Neuroscience (NeuroSURP)	summer-undergraduate-research-program-in-neuroscience-neurosurp	Rutgers University	https://rwjms.rutgers.edu/department/neuroscience-cell-biology/about#tab=panel-7	rwjms.rutgers.edu	200	About the Department of Neuroscience and Cell Biology | Robert Wood Johnson Medical School	title match 1/6
WARN	DAAD/BECAS Chile	daad-becas-chile-daad	DAAD	https://s3.us-east-1.amazonaws.com/documentos.anid.cl/BecasChile/2025/Daad/Bases_Lectura_Obligatoria_DAAD_ANID_2025_5ipfmnKNprdsQgfpZExm7TElXbtOzEc.pdf	s3.us-east-1.amazonaws.com	200		no <title> in page
WARN	Finance — China University of Mining and Technology (Bachelor's)	finance-china-university-of-mining-and-technology-bachelor-s	China University of Mining and Technology	https://sac.cumt.edu.cn/english/ADMISSION/Fees___Scholarships.htm	sac.cumt.edu.cn	200	Fees &amp; Scholarships-中国矿业大学国际学院	title match 0/6
WARN	Materials Science and Engineering — China University of Mining and Technology (Bachelor's)	materials-science-and-engineering-china-university-of-mining-and-technology-bachelor-s	China University of Mining and Technology	https://sac.cumt.edu.cn/english/ADMISSION/Fees___Scholarships.htm	sac.cumt.edu.cn	200	Fees &amp; Scholarships-中国矿业大学国际学院	title match 0/8
WARN	Electrical Engineering and Automation — China University of Mining and Technology (Bachelor's)	electrical-engineering-and-automation-china-university-of-mining-and-technology-bachelor-s	China University of Mining and Technology	https://sac.cumt.edu.cn/english/ADMISSION/Fees___Scholarships.htm	sac.cumt.edu.cn	200	Fees &amp; Scholarships-中国矿业大学国际学院	title match 0/8
WARN	International Emergency Bursary for the 2026-2027 academic year at Ontario Tech University 2027	international-emergency-bursary-for-the-2026-2027-academic-year-at-ontario-tech-university-2027	Ontario Tech University	https://safa.ontariotechu.ca/awards-bursaries-and-scholarships/undergraduate-student-finances/scholarships/scholarships-and-awards-for-international-students.php	safa.ontariotechu.ca	200	Scholarships for international students | Student Awards and Financial Aid	title match 1/6
WARN	Opportunities in Coastal Biogeochemical Dynamics at Avery Point	opportunities-in-coastal-biogeochemical-dynamics-at-avery-point-ogeochem	University of Connecticut	https://samanthasiedlecki.wixsite.com/coastalbiogeodynlab/projects	samanthasiedlecki.wixsite.com	200	Projects | Coastalbiogeodynlab	title match 1/6
WARN	Opportunities in Coastal Biogeochemical Dynamics at Avery Point	opportunities-in-coastal-biogeochemical-dynamics-at-avery-point	National Center for Atmospheric Research (NCAR)	https://samanthasiedlecki.wixsite.com/coastalbiogeodynlab/projects	samanthasiedlecki.wixsite.com	200	Projects | Coastalbiogeodynlab	title match 1/6
WARN	J. Donald Hubbard Family Scholarship in Computer and Information Science at University of Oregon 2026	j-donald-hubbard-family-scholarship-in-computer-and-information-science-at-university-of-oregon-2026	University of Oregon	https://scds.uoregon.edu/cs/undergraduate-programs/scholarships?_gl=1*1qrgkuk*_ga*MTEyMjIzNzQ0Ny4xNzQzMDc1MDI5*_ga_0Y20DK4ZHB*MTc0NTMxNzgwNS4xLjEuMTc0NTMxODAwNi4wLjAuMA..	scds.uoregon.edu	200	Scholarships and Awards | Computer Science | School of Computer and Data Sciences	title match 3/9
WARN	Prime Ministers Scholarship Scheme for Wards of States/UTs Police Personnel 2026	prime-ministers-scholarship-scheme-for-wards-of-states-uts-police-personnel-2026	Government of India	https://scholarships.gov.in/	scholarships.gov.in	200	NSP : National Scholarship Portal	title match 1/8
WARN	Grant of Additional Scholarship to ST Students for Higher Studies - Andaman and Nicobar 2026	grant-of-additional-scholarship-to-st-students-for-higher-studies-andaman-and-nicobar-2026	Government of India	https://scholarships.gov.in/	scholarships.gov.in	200	NSP : National Scholarship Portal	title match 1/8
FAIL	Walter Kirby Singing Scholarship at University of Melbourne 2025	walter-kirby-singing-scholarship-at-university-of-melbourne-2025	University of Melbourne	https://scholarships.unimelb.edu.au/awards/walter-kirby-singing-scholarship	scholarships.unimelb.edu.au	403		HTTP 403
FAIL	Moving Clickers Kickalong Award at University of Melbourne 2025	moving-clickers-kickalong-award-at-university-of-melbourne-2025	University of Melbourne	https://scholarships.unimelb.edu.au/awards/moving-clickers-kickalong-award	scholarships.unimelb.edu.au	403		HTTP 403
FAIL	John Hodgson Scholarship (Music) at University of Melbourne 2025	john-hodgson-scholarship-music-at-university-of-melbourne-2025	University of Melbourne	https://scholarships.unimelb.edu.au/awards/john-hodgson-scholarship-music	scholarships.unimelb.edu.au	403		HTTP 403
WARN	Jane Rounick Memorial Award at University of Canterbury 2026	jane-rounick-memorial-award-at-university-of-canterbury-2026	University of Canterbury	https://scholarshipscanterbury.communityforce.com/Funds/Search.aspx	scholarshipscanterbury.communityforce.com	200	University of Canterbury Scholarship Portal - Landing Page	title match 2/5
FAIL	Biomedical Engineering and Informatics Summer Research Internship Program (REU)	biomedical-engineering-and-informatics-summer-research-internship-program-reu-iomedeng	Wake Forest University	https://school.wakehealth.edu/departments/biomedical-engineering/center-for-injury-biomechanics/summer-research-opportunities	school.wakehealth.edu	403		HTTP 403
FAIL	Biomedical Engineering and Informatics Summer Research Internship Program (REU)	biomedical-engineering-and-informatics-summer-research-internship-program-reu	Virginia Polytechnic Institute and State University	https://school.wakehealth.edu/departments/biomedical-engineering/center-for-injury-biomechanics/summer-research-opportunities	school.wakehealth.edu	403		HTTP 403
WARN	Schwarzman Scholars Program at Tsinghua University	schwarzman-scholars-program-at-tsinghua-university-s4d	Tsinghua University	http://schwarzmanscholars.org/	schwarzmanscholars.org	200	Home - Schwarzman Scholars	title match 2/5
WARN	Science Mentorship Institute - Computer Science Mentorship Program (CSMP)	science-mentorship-institute-computer-science-mentorship-program-csmp	Science Mentorship Institute	https://sci-mi.org/csmp.html	sci-mi.org	200	sci-MI: CSMP	title match 0/7
WARN	Science Mentorship Institute - Biology Mentorship Program	science-mentorship-institute-biology-mentorship-program	Science Mentorship Institute	https://sci-mi.org/bmp.html	sci-mi.org	200	sci-MI: BMP	title match 0/6
FAIL	Summer Research Opportunities	summer-research-opportunities	Harvard Medical School	https://scienceeducation.fas.harvard.edu/research-opportunities	scienceeducation.fas.harvard.edu	403		HTTP 403
FAIL	REEU Science Influencers	reeu-science-influencers-luencers	Tarleton State University	https://scienceinfluencers.org/	scienceinfluencers.org	403		HTTP 403
FAIL	REEU Science Influencers	reeu-science-influencers	Prairie View A&amp;M University	https://scienceinfluencers.org/	scienceinfluencers.org	403		HTTP 403
WARN	NASA Science Explorer Ambassador Program	nasa-science-explorer-ambassador-program	NASA	https://scixplorer.org/scixblog/introducing-scix-ambassador-program	scixplorer.org	202		no <title> in page
WARN	NASA Science Explorer Ambassador Program	nasa-science-explorer-ambassador-program-adambass	Smithsonian Astrophysical Observatory	https://scixplorer.org/scixblog/introducing-scix-ambassador-program	scixplorer.org	202		no <title> in page
WARN	DAAD Zuse School of Embedded Composite Artificial Intelligence (SECAI): Scholarships for Master's students in AI	daad-zuse-school-of-embedded-composite-artificial-intelligence-secai-scholarships-for-mast-daad	DAAD Zuse School of Embedded Composite Artificial Intelligence (SECAI)	https://secai.org/students/scholarships	secai.org	200	SECAI Scholarships	title match 2/9
WARN	Cooperation programme with Mexico (SECIHTI &ndash; Secretar&iacute;a de Ciencia, Humanidades, Tecnolog&iacute;a e Innovaci&oacute;n) Master	cooperation-programme-with-mexico-secihti-andndash-secretarandiacute-a-de-ciencia-humanida-daad	DAAD	https://secihti.mx/convocatoria/becas-al-extranjero/convocatoria-2026-becas-de-posgrado-en-ciencia-y-humanidades-en-el-extranjero	secihti.mx	200	Convocatoria 2026 Becas de Posgrado en Ciencia y Humanidades en el Extranjero - SECIHTI	title match 3/14
WARN	SERB - POWER Research Grants 2026	serb-power-research-grants-2026	Science and Engineering Research Board (SERB), India	https://serb.gov.in/page/english/power_grants	serb.gov.in	200	Home: Anusandhan National Research Foundation,
			Department of Science & Technology, Government of India	title match 1/3
FAIL	Fellowships at Smithsonian Environmental Research Center (Edgewater, MD)	fellowships-at-smithsonian-environmental-research-center-edgewater-md	Smithsonian Environmental Research Center (SERC)	https://serc.si.edu/fellowships	serc.si.edu	403		HTTP 403
FAIL	Internships at the Smithsonian Environmental Research Center (SERC)	internships-at-the-smithsonian-environmental-research-center-serc	Smithsonian Environmental Research Center (SERC)	https://serc.si.edu/internships	serc.si.edu	403		HTTP 403
WARN	SETI Research Center Summer Research Undergraduate Internships	seti-research-center-summer-research-undergraduate-internships	University of California, Berkeley	http://seti.berkeley.edu/Internship.html	seti.berkeley.edu	200	Berkeley SETI	title match 0/6
FAIL	Summer Undergraduate Research Fellowships	summer-undergraduate-research-fellowships	California Institute of Technology	https://sfp.caltech.edu/undergraduate-research/programs/surf	sfp.caltech.edu	403		HTTP 403
FAIL	WAVE Fellows Program	wave-fellows-program	California Institute of Technology	https://sfp.caltech.edu/undergraduate-research/programs/wavefellows	sfp.caltech.edu	403		HTTP 403
WARN	First Year Grant at Massachusetts Institute of Technology 2026	first-year-grant-at-massachusetts-institute-of-technology-2026	Massachusetts Institute of Technology (MIT)	https://sfs.mit.edu/undergraduate-students/types-of-aid/mit-scholarship/	sfs.mit.edu	200	MIT Scholarships and grants | MIT Student Financial Services	title match 1/5
WARN	Kummer Innovation and Entrepreneurship Doctoral Fellows Program at MUST 2027	kummer-innovation-and-entrepreneurship-doctoral-fellows-program-at-must-2027	Missouri University of Science and Technology	https://sfs.mst.edu/financialaid/typesofaid/scholarships/graduate/graduatefellowships/kummeriefellowships/	sfs.mst.edu	200	&ndash; Student Financial Services |
 Missouri S&amp;T	title match 0/6
FAIL	Lassonde Entrance Scholarship at University of York 2026	lassonde-entrance-scholarship-at-university-of-york-2026	University of York, UK	https://sfs.yorku.ca/scholarships/award-search?awardID=3940	sfs.yorku.ca			TypeError: fetch failed
WARN	Institute for Shock Physics Graduate Scholar Award	institute-for-shock-physics-graduate-scholar-award	California Institute of Technology	https://shock.wsu.edu/financial-support-copy/	shock.wsu.edu	200	Financial Support | Shock Physics |  Washington State University	title match 2/6
WARN	Institute for Shock Physics Graduate Scholar Award	institute-for-shock-physics-graduate-scholar-award-holaward	Princeton University	https://shock.wsu.edu/financial-support-copy/	shock.wsu.edu	200	Financial Support | Shock Physics |  Washington State University	title match 2/6
FAIL	Summer Honors Undergraduate Research Program in Biomedical Sciences	summer-honors-undergraduate-research-program-in-biomedical-sciences	Harvard Medical School	https://shurp.hms.harvard.edu/	shurp.hms.harvard.edu	403		HTTP 403
WARN	Chinese Language & Literature — Changchun University of Science and Technology (Bachelor's)	chinese-language-literature-changchun-university-of-science-and-technology-bachelor-s	Changchun University of Science and Technology	https://sie.cust.edu.cn/scholarship/index.htm	sie.cust.edu.cn	200		no <title> in page
WARN	Functional Materials — Changchun University of Science and Technology (Bachelor's)	functional-materials-changchun-university-of-science-and-technology-bachelor-s	Changchun University of Science and Technology	https://sie.cust.edu.cn/scholarship/index.htm	sie.cust.edu.cn	200		no <title> in page
WARN	Mechanical Engineering — Changchun University of Science and Technology (Master's)	mechanical-engineering-changchun-university-of-science-and-technology-master-s	Changchun University of Science and Technology	https://sie.cust.edu.cn/scholarship/index.htm	sie.cust.edu.cn	200		no <title> in page
WARN	(3+1)Bachelor Cooperative Program in Business Management — Dongbei University of Finance and Economics (Bachelor's)	3-1-bachelor-cooperative-program-in-business-management-dongbei-university-of-finance-and-	Dongbei University of Finance and Economics	https://sie.dufe.edu.cn/en/hta/ss/	sie.dufe.edu.cn	200	International Institute of Chinese Language &amp;amp; Culture,DUFE	title match 0/10
WARN	BSc in Financial Management — Dongbei University of Finance and Economics (Bachelor's)	bsc-in-financial-management-dongbei-university-of-finance-and-economics-bachelor-s	Dongbei University of Finance and Economics	https://sie.dufe.edu.cn/en/hta/ss/	sie.dufe.edu.cn	200	International Institute of Chinese Language &amp;amp; Culture,DUFE	title match 0/7
WARN	Materials Engineering — South China University of Technology (Bachelor's)	materials-engineering-south-china-university-of-technology-bachelor-s	South China University of Technology	http://sie.scut.edu.cn/p1244c1169/list.htm	sie.scut.edu.cn	200	SCHOLARSHIPS~	title match 0/7
WARN	Music Performance — South China University of Technology (Bachelor's)	music-performance-south-china-university-of-technology-bachelor-s	South China University of Technology	http://sie.scut.edu.cn/p1244c1169/list.htm	sie.scut.edu.cn	200	SCHOLARSHIPS~	title match 0/7
WARN	Electronic Commerce — South China University of Technology (Bachelor's)	electronic-commerce-south-china-university-of-technology-bachelor-s	South China University of Technology	http://sie.scut.edu.cn/p1244c1169/list.htm	sie.scut.edu.cn	200	SCHOLARSHIPS~	title match 0/7
WARN	Forestry — Northeast Forestry University (Bachelor's)	forestry-northeast-forestry-university-bachelor-s	Northeast Forestry University	https://siee.nefu.edu.cn/English/Scholarships/NEFU_President_Scholarship_.htm	siee.nefu.edu.cn	200	NEFU President Scholarship -东北林业大学-国际交流学院	title match 0/5
WARN	Animal Science — Northeast Forestry University (Bachelor's)	animal-science-northeast-forestry-university-bachelor-s	Northeast Forestry University	https://siee.nefu.edu.cn/English/Scholarships/NEFU_President_Scholarship_.htm	siee.nefu.edu.cn	200	NEFU President Scholarship -东北林业大学-国际交流学院	title match 0/6
WARN	Marxist Theory — Northeast Forestry University (Master's)	marxist-theory-northeast-forestry-university-master-s	Northeast Forestry University	https://siee.nefu.edu.cn/English/Scholarships/NEFU_President_Scholarship_.htm	siee.nefu.edu.cn	200	NEFU President Scholarship -东北林业大学-国际交流学院	title match 0/6
WARN	Joint Science Education Project (JSEP)	joint-science-education-project-jsep	Dartmouth College	https://sites.google.com/dartmouth.edu/jsep2020/jsep	sites.google.com	200	JSEP	title match 0/4
WARN	Frankel Cardiovascular Center Summer Undergraduate Research Fellowship	frankel-cardiovascular-center-summer-undergraduate-research-fellowship	University of Michigan	https://sites.google.com/site/cvcsummerfellowship/home	sites.google.com	200	Frankel CVC SURF	title match 1/7
WARN	The Ecology of Human-Dominated Landscapes	the-ecology-of-human-dominated-landscapes	Miami University	https://sites.miamioh.edu/ecologyreu/#:~:text=REU%20%E2%80%9CEcology%20in%20Human%20Dominated%20Landscapes%E2%80%9D&text=Our%20program%20is%20an%20exciting,on%20an%20independent%20research%20project.	sites.miamioh.edu	200	Ecology REU Program | A Miami University WordPress Site | Miami University	title match 1/4
WARN	The Ecology of Human-Dominated Landscapes	the-ecology-of-human-dominated-landscapes-anscapes	National Science Foundation (NSF)	https://sites.miamioh.edu/ecologyreu/#:~:text=REU%20%E2%80%9CEcology%20in%20Human%20Dominated%20Landscapes%E2%80%9D&text=Our%20program%20is%20an%20exciting,on%20an%20independent%20research%20project.	sites.miamioh.edu	200	Ecology REU Program | A Miami University WordPress Site | Miami University	title match 1/4
WARN	Space Grant Undergraduate Research Scholarships	space-grant-undergraduate-research-scholarships	Pennsylvania State University	https://sites.psu.edu/paspacegrant/support/statewide-support/psgc-undergraduate-scholarship-program/	sites.psu.edu	200	Undergraduate Scholarship Program |	title match 1/5
FAIL	Norwegian Quota Scholarship Scheme	norwegian-quota-scholarship-scheme-s4d	Norwegian Government	http://siu.no/eng/Front-Page/Programme-information/Scholarship-schemes/Quota-Scheme	siu.no	404		HTTP 404
WARN	Long-term Chinese Language Program — Xi'an International Studies University (Non-degree)	long-term-chinese-language-program-xi-an-international-studies-university-non-degree	Xi'an International Studies University	https://six.xisu.edu.cn/lxxwywz/Scholarships/Xi_an_International_Studies_University_Scholarship/Xi_an_International_Studies_University_Scholarship.htm	six.xisu.edu.cn	200	Xi'an International Studies University Scholarship-XISU	title match 3/7
WARN	Animation(Changan Campus) — Xi'an International Studies University (Bachelor's)	animation-changan-campus-xi-an-international-studies-university-bachelor-s	Xi'an International Studies University	https://six.xisu.edu.cn/lxxwywz/Scholarships/Xi_an_International_Studies_University_Scholarship/Xi_an_International_Studies_University_Scholarship.htm	six.xisu.edu.cn	200	Xi'an International Studies University Scholarship-XISU	title match 3/7
WARN	Postdoctoral Associate Positions at the NSF-Simons SkAI Institute	postdoctoral-associate-positions-at-the-nsf-simons-skai-institute	Northwestern University	https://skai-institute.org/jobs/	skai-institute.org	200	Jobs | SKAI-Institute	title match 1/5
WARN	Postdoctoral Associate Positions at the NSF-Simons SkAI Institute	postdoctoral-associate-positions-at-the-nsf-simons-skai-institute-kaiassoc	University of Chicago	https://skai-institute.org/jobs/	skai-institute.org	200	Jobs | SKAI-Institute	title match 1/5
WARN	Summer Mentoring and Research in Transdisciplinary Methodologies in the Neuroscience of Drug-Abuse (SMARTMIND)	summer-mentoring-and-research-in-transdisciplinary-methodologies-in-the-neuroscience-of-drug-abuse-smartmind	University of Texas, El Paso	http://smartmind.utep.edu/	smartmind.utep.edu	200	SMARTMIND	title match 1/8
FAIL	Central Sector Scholarship Scheme of Top Class Education For SC Students 2026	central-sector-scholarship-scheme-of-top-class-education-for-sc-students-2026	Ministry of Social Justice and Empowerment	https://socialjustice.gov.in/schemes/27	socialjustice.gov.in			TypeError: fetch failed
WARN	Abbie Jane Bakony Scholarship at University of Oregon 2026	abbie-jane-bakony-scholarship-at-university-of-oregon-2026	University of Oregon	https://socialsciences.uoregon.edu/wgss/undergraduate-programs/scholarships?_gl=1*12dxszc*_ga*MTEyMjIzNzQ0Ny4xNzQzMDc1MDI5*_ga_0Y20DK4ZHB*MTc0NTU1ODExMS43LjEuMTc0NTU1ODEyNi4wLjAuMA..	socialsciences.uoregon.edu	200	Scholarships and Awards | Women&#039;s, Gender and Sexuality Studies | Social Sciences	title match 1/5
WARN	John A. Schwab Memorial Scholarship at University of Oregon 2026	john-a-schwab-memorial-scholarship-at-university-of-oregon-2026	University of Oregon	https://socialsciences.uoregon.edu/history/undergraduate-programs/scholarships?_gl=1*c242im*_ga*MTEyMjIzNzQ0Ny4xNzQzMDc1MDI5*_ga_0Y20DK4ZHB*MTc0NTU3OTE4My4xMi4xLjE3NDU1ODA0NzguMC4wLjA.	socialsciences.uoregon.edu	200	Scholarships and Awards | History | Social Sciences	title match 1/5
WARN	Sparbanksstiftelsen Kronan Scholarship 2026	sparbanksstiftelsen-kronan-scholarship-2026	Sparbanksstiftelsen Kronan	https://sparbanksstiftelsenkronan.se/stipendium	sparbanksstiftelsenkronan.se	200	Stipendieverksamhet	title match 0/3
WARN	REU: Experimental and Computational Spectroscopy:Fundamental Probes of Molecules, Molecular Interactions, and Materials	reu-experimental-and-computational-spectroscopy-fundamental-probes-of-molecules-molecular-interactions-and-materials-troscopy	Ohio State University	https://spectroscopy-reu.osu.edu/	spectroscopy-reu.osu.edu	200	Ohio State Spectroscopy REU Program	title match 1/9
WARN	REU: Experimental and Computational Spectroscopy:Fundamental Probes of Molecules, Molecular Interactions, and Materials	reu-experimental-and-computational-spectroscopy-fundamental-probes-of-molecules-molecular-interactions-and-materials	NOBCChE Collaborative	https://spectroscopy-reu.osu.edu/	spectroscopy-reu.osu.edu	200	Ohio State Spectroscopy REU Program	title match 1/9
WARN	The Celia Scott Weatherhead School of Public Health and Tropical Medicine Louisiana Lagniappe Scholarship at Tulane University 2026	the-celia-scott-weatherhead-school-of-public-health-and-tropical-medicine-louisiana-lagniappe-scholarship-at-tulane-university-2026	Tulane University	https://sph.tulane.edu/tuition-aid	sph.tulane.edu	200	Tuition, Funding, Scholarships &amp; Financial Aid	title match 1/13
WARN	The Celia Scott Weatherhead School of Public Health and Tropical Medicine Doctoral Scholarship at Tulane University 2026	the-celia-scott-weatherhead-school-of-public-health-and-tropical-medicine-doctoral-scholarship-at-tulane-university-2026	Tulane University	https://sph.tulane.edu/tuition-aid	sph.tulane.edu	200	Tuition, Funding, Scholarships &amp; Financial Aid	title match 1/12
FAIL	School of Public Health Summer Enrichment Program (UM SEP) in Health Management and Policy	school-of-public-health-summer-enrichment-program-um-sep-in-health-management-and-policy	University of Michigan	https://sph.umich.edu/sep/overview/index.html	sph.umich.edu	403		HTTP 403
FAIL	Sport Scholarships at University of Leeds 2025	sport-scholarships-at-university-of-leeds-2025	University of Leeds	https://sport.leeds.ac.uk/sport/performance-sport-scholarships/#tab-id-1	sport.leeds.ac.uk	403		HTTP 403
FAIL	Sports Scholarship - Level 1 at Heriot Watt University 2026	sports-scholarship-level-1-at-heriot-watt-university-2026	Heriot-Watt University, Edinburgh	https://sportsunion.site.hw.ac.uk/sport-scholarships-programme/	sportsunion.site.hw.ac.uk	404		HTTP 404
WARN	Live Your Dream Awards - Soroptimist at SPSCC 2026	live-your-dream-awards-soroptimist-at-spscc-2026	South Puget Sound Community College (SPSCC)	https://spscc.edu/financial-services/scholarships	spscc.edu	200	Scholarships &amp; Grants | SPSCC	title match 1/4
WARN	Summer Program for Undergraduate Research (SPUR) in Life Sciences	summer-program-for-undergraduate-research-spur-in-life-sciences	University of Oregon	https://spur.uoregon.edu/	spur.uoregon.edu	200	University of Oregon WordPress Hosting &#8211; Educational blogs from our community	title match 0/5
FAIL	School of Science and Engineering Leo S. Weil Scholarship Fund at Tulane University 2026	school-of-science-and-engineering-leo-s-weil-scholarship-fund-at-tulane-university-2026	Tulane University	https://sse.tulane.edu/endowed-scholarships-fellowships	sse.tulane.edu	403		HTTP 403
FAIL	School of Science and Engineering Womens Auxiliary to the New Orleans Chapter of the Louisiana Engineering Society at Tulane University 2026	school-of-science-and-engineering-womens-auxiliary-to-the-new-orleans-chapter-of-the-louisiana-engineering-society-at-tulane-university-2026	Tulane University	https://sse.tulane.edu/endowed-scholarships-fellowships	sse.tulane.edu	403		HTTP 403
FAIL	School of Science and Engineering IBM Corporation Fellowship Fund at Tulane University 2026	school-of-science-and-engineering-ibm-corporation-fellowship-fund-at-tulane-university-2026	Tulane University	https://sse.tulane.edu/endowed-scholarships-fellowships	sse.tulane.edu	403		HTTP 403
FAIL	The University Open Scholarship at The University of the West Indies 2024/25	the-university-open-scholarship-at-the-university-of-the-west-indies-2024-25	University of the West Indies	https://sta.uwi.edu/admissions/undergrad/uwi_open_scholarship.asp	sta.uwi.edu			TypeError: fetch failed
FAIL	Global Scholars Awards Merit-Based Scholarship at Stevens Institute of Technology 2026	global-scholars-awards-merit-based-scholarship-at-stevens-institute-of-technology-2026	Stevens Institute of Technology (SIT)	https://stevens.smartcatalogiq.com/en/2021-2022/academic-catalog/financing-a-stevens-education/undergraduate-student-financial-aid-information/institutional-financial-aid-programs/	stevens.smartcatalogiq.com	404		HTTP 404
FAIL	Alumni Scholarship at KEDGE Business School 2026	alumni-scholarship-at-kedge-business-school-2026	KEDGE Business School	https://student.kedge.edu/student-services/prepare-my-studies-abroad/scholarships-in-france	student.kedge.edu			TypeError: fetch failed
FAIL	Diversity Scholarship at KEDGE Business School 2026	diversity-scholarship-at-kedge-business-school-2026	KEDGE Business School	https://student.kedge.edu/student-services/prepare-my-studies-abroad/scholarships-in-france	student.kedge.edu			TypeError: fetch failed
WARN	Woodruff Deans Achievement Scholarship at Emory College of Arts And Sciences 2026	woodruff-deans-achievement-scholarship-at-emory-college-of-arts-and-sciences-2026	Emory University	https://studentaid.emory.edu/undergraduate/types/grants-scholarships/emory-grants/index.html#:~:text=The%20Woodruff%20Scholars%20Program%20offers,receive%208%20semesters%20of%20funding.	studentaid.emory.edu	200	Emory Institutional Grants and Scholarships | Emory University | Atlanta GA	title match 2/7
WARN	International Scholars Award at Northeastern University, Boston 2026	international-scholars-award-at-northeastern-university-boston-2026	Northeastern University, Boston	https://studentfinance.northeastern.edu/applying-for-aid/international-students/	studentfinance.northeastern.edu	200	International Students | Student Financial Services	title match 1/6
WARN	Northeastern University Grant 2025	northeastern-university-grant-2025	Northeastern University, Boston	https://studentfinance.northeastern.edu/applying-for-aid/undergraduate/types-of-aid/grants/	studentfinance.northeastern.edu	200	Undergraduate - Grants | Student Financial Services	title match 1/3
FAIL	Macquarie University UAC International Scholarship 2026	macquarie-university-uac-international-scholarship-2026	Macquarie University	https://students.mq.edu.au/study/course/overseas/staging/details/macquarie-university-uac-international-scholarship#:~:text=This%20scholarship%20is%20awarded%20to,at%20AUD%2410%2C000%20once%20off.	students.mq.edu.au	403		HTTP 403
WARN	Danish Government Scholarships (Faculty of Humanities) at The University of Copenhagen 2025	danish-government-scholarships-faculty-of-humanities-at-the-university-of-copenhagen-2025	Government of Denmark	https://studies.ku.dk/masters/tuition-fees--scholarships/scholarships--loans-at-ucph/danish-government-scholarships/	studies.ku.dk	200	How Much Are Tuition Fees? Costs for Master’s at UCPH	title match 0/7
FAIL	GREAT Scholarships For Greece Students 2026	great-scholarships-for-greece-students-2026	British Council	https://study-uk.britishcouncil.org/scholarships-funding/great-scholarships/greece	study-uk.britishcouncil.org	403		HTTP 403
FAIL	GREAT Scholarships For Pakistan Students 2026	great-scholarships-for-pakistan-students-2026	British Council	https://study-uk.britishcouncil.org/scholarships-funding/great-scholarships/pakistan	study-uk.britishcouncil.org	403		HTTP 403
FAIL	Chongqing University President Scholarships 2025	chongqing-university-president-scholarships-2025	China Scholarship Council (CSC)	http://study.cqu.edu.cn/info/1390/1461.htm	study.cqu.edu.cn	412		HTTP 412
FAIL	Business Career Development Grants at University of South Australia 2025	business-career-development-grants-at-university-of-south-australia-2025	University Of South Australia UniSA	https://study.unisa.edu.au/business-career-development-grants/	study.unisa.edu.au	404		HTTP 404
WARN	Information and Computing Sciences — North China Electric Power University (Bachelor's)	information-and-computing-sciences-north-china-electric-power-university-bachelor-s	North China Electric Power University	https://studyatncepu.ncepu.edu.cn/Admissions/Scholarship/index.htm	studyatncepu.ncepu.edu.cn	200	国教学院英文网	title match 0/9
WARN	Power system analysis and control — North China Electric Power University (PhD)	power-system-analysis-and-control-north-china-electric-power-university-phd	North China Electric Power University	https://studyatncepu.ncepu.edu.cn/Admissions/Scholarship/index.htm	studyatncepu.ncepu.edu.cn	200	国教学院英文网	title match 0/9
WARN	Internet of Things Engineering — North China Electric Power University (Bachelor's)	internet-of-things-engineering-north-china-electric-power-university-bachelor-s	North China Electric Power University	https://studyatncepu.ncepu.edu.cn/Admissions/Scholarship/index.htm	studyatncepu.ncepu.edu.cn	200	国教学院英文网	title match 0/9
FAIL	Ningxia University CSC Scholarship 2026	ningxia-university-csc-scholarship-2026	China Scholarship Council (CSC)	https://studyinchina.csc.edu.cn/	studyinchina.csc.edu.cn	412		HTTP 412
FAIL	Harbin Institute Of Technology CSC Scholarship 2026	harbin-institute-of-technology-csc-scholarship-2026	China Scholarship Council (CSC)	https://studyinchina.csc.edu.cn/	studyinchina.csc.edu.cn	412		HTTP 412
FAIL	Belt And Road Scholarship Shaanxi Normal University 2026	belt-and-road-scholarship-shaanxi-normal-university-2026	China Scholarship Council (CSC)	https://studyinchina.csc.edu.cn/	studyinchina.csc.edu.cn	412		HTTP 412
FAIL	Danish government scholarships for highly qualified non-EU/EEA students 2026	danish-government-scholarships-for-highly-qualified-non-eu-eea-students-2026	Government of Denmark	https://studyindenmark.dk/study-options/scholarships	studyindenmark.dk			TypeError: fetch failed
FAIL	Danish Government Scholarships for Non-EU Students	danish-government-scholarships-for-non-eu-students-s4d	Danish Government	https://studyindenmark.dk/study-options/scholarships	studyindenmark.dk			TypeError: fetch failed
WARN	MAECI Scholarships at the University of Padua	maeci-scholarships-at-the-university-of-padua-it	Italian Ministry of Foreign Affairs and International Cooperation (MAECI)	https://studyinitaly.esteri.it/	studyinitaly.esteri.it	200	Study In Italy	title match 0/4
WARN	SUMAS Women in Sustainability Scholarship 2026	sumas-women-in-sustainability-scholarship-2026	Sustainability Management School (SUMAS), Switzerland Campus	https://sumas.ch/master-scholarships/sumas-women-in-sustainability-scholarship/	sumas.ch	200	Scholarships — Financial Support for BBA &amp; Master Programs	title match 1/4
FAIL	REU Site: Leveraging Engineering Education Research for U.S. Workforce Development	reu-site-leveraging-engineering-education-research-for-u-s-workforce-development	University of Nebraska, Lincoln	https://summerprogram.unl.edu/programs/engineering-education-research/	summerprogram.unl.edu	403		HTTP 403
FAIL	REU Site: Research Experiences for Undergraduates in Chemical Assembly	reu-site-research-experiences-for-undergraduates-in-chemical-assembly	University of Nebraska, Lincoln	https://summerprogram.unl.edu/programs/chemistry/	summerprogram.unl.edu	403		HTTP 403
WARN	Summer Science Program	summer-science-program	California Institute of Technology	https://summerscience.org/admissions/fee-and-financial-aid/	summerscience.org	200	Application - SSP International	title match 0/3
WARN	Summer Science Program	summer-science-program-eedbased	Georgia State University	https://summerscience.org/admissions/fee-and-financial-aid/	summerscience.org	200	Application - SSP International	title match 0/3
FAIL	Summer Undergraduate Research in Engineering	summer-undergraduate-research-in-engineering	University of Michigan	http://sure.engin.umich.edu/	sure.engin.umich.edu	403		HTTP 403
FAIL	Summer Undergraduate Research Program for Diversity in Chemistry (SURP-DC)	summer-undergraduate-research-program-for-diversity-in-chemistry-surp-dc	Princeton University	https://surpdc.princeton.edu/	surpdc.princeton.edu	403		HTTP 403
FAIL	Swami Vivekananda merit cum means Scholarship 2025	swami-vivekananda-merit-cum-means-scholarship-2025	Government of West Bengal	https://svmcm.wb.gov.in/	svmcm.wb.gov.in			TypeError: fetch failed
WARN	SWEA	swea-se	SWEA	https://swea.org/	swea.org	200	SWEA International - SWEA International	title match 0/0
FAIL	UC Davis TERC Internship for Scholars Program	uc-davis-terc-internship-for-scholars-program	University of California, Davis	https://tahoe.ucdavis.edu/interns	tahoe.ucdavis.edu	403		HTTP 403
WARN	NRT-URoL: Decoding the Mechanisms Underpinning Biofilm Function and Architecture in Extreme Environments	nrt-urol-decoding-the-mechanisms-underpinning-biofilm-function-and-architecture-in-extreme-environments	Montana State University	https://tbi.montana.edu/nrt-extreme-biofilms/	tbi.montana.edu	200	Extreme Biofilms National Traineeship Training - National Traineeship Training | Montana State University	title match 2/8
WARN	REU Site: Exploring the Limits of Life - Understanding Biofilms in Extreme Environments	reu-site-exploring-the-limits-of-life-understanding-biofilms-in-extreme-environments	Montana State University	https://tbi.montana.edu/undergraduate-research-fellowship/	tbi.montana.edu	200	EB-REU - Default | Montana State University	title match 0/6
WARN	altREU on Computational Modeling Serving Your Community	altreu-on-computational-modeling-serving-your-community	Portland State University	https://teuscher-lab.com/altreu/	teuscher-lab.com	200	altREU: Design, Program, and Use Computers to Benefit Society &#8211; An Alternative Research Experience for Undergraduates	title match 1/5
WARN	Post-Baccalaureate Fellow	post-baccalaureate-fellow	Claremont McKenna College	https://theclaremontcolleges.wd1.myworkdayjobs.com/en-US/CMC_Staff/job/Claremont/Post-Baccalaureate-Fellow--Temporary-_REQ-8333	theclaremontcolleges.wd1.myworkdayjobs.com	200		no <title> in page
FAIL	KOICA Scholarship Program for Developing Countries	koica-scholarship-program-for-developing-countries-s4d	Korean Government	http://training.koica.go.kr/	training.koica.go.kr			TypeError: fetch failed
WARN	Partnerships Along the Headwaters of the Americas for Young Scientists (Pathways) Program	partnerships-along-the-headwaters-of-the-americas-for-young-scientists-pathways-program	University of New Mexico	https://transect-of-the-americas.wsu.edu/pathways-program/	transect-of-the-americas.wsu.edu	200	Pathways Program | Transect of the Americas |  Washington State University	title match 3/8
WARN	Partnerships Along the Headwaters of the Americas for Young Scientists (Pathways) Program	partnerships-along-the-headwaters-of-the-americas-for-young-scientists-pathways-program-pathways	Washington State University	https://transect-of-the-americas.wsu.edu/pathways-program/	transect-of-the-americas.wsu.edu	200	Pathways Program | Transect of the Americas |  Washington State University	title match 3/8
WARN	INfectious Diseases Summer Program Integrating Research at Emory University (INSPIRE)	infectious-diseases-summer-program-integrating-research-at-emory-university-inspire	Emory University	https://tree4health.emory.edu/programs/inspire.html	tree4health.emory.edu	200	INSPIRE | Treatment | Research | Expert Education (TREE)	title match 2/9
WARN	Physics Undergrad Summer Research - TREND (Teaching and Research Experiences in Nonlinear Dynamics)	physics-undergrad-summer-research-trend-teaching-and-research-experiences-in-nonlinear-dynamics	University of Maryland, College Park	https://trend.umd.edu/	trend.umd.edu	200	TREND REU Program	title match 1/10
WARN	The Alabama RIMS Scholarship at Troy University 2026	the-alabama-rims-scholarship-at-troy-university-2026	Troy University	https://troy.academicworks.com/opportunities/5319	troy.academicworks.com	200	Blackbaud Award Management™ | Scholarship Management Software for Higher Ed	title match 1/3
WARN	Phi Theta Kappa Transfer Scholarship at Troy University 2026	phi-theta-kappa-transfer-scholarship-at-troy-university-2026	Troy University	https://troy.academicworks.com/opportunities/5374	troy.academicworks.com	200	Blackbaud Award Management™ | Scholarship Management Software for Higher Ed	title match 1/5
WARN	Deans Excellence Scholarship for Dance at Troy University 2026	deans-excellence-scholarship-for-dance-at-troy-university-2026	Troy University	https://troy.awardspring.com/Home/ScholarshipDetails/476607	troy.awardspring.com	200	Scholarship Details	title match 1/5
WARN	Department of Biology Scholarship at Troy University 2026	department-of-biology-scholarship-at-troy-university-2026	Troy University	https://troy.awardspring.com/Home/ScholarshipDetails/476398	troy.awardspring.com	200	Scholarship Details	title match 1/4
WARN	Naval Research Laboratory (NRL) Summer Internship Program for HBCU/MI Undergraduate Students	naval-research-laboratory-nrl-summer-internship-program-for-hbcu-mi-undergraduate-students	American Society for Engineering Education (ASEE)	https://twc.edu/programs/department-of-navy-internship-program	twc.edu	200	Department of Navy Summer Internship Program | Programs | The Washington Center	title match 3/8
WARN	Out-of-State Tuition Scholarship at University of Central Arkansas 2026	out-of-state-tuition-scholarship-at-university-of-central-arkansas-2026	University of Central Arkansas	https://uca.edu/studentaccounts/fee-waivers/	uca.edu	200	UCA Fee Waiver Information	title match 0/6
WARN	Paul E. Richter TWA Scholarship at University of Central Missouri 2027	paul-e-richter-twa-scholarship-at-university-of-central-missouri-2027	University of Central Missouri (UCM)	https://ucmo.academicworks.com/opportunities/34174	ucmo.academicworks.com	200	Paul E. Richter TWA Scholarship - UCM Scholarship Finder	title match 2/5
FAIL	International Scholarships at University of East London 2026	international-scholarships-at-university-of-east-london-2026	University of East London	https://uel.ac.uk/study/fees-funding/international-fees-funding/international-scholarships	uel.ac.uk	403		HTTP 403
FAIL	Postgraduate Alumni Discount at University of East London 2026	postgraduate-alumni-discount-at-university-of-east-london-2026	University of East London	https://uel.ac.uk/study/fees-funding/scholarships-bursaries/postgraduate-scholarships-bursaries/alumni-discount	uel.ac.uk	403		HTTP 403
FAIL	Undergraduate Research Scholarships at University of Minnesota 2026	undergraduate-research-scholarships-at-university-of-minnesota-2026	University of Minnesota	https://ugresearch.umn.edu/opportunities/urs	ugresearch.umn.edu	403		HTTP 403
FAIL	Center for Sustainable Polymers Summer Research Program	center-for-sustainable-polymers-summer-research-program	University of Minnesota	https://ugresearch.umn.edu/opportunities/urop	ugresearch.umn.edu	403		HTTP 403
FAIL	International Undergraduate Student Bursary at University of Manitoba 2026	international-undergraduate-student-bursary-at-university-of-manitoba-2026	University of Manitoba (UM), Canada	https://ui-webapps.ad.umanitoba.ca/searchableAwards/searchForm/awardDetails/24976	ui-webapps.ad.umanitoba.ca	500		HTTP 500
FAIL	International Undergraduate Research Opportunities Program (I-UROP) Scholarship at University of Minnesota 2027	international-undergraduate-research-opportunities-program-i-urop-scholarship-at-university-of-minnesota-2027	University of Minnesota	https://umabroad.umn.edu/students/finances/scholarships/urop-scholarship	umabroad.umn.edu	403		HTTP 403
WARN	NSF-NRT: Transdisciplinary Graduate Program in Conservation Science and Practice	nsf-nrt-transdisciplinary-graduate-program-in-conservation-science-and-practice	University of Maine	https://umaine.edu/conservationscience/	umaine.edu	200	NRT: Enhancing Conservation Science - NRT: Enhancing Conservation Science - University of Maine	title match 2/6
WARN	Chancellors Centennial CVPA Scholarship at UMass Dartmouth 2026	chancellors-centennial-cvpa-scholarship-at-umass-dartmouth-2026	University of Massachusetts Dartmouth	https://umassd.scholarships.ngwebsolutions.com/Scholarships/Search	umassd.scholarships.ngwebsolutions.com	200	Scholarships Search	title match 1/5
WARN	Mierzejewski, Jennie Szymanski Scholarship at University of Massachusetts Dartmouth 2026	mierzejewski-jennie-szymanski-scholarship-at-university-of-massachusetts-dartmouth-2026	University of Massachusetts Dartmouth	https://umassd.scholarships.ngwebsolutions.com/Scholarships/Search#	umassd.scholarships.ngwebsolutions.com	200	Scholarships Search	title match 1/7
WARN	Five Star University at Mercer University 2026	five-star-university-at-mercer-university-2026	Mercer University	https://undergrad.mercer.edu/mercer-scholarships/#module-standard-content-process	undergrad.mercer.edu	200	Scholarships and Aid	title match 0/3
WARN	Bessie Willingham Tift Scholarship at Mercer University 2026	bessie-willingham-tift-scholarship-at-mercer-university-2026	Mercer University	https://undergrad.mercer.edu/mercer-scholarships/#module-standard-content-scholarship-opportunities	undergrad.mercer.edu	200	Scholarships and Aid	title match 1/5
WARN	REU in Material Science and Engineering	reu-in-material-science-and-engineering	University of Missouri, Columbia	https://undergradresearch.missouri.edu/creative-approaches-to-materials-design-and-processing/	undergradresearch.missouri.edu	200	Creative Approaches to Materials Design &amp; Processing // Undergraduate Research	title match 1/3
WARN	ASEAN Tourism Scholarship at Taylors University 2026	asean-tourism-scholarship-at-taylors-university-2026	Taylor's University	https://university.taylors.edu.my/en/study/scholarships-and-financial-aid/postgraduate-scholarships.html#postgraduate-research-scholarships	university.taylors.edu.my	200	Postgraduate Scholarships	title match 1/5
FAIL	Cancer-PREP Post-Baccalaureate Research Opportunity	cancer-prep-post-baccalaureate-research-opportunity	University of New Mexico	https://unmhealth.org/cancer/career/training-education/cancer-prep.html	unmhealth.org	406		HTTP 406
FAIL	The Cancer Research – Scholarship and Training in Population Sciences (C-STEPS) program	the-cancer-research-scholarship-and-training-in-population-sciences-c-steps-program	University of New Mexico	https://unmhealth.org/cancer/career/training-education/csteps.html	unmhealth.org	406		HTTP 406
FAIL	Fondation Hoffman Scholarship at University of the People	fondation-hoffman-scholarship-at-university-of-the-people-s4d	University of the People	http://uopeople.edu/files/Pdf/refugee_admissions_policy.pdf	uopeople.edu	404		HTTP 404
WARN	Drolor Scholarship Scheme At University Of Professional Studies Accra, 2026	drolor-scholarship-scheme-at-university-of-professional-studies-accra-2026	University of Professional studies	https://upsa.edu.gh/academics/centres/drolor-centre/drolor-scholarship-scheme/	upsa.edu.gh	200	Drolor Scholarship Scheme | UPSA	title match 3/7
WARN	Fulbright US Student Program for Study Abroad	fulbright-us-student-program-for-study-abroad-s4d	USA Government	https://us.fulbrightonline.org/countries	us.fulbrightonline.org	200	Awards by Countries	title match 0/5
WARN	University of Southern Maine Presidential Recognition Award 2026	university-of-southern-maine-presidential-recognition-award-2026	University of Southern Maine (USM)	https://usm.maine.edu/office-international-programs/undergraduate-scholarships/	usm.maine.edu	200	Undergraduate Scholarships &#8211; Office of International Programs	title match 0/6
FAIL	MEDIBANK International Education Scholarship 2026	medibank-international-education-scholarship-2026	University of Technology Sydney (UTS)	https://utscollege.edu.au/us/how-to-apply/scholarships/medibank-international-education-scholarship	utscollege.edu.au	404		HTTP 404
FAIL	University of Waterloo Graduate Scholarship 2026	university-of-waterloo-graduate-scholarship-2026	University of Waterloo, Canada	https://uwaterloo.ca/graduate-studies-postdoctoral-affairs/awards/university-waterloo-graduate-scholarship	uwaterloo.ca	404		HTTP 404
FAIL	Earth & Environmental Sciences Entrance Scholarship at University of Waterloo 2026	earth-environmental-sciences-entrance-scholarship-at-university-of-waterloo-2026	University of Waterloo, Canada	https://uwaterloo.ca/undergraduate-entrance-awards/awards/earth-environmental-sciences-entrance-scholarship	uwaterloo.ca	404		HTTP 404
FAIL	Knowledge Integration Cornerstone Entrance Scholarship at University of Waterloo 2026	knowledge-integration-cornerstone-entrance-scholarship-at-university-of-waterloo-2026	University of Waterloo, Canada	https://uwaterloo.ca/undergraduate-entrance-awards/awards/knowledge-integration-cornerstone-entrance-scholarship	uwaterloo.ca	404		HTTP 404
FAIL	Hira and Kamal Ahuja International Graduate Scholarship at University of Waterloo 2026	hira-and-kamal-ahuja-international-graduate-scholarship-at-university-of-waterloo-2026	University of Waterloo, Canada	https://uwaterloo.ca/graduate-studies-postdoctoral-affairs/awards/hira-and-kamal-ahuja-international-graduate-scholarship	uwaterloo.ca	404		HTTP 404
WARN	James & Elise Devitt Graduate Scholarship at University of Waterloo 2026	james-elise-devitt-graduate-scholarship-at-university-of-waterloo-2026	University of Waterloo, Canada	https://uwaterloo.ca/current-graduate-students/catalogs/graduate-funding-and-awards-database/james-elise-devitt-graduate-scholarship	uwaterloo.ca	200	Oracle PeopleSoft Sign-in	title match 0/7
WARN	Economic Development and Innovation Graduate Scholarship at University of Waterloo 2026	economic-development-and-innovation-graduate-scholarship-at-university-of-waterloo-2026	University of Waterloo, Canada	https://uwaterloo.ca/current-graduate-students/catalogs/graduate-funding-and-awards-database/economic-development-and-innovation-graduate-scholarship	uwaterloo.ca	200	Oracle PeopleSoft Sign-in	title match 0/7
WARN	David Beltz Memorial Award at University of Waterloo 2026	david-beltz-memorial-award-at-university-of-waterloo-2026	University of Waterloo, Canada	https://uwaterloo.ca/current-graduate-students/catalogs/graduate-funding-and-awards-database/david-beltz-memorial-award	uwaterloo.ca	200	Oracle PeopleSoft Sign-in	title match 0/6
WARN	Catherine and Feridun Hamdullahpur Graduate Scholarship at University of Waterloo 2026	catherine-and-feridun-hamdullahpur-graduate-scholarship-at-university-of-waterloo-2026	University of Waterloo, Canada	https://uwaterloo.ca/current-graduate-students/catalogs/graduate-funding-and-awards-database/catherine-and-feridun-hamdullahpur-graduate-scholarship	uwaterloo.ca	200	Oracle PeopleSoft Sign-in	title match 0/7
WARN	Caivan Future Cities Graduate Scholarship at University of Waterloo 2026	caivan-future-cities-graduate-scholarship-at-university-of-waterloo-2026	University of Waterloo, Canada	https://uwaterloo.ca/current-graduate-students/catalogs/graduate-funding-and-awards-database/caivan-future-cities-graduate-scholarship	uwaterloo.ca	200	Oracle PeopleSoft Sign-in	title match 0/7
WARN	Barry Goodison Graduate Scholarship for Cryospheric Research at University of Waterloo 2026	barry-goodison-graduate-scholarship-for-cryospheric-research-at-university-of-waterloo-2026	University of Waterloo, Canada	https://uwaterloo.ca/current-graduate-students/catalogs/graduate-funding-and-awards-database/barry-goodison-graduate-scholarship-cryospheric-research	uwaterloo.ca	200	Oracle PeopleSoft Sign-in	title match 0/8
WARN	Accounting Alumni Gold Medal Award for Excellence in Accounting at University of Waterloo 2026	accounting-alumni-gold-medal-award-for-excellence-in-accounting-at-university-of-waterloo-2026	University of Waterloo, Canada	https://uwaterloo.ca/current-graduate-students/catalogs/graduate-funding-and-awards-database/accounting-alumni-gold-medal-award-excellence-accounting	uwaterloo.ca	200	Oracle PeopleSoft Sign-in	title match 0/8
WARN	David Johnston International Student Scholarships at University of Waterloo 2026	david-johnston-international-student-scholarships-at-university-of-waterloo-2026	University of Waterloo, Canada	https://uwaterloo.ca/undergraduate-entrance-awards/awards/david-johnston-international-student-scholarships	uwaterloo.ca	200	Oracle PeopleSoft Sign-in	title match 0/7
WARN	Master of Taxation (MTax) Graduate Entrance Scholarship at University of Waterloo 2026	master-of-taxation-mtax-graduate-entrance-scholarship-at-university-of-waterloo-2026	University of Waterloo, Canada	https://uwaterloo.ca/current-graduate-students/catalogs/graduate-funding-and-awards-database/master-taxation-mtax-graduate-entrance-scholarship	uwaterloo.ca	200	Oracle PeopleSoft Sign-in	title match 0/7
WARN	John Parish Memorial Graduate Scholarship at University of Waterloo 2026	john-parish-memorial-graduate-scholarship-at-university-of-waterloo-2026	University of Waterloo, Canada	https://uwaterloo.ca/current-graduate-students/catalogs/graduate-funding-and-awards-database/john-parish-memorial-graduate-scholarship	uwaterloo.ca	200	Oracle PeopleSoft Sign-in	title match 0/6
WARN	Bob Graham Memorial Scholarship at University of Waterloo 2026	bob-graham-memorial-scholarship-at-university-of-waterloo-2026	University of Waterloo, Canada	https://uwaterloo.ca/current-graduate-students/catalogs/graduate-funding-and-awards-database/bob-graham-memorial-scholarship	uwaterloo.ca	200	Oracle PeopleSoft Sign-in	title match 0/5
WARN	School of Planning Memorial Fund at University of Waterloo 2026	school-of-planning-memorial-fund-at-university-of-waterloo-2026	University of Waterloo, Canada	https://uwaterloo.ca/undergraduate-entrance-awards/awards/school-planning-memorial-fund	uwaterloo.ca	200	Oracle PeopleSoft Sign-in	title match 0/5
WARN	Purdy Crawford Undergraduate Scholarship at University of Waterloo 2026	purdy-crawford-undergraduate-scholarship-at-university-of-waterloo-2026	University of Waterloo, Canada	https://uwaterloo.ca/undergraduate-entrance-awards/awards/purdy-crawford-undergraduate-scholarship	uwaterloo.ca	200	Oracle PeopleSoft Sign-in	title match 0/6
WARN	Class of 1994 Engineering Scholarship at University of Waterloo	class-of-1994-engineering-scholarship-at-university-of-waterloo	University of Waterloo, Canada	https://uwaterloo.ca/undergraduate-entrance-awards/awards/class-1994-engineering-scholarship	uwaterloo.ca	200	Oracle PeopleSoft Sign-in	title match 0/5
WARN	University of Waterloo Retirees’ Scholarship 2026	university-of-waterloo-retirees-scholarship-2026	University of Waterloo, Canada	https://uwaterloo.ca/undergraduate-entrance-awards/awards/university-waterloo-retirees-scholarship	uwaterloo.ca	200	Oracle PeopleSoft Sign-in	title match 0/4
WARN	Master of Engineering Award at University of Waterloo 2026	master-of-engineering-award-at-university-of-waterloo-2026	University of Waterloo, Canada	https://uwaterloo.ca/current-graduate-students/catalogs/graduate-funding-and-awards-database/master-engineering-award	uwaterloo.ca	200	Oracle PeopleSoft Sign-in	title match 0/5
WARN	Master of Data Science and Artificial Intelligence (MDSAI) Graduate Scholarship at University of Waterloo 2026	master-of-data-science-and-artificial-intelligence-mdsai-graduate-scholarship-at-university-of-waterloo-2026	University of Waterloo, Canada	https://uwaterloo.ca/current-graduate-students/catalogs/graduate-funding-and-awards-database/master-data-science-and-artificial-intelligence-mdsai	uwaterloo.ca	200	Oracle PeopleSoft Sign-in	title match 0/9
WARN	Mary R. Hardy Graduate Award in Actuarial Science at University of Waterloo 2026	mary-r-hardy-graduate-award-in-actuarial-science-at-university-of-waterloo-2026	University of Waterloo, Canada	https://uwaterloo.ca/current-graduate-students/catalogs/graduate-funding-and-awards-database/mary-r-hardy-graduate-award-actuarial-science	uwaterloo.ca	200	Oracle PeopleSoft Sign-in	title match 0/7
WARN	Marie Curie Graduate Student Award (Marie Curie GSA) at University of Waterloo 2026	marie-curie-graduate-student-award-marie-curie-gsa-at-university-of-waterloo-2026	University of Waterloo, Canada	https://uwaterloo.ca/current-graduate-students/catalogs/graduate-funding-and-awards-database/marie-curie-graduate-student-award-marie-curie-gsa	uwaterloo.ca	200	Oracle PeopleSoft Sign-in	title match 0/9
WARN	Maks Wulkan Graduate Scholarship at University of Waterloo 2026	maks-wulkan-graduate-scholarship-at-university-of-waterloo-2026	University of Waterloo, Canada	https://uwaterloo.ca/current-graduate-students/catalogs/graduate-funding-and-awards-database/maks-wulkan-graduate-scholarship	uwaterloo.ca	200	Oracle PeopleSoft Sign-in	title match 0/5
WARN	Lorne H. Russwurm Memorial Award at University of Waterloo 2026	lorne-h-russwurm-memorial-award-at-university-of-waterloo-2026	University of Waterloo, Canada	https://uwaterloo.ca/current-graduate-students/catalogs/graduate-funding-and-awards-database/lorne-h-russwurm-memorial-award	uwaterloo.ca	200	Oracle PeopleSoft Sign-in	title match 0/6
WARN	Lemay Change Maker Award at University of Waterloo 2026	lemay-change-maker-award-at-university-of-waterloo-2026	University of Waterloo, Canada	https://uwaterloo.ca/current-graduate-students/catalogs/graduate-funding-and-awards-database/lemay-change-maker-award	uwaterloo.ca	200	Oracle PeopleSoft Sign-in	title match 0/6
WARN	LOeuf Massive Impact Graduate Award at University of Waterloo 2026	loeuf-massive-impact-graduate-award-at-university-of-waterloo-2026	University of Waterloo, Canada	https://uwaterloo.ca/current-graduate-students/catalogs/graduate-funding-and-awards-database/loeuf-massive-impact-graduate-award	uwaterloo.ca	200	Oracle PeopleSoft Sign-in	title match 0/7
WARN	KIRKOR Architects + Planners Graduate Scholarship in Entrepreneurship at University of Waterloo 2026	kirkor-architects-planners-graduate-scholarship-in-entrepreneurship-at-university-of-waterloo-2026	University of Waterloo, Canada	https://uwaterloo.ca/current-graduate-students/catalogs/graduate-funding-and-awards-database/kirkor-architects-planners-graduate-scholarship	uwaterloo.ca	200	Oracle PeopleSoft Sign-in	title match 0/8
WARN	Ken O Driscoll Graduate Scholarship in Polymer Engineering/Science at University of Waterloo 2026	ken-o-driscoll-graduate-scholarship-in-polymer-engineering-science-at-university-of-waterloo-2026	University of Waterloo, Canada	https://uwaterloo.ca/current-graduate-students/catalogs/graduate-funding-and-awards-database/ken-odriscoll-graduate-scholarship-polymer	uwaterloo.ca	200	Oracle PeopleSoft Sign-in	title match 0/8
WARN	Keith and Win Shantz International Research Scholarship at University of Waterloo 2026	keith-and-win-shantz-international-research-scholarship-at-university-of-waterloo-2026	University of Waterloo, Canada	https://uwaterloo.ca/current-graduate-students/catalogs/graduate-funding-and-awards-database/keith-and-win-shantz-international-research-scholarship	uwaterloo.ca	200	Oracle PeopleSoft Sign-in	title match 0/7
WARN	K-W Third Age Learning Bursary at University of Waterloo 2026	k-w-third-age-learning-bursary-at-university-of-waterloo-2026	University of Waterloo, Canada	https://uwaterloo.ca/current-graduate-students/catalogs/graduate-funding-and-awards-database/k-w-third-age-learning-bursary	uwaterloo.ca	200	Oracle PeopleSoft Sign-in	title match 0/5
WARN	John E. Thompson Biology Graduate Scholarship at University of Waterloo 2026	john-e-thompson-biology-graduate-scholarship-at-university-of-waterloo-2026	University of Waterloo, Canada	https://uwaterloo.ca/current-graduate-students/catalogs/graduate-funding-and-awards-database/john-e-thompson-biology-graduate-scholarship	uwaterloo.ca	200	Oracle PeopleSoft Sign-in	title match 0/6
WARN	Jenny Francis Graduate Award in Architecture at University of Waterloo 2026	jenny-francis-graduate-award-in-architecture-at-university-of-waterloo-2026	University of Waterloo, Canada	https://uwaterloo.ca/current-graduate-students/catalogs/graduate-funding-and-awards-database/jenny-francis-graduate-award-architecture	uwaterloo.ca	200	Oracle PeopleSoft Sign-in	title match 0/7
WARN	Jack Wiseman Award at University of Waterloo 2026	jack-wiseman-award-at-university-of-waterloo-2026	University of Waterloo, Canada	https://uwaterloo.ca/current-graduate-students/catalogs/graduate-funding-and-awards-database/jack-wiseman-award	uwaterloo.ca	200	Oracle PeopleSoft Sign-in	title match 0/4
WARN	J. Frank Brookfield Memorial Graduate Scholarship at University of Waterloo 2026	j-frank-brookfield-memorial-graduate-scholarship-at-university-of-waterloo-2026	University of Waterloo, Canada	https://uwaterloo.ca/current-graduate-students/catalogs/graduate-funding-and-awards-database/j-frank-brookfield-memorial-graduate-scholarship	uwaterloo.ca	200	Oracle PeopleSoft Sign-in	title match 0/7
WARN	IQC Entrance Award at University of Waterloo 2026	iqc-entrance-award-at-university-of-waterloo-2026	University of Waterloo, Canada	https://uwaterloo.ca/current-graduate-students/catalogs/graduate-funding-and-awards-database/iqc-entrance-award	uwaterloo.ca	200	Oracle PeopleSoft Sign-in	title match 0/4
WARN	Hugh MacKinnon Graduate Scholarship at University of Waterloo 2026	hugh-mackinnon-graduate-scholarship-at-university-of-waterloo-2026	University of Waterloo, Canada	https://uwaterloo.ca/current-graduate-students/catalogs/graduate-funding-and-awards-database/hugh-mackinnon-graduate-scholarship	uwaterloo.ca	200	Oracle PeopleSoft Sign-in	title match 0/5
WARN	Howard Armitage Graduate Community Leadership Award at University of Waterloo 2026	howard-armitage-graduate-community-leadership-award-at-university-of-waterloo-2026	University of Waterloo, Canada	https://uwaterloo.ca/current-graduate-students/catalogs/graduate-funding-and-awards-database/howard-armitage-graduate-community-leadership-award	uwaterloo.ca	200	Oracle PeopleSoft Sign-in	title match 0/8
WARN	Hira and Renu Ahuja International Graduate Scholarship at University of Waterloo 2026	hira-and-renu-ahuja-international-graduate-scholarship-at-university-of-waterloo-2026	University of Waterloo, Canada	https://uwaterloo.ca/current-graduate-students/catalogs/graduate-funding-and-awards-database/hira-and-renu-ahuja-international-graduate-scholarship	uwaterloo.ca	200	Oracle PeopleSoft Sign-in	title match 0/6
WARN	Graduate Student Teaching Assistant Award in Philosophy at University of Waterloo 2026	graduate-student-teaching-assistant-award-in-philosophy-at-university-of-waterloo-2026	University of Waterloo, Canada	https://uwaterloo.ca/current-graduate-students/catalogs/graduate-funding-and-awards-database/graduate-student-teaching-assistant-award-philosophy	uwaterloo.ca	200	Oracle PeopleSoft Sign-in	title match 0/8
WARN	Graduate Student Instructor Award in Philosophy at University of Waterloo 2026	graduate-student-instructor-award-in-philosophy-at-university-of-waterloo-2026	University of Waterloo, Canada	https://uwaterloo.ca/current-graduate-students/catalogs/graduate-funding-and-awards-database/graduate-student-instructor-award-philosophy	uwaterloo.ca	200	Oracle PeopleSoft Sign-in	title match 0/7
WARN	Graduate Scholarship in Clinical Psychology at University of Waterloo 2026	graduate-scholarship-in-clinical-psychology-at-university-of-waterloo-2026	University of Waterloo, Canada	https://uwaterloo.ca/current-graduate-students/catalogs/graduate-funding-and-awards-database/graduate-scholarship-clinical-psychology	uwaterloo.ca	200	Oracle PeopleSoft Sign-in	title match 0/6
WARN	Graduate Professional Communication Award at University of Waterloo 2026	graduate-professional-communication-award-at-university-of-waterloo-2026	University of Waterloo, Canada	https://uwaterloo.ca/current-graduate-students/catalogs/graduate-funding-and-awards-database/graduate-professional-communication-award	uwaterloo.ca	200	Oracle PeopleSoft Sign-in	title match 0/6
WARN	Global Governance Doctoral Fellowship at University of Waterloo 2026	global-governance-doctoral-fellowship-at-university-of-waterloo-2026	University of Waterloo, Canada	https://uwaterloo.ca/current-graduate-students/catalogs/graduate-funding-and-awards-database/global-governance-doctoral-fellowship	uwaterloo.ca	200	Oracle PeopleSoft Sign-in	title match 0/6
WARN	Gladys Srivastava Graduate Award at University of Waterloo	gladys-srivastava-graduate-award-at-university-of-waterloo	University of Waterloo, Canada	https://uwaterloo.ca/current-graduate-students/catalogs/graduate-funding-and-awards-database/gladys-srivastava-graduate-award	uwaterloo.ca	200	Oracle PeopleSoft Sign-in	title match 0/6
WARN	G.A. Paper International Graduate Scholarship at University of Waterloo 2026	g-a-paper-international-graduate-scholarship-at-university-of-waterloo-2026	University of Waterloo, Canada	https://uwaterloo.ca/current-graduate-students/catalogs/graduate-funding-and-awards-database/ga-paper-international-graduate-scholarship	uwaterloo.ca	200	Home | Awards Directory | University of Waterloo	title match 2/6
WARN	Faculty of Mathematics Graduate Research Excellence Award at University of Waterloo 2026	faculty-of-mathematics-graduate-research-excellence-award-at-university-of-waterloo-2026	University of Waterloo, Canada	https://uwaterloo.ca/current-graduate-students/catalogs/graduate-funding-and-awards-database/faculty-mathematics-graduate-research-excellence-award	uwaterloo.ca	200	Oracle PeopleSoft Sign-in	title match 0/8
WARN	Faculty of Health Teaching Assistant Award at University of Waterloo 2026	faculty-of-health-teaching-assistant-award-at-university-of-waterloo-2026	University of Waterloo, Canada	https://uwaterloo.ca/current-graduate-students/catalogs/graduate-funding-and-awards-database/faculty-health-teaching-assistant-award	uwaterloo.ca	200	Oracle PeopleSoft Sign-in	title match 0/7
WARN	Environment Student-Athlete Award at University of Waterloo 2026	environment-student-athlete-award-at-university-of-waterloo-2026	University of Waterloo, Canada	https://uwaterloo.ca/current-graduate-students/catalogs/graduate-funding-and-awards-database/environment-student-athlete-award	uwaterloo.ca	200	Oracle PeopleSoft Sign-in	title match 0/6
WARN	English TA Award for Excellence in Teaching at University of Waterloo 2026	english-ta-award-for-excellence-in-teaching-at-university-of-waterloo-2026	University of Waterloo, Canada	https://uwaterloo.ca/current-graduate-students/catalogs/graduate-funding-and-awards-database/english-ta-award-excellence-teaching	uwaterloo.ca	200	Oracle PeopleSoft Sign-in	title match 0/6
WARN	English - Independent Graduate Instructor Award for Excellence in Teaching at University of Waterloo 2026	english-independent-graduate-instructor-award-for-excellence-in-teaching-at-university-of-waterloo-2026	University of Waterloo, Canada	https://uwaterloo.ca/current-graduate-students/catalogs/graduate-funding-and-awards-database/english-independent-graduate-instructor-award-excellence	uwaterloo.ca	200	Oracle PeopleSoft Sign-in	title match 0/9
WARN	Electrical & Computer Engineering Master of Engineering Award of Excellence (EMAE) at University of Waterloo 2026	electrical-computer-engineering-master-of-engineering-award-of-excellence-emae-at-university-of-waterloo-2026	University of Waterloo, Canada	https://uwaterloo.ca/current-graduate-students/catalogs/graduate-funding-and-awards-database/electrical-computer-engineering-master-engineering-award	uwaterloo.ca	200	Oracle PeopleSoft Sign-in	title match 0/9
WARN	Efrim Boritz Doctoral Scholarship in Emerging Technologies at University of Waterloo 2026	efrim-boritz-doctoral-scholarship-in-emerging-technologies-at-university-of-waterloo-2026	University of Waterloo, Canada	https://uwaterloo.ca/current-graduate-students/catalogs/graduate-funding-and-awards-database/efrim-boritz-doctoral-scholarship-emerging-technologies	uwaterloo.ca	200	Oracle PeopleSoft Sign-in	title match 0/8
WARN	Dr. T.E. Unny Memorial Award at University of Waterloo 2026	dr-t-e-unny-memorial-award-at-university-of-waterloo-2026	University of Waterloo, Canada	https://uwaterloo.ca/current-graduate-students/catalogs/graduate-funding-and-awards-database/dr-te-unny-memorial-award	uwaterloo.ca	200	Oracle PeopleSoft Sign-in	title match 0/4
WARN	Dr. M. Chandrashekar Memorial Award in Sustainable Energy at University of Waterloo 2026	dr-m-chandrashekar-memorial-award-in-sustainable-energy-at-university-of-waterloo-2026	University of Waterloo, Canada	https://uwaterloo.ca/current-graduate-students/catalogs/graduate-funding-and-awards-database/dr-m-chandrashekar-memorial-award-sustainable-energy	uwaterloo.ca	200	Oracle PeopleSoft Sign-in	title match 0/7
WARN	Dr. Emerson Woodruff Graduate Scholarship in Paediatrics at University of Waterloo 2026	dr-emerson-woodruff-graduate-scholarship-in-paediatrics-at-university-of-waterloo-2026	University of Waterloo, Canada	https://uwaterloo.ca/current-graduate-students/catalogs/graduate-funding-and-awards-database/dr-emerson-woodruff-graduate-scholarship-paediatrics	uwaterloo.ca	200	Oracle PeopleSoft Sign-in	title match 0/7
WARN	Dr. E Palmer Patterson II Graduate Scholarship in Indigenous Histories at University of Waterloo 2026	dr-e-palmer-patterson-ii-graduate-scholarship-in-indigenous-histories-at-university-of-waterloo-2026	University of Waterloo, Canada	https://uwaterloo.ca/current-graduate-students/catalogs/graduate-funding-and-awards-database/dr-e-palmer-patterson-ii-graduate-scholarship-indigenous	uwaterloo.ca	200	Oracle PeopleSoft Sign-in	title match 0/8
WARN	Dr. Derick Wood Graduate Scholarship in Computer Science at University of Waterloo 2026	dr-derick-wood-graduate-scholarship-in-computer-science-at-university-of-waterloo-2026	University of Waterloo, Canada	https://uwaterloo.ca/current-graduate-students/catalogs/graduate-funding-and-awards-database/dr-derick-wood-graduate-scholarship-computer-science	uwaterloo.ca	200	Oracle PeopleSoft Sign-in	title match 0/7
WARN	Douglas Ingleton Graduate Scholarship in Ocular Health at University of Waterloo 2026	douglas-ingleton-graduate-scholarship-in-ocular-health-at-university-of-waterloo-2026	University of Waterloo, Canada	https://uwaterloo.ca/current-graduate-students/catalogs/graduate-funding-and-awards-database/douglas-ingleton-graduate-scholarship-ocular-health	uwaterloo.ca	200	Oracle PeopleSoft Sign-in	title match 0/8
WARN	Don E. Irish Graduate Award at University of Waterloo 2026	don-e-irish-graduate-award-at-university-of-waterloo-2026	University of Waterloo, Canada	https://uwaterloo.ca/current-graduate-students/catalogs/graduate-funding-and-awards-database/don-e-irish-graduate-award	uwaterloo.ca	200	Oracle PeopleSoft Sign-in	title match 0/5
WARN	Dean of Engineering Masters Excellence Award at University of Waterloo 2026	dean-of-engineering-masters-excellence-award-at-university-of-waterloo-2026	University of Waterloo, Canada	https://uwaterloo.ca/current-graduate-students/catalogs/graduate-funding-and-awards-database/dean-engineering-masters-excellence-award	uwaterloo.ca	200	Oracle PeopleSoft Sign-in	title match 0/6
WARN	J. William and Sarah Dyck Scholarship for Russian Mennonite Studies at University of Waterloo 2026	j-william-and-sarah-dyck-scholarship-for-russian-mennonite-studies-at-university-of-waterloo-2026	University of Waterloo, Canada	https://uwaterloo.ca/current-graduate-students/catalogs/graduate-funding-and-awards-database/j-william-and-sarah-dyck-scholarship-russian-mennonite	uwaterloo.ca	200	Oracle PeopleSoft Sign-in	title match 0/8
WARN	Croatian Language Learning Awards at University of Waterloo 2026	croatian-language-learning-awards-at-university-of-waterloo-2026	University of Waterloo, Canada	https://uwaterloo.ca/current-graduate-students/catalogs/graduate-funding-and-awards-database/croatian-language-learning-awards	uwaterloo.ca	200	Oracle PeopleSoft Sign-in	title match 0/6
WARN	Department of Chemistry Scholarship for Graduate Student Excellence at University of Waterloo 2026	department-of-chemistry-scholarship-for-graduate-student-excellence-at-university-of-waterloo-2026	University of Waterloo, Canada	https://uwaterloo.ca/current-graduate-students/catalogs/graduate-funding-and-awards-database/department-chemistry-scholarship-graduate-student-excellence	uwaterloo.ca	200	Oracle PeopleSoft Sign-in	title match 0/8
WARN	David Zaharchuk Memorial Bursary at University of Waterloo 2026	david-zaharchuk-memorial-bursary-at-university-of-waterloo-2026	University of Waterloo, Canada	https://uwaterloo.ca/current-graduate-students/catalogs/graduate-funding-and-awards-database/david-zaharchuk-memorial-bursary	uwaterloo.ca	200	Oracle PeopleSoft Sign-in	title match 0/6
WARN	D.A. Sprott Entrance Award at University of Waterloo 2026	d-a-sprott-entrance-award-at-university-of-waterloo-2026	University of Waterloo, Canada	https://uwaterloo.ca/current-graduate-students/catalogs/graduate-funding-and-awards-database/da-sprott-entrance-award	uwaterloo.ca	200	Oracle PeopleSoft Sign-in	title match 0/5
WARN	Charles S. Humphrey Graduate Fellowship in Chemistry at University of Waterloo 2026	charles-s-humphrey-graduate-fellowship-in-chemistry-at-university-of-waterloo-2026	University of Waterloo, Canada	https://uwaterloo.ca/current-graduate-students/catalogs/graduate-funding-and-awards-database/charles-s-humphrey-graduate-fellowship-chemistry	uwaterloo.ca	200	Oracle PeopleSoft Sign-in	title match 0/7
WARN	Brian M. Jessop Graduate Scholarship in Fisheries Science at University of Waterloo 2026	brian-m-jessop-graduate-scholarship-in-fisheries-science-at-university-of-waterloo-2026	University of Waterloo, Canada	https://uwaterloo.ca/current-graduate-students/catalogs/graduate-funding-and-awards-database/brian-m-jessop-graduate-scholarship-fisheries-science	uwaterloo.ca	200	Oracle PeopleSoft Sign-in	title match 0/8
WARN	Bonnie Ho Entrance Award in Masters of Accounting at University of Waterloo 2026	bonnie-ho-entrance-award-in-masters-of-accounting-at-university-of-waterloo-2026	University of Waterloo, Canada	https://uwaterloo.ca/current-graduate-students/catalogs/graduate-funding-and-awards-database/bonnie-ho-entrance-award-masters-accounting	uwaterloo.ca	200	Oracle PeopleSoft Sign-in	title match 0/7
WARN	Bhattacharyya Family Graduate Award at University of Waterloo 2026	bhattacharyya-family-graduate-award-at-university-of-waterloo-2026	University of Waterloo, Canada	https://uwaterloo.ca/current-graduate-students/catalogs/graduate-funding-and-awards-database/bhattacharyya-family-graduate-award	uwaterloo.ca	200	Oracle PeopleSoft Sign-in	title match 0/6
WARN	Allan and Cynthia Arnold Graduate Scholarship in Engineering at University of Waterloo 2026	allan-and-cynthia-arnold-graduate-scholarship-in-engineering-at-university-of-waterloo-2026	University of Waterloo, Canada	https://uwaterloo.ca/current-graduate-students/catalogs/graduate-funding-and-awards-database/allan-and-cynthia-arnold-graduate-scholarship-engineering	uwaterloo.ca	200	Oracle PeopleSoft Sign-in	title match 0/8
WARN	Al & Data Science Challenge Award at University of Waterloo 2026	al-data-science-challenge-award-at-university-of-waterloo-2026	University of Waterloo, Canada	https://uwaterloo.ca/current-graduate-students/catalogs/graduate-funding-and-awards-database/al-data-science-challenge-award	uwaterloo.ca	200	Oracle PeopleSoft Sign-in	title match 0/5
WARN	Aapoolcoyuz Biman Memorial Graduate Scholarships in Engineering at University of Waterloo 2026	aapoolcoyuz-biman-memorial-graduate-scholarships-in-engineering-at-university-of-waterloo-2026	University of Waterloo, Canada	https://uwaterloo.ca/current-graduate-students/catalogs/graduate-funding-and-awards-database/aapoolcoyuz-biman-memorial-graduate-scholarships-engineering	uwaterloo.ca	200	Oracle PeopleSoft Sign-in	title match 0/8
WARN	Whiteside Family Entrance Scholarship in Arts at University of Waterloo 2026	whiteside-family-entrance-scholarship-in-arts-at-university-of-waterloo-2026	University of Waterloo, Canada	https://uwaterloo.ca/undergraduate-entrance-awards/awards/whiteside-family-entrance-scholarship-arts	uwaterloo.ca	200	Oracle PeopleSoft Sign-in	title match 0/6
WARN	Waterloo-Wellington Science and Engineering Fair Scholarship at University of Waterloo 2026	waterloo-wellington-science-and-engineering-fair-scholarship-at-university-of-waterloo-2026	University of Waterloo, Canada	https://uwaterloo.ca/undergraduate-entrance-awards/awards/waterloo-wellington-science-and-engineering-fair-scholarship	uwaterloo.ca	200	Oracle PeopleSoft Sign-in	title match 0/7
WARN	W.J. Schlatter Accounting Scholarship at University of Waterloo 2026	w-j-schlatter-accounting-scholarship-at-university-of-waterloo-2026	University of Waterloo, Canada	https://uwaterloo.ca/undergraduate-entrance-awards/awards/wj-schlatter-scholarship	uwaterloo.ca	200	Oracle PeopleSoft Sign-in	title match 0/5
WARN	UW Alumni Women in Technology Entrance Scholarship 2026	uw-alumni-women-in-technology-entrance-scholarship-2026	University of Waterloo, Canada	https://uwaterloo.ca/undergraduate-entrance-awards/awards/uw-alumni-women-technology-entrance-scholarship	uwaterloo.ca	200	Oracle PeopleSoft Sign-in	title match 0/5
WARN	Trudy Byma Entrance Scholarship at University of Waterloo 2026	trudy-byma-entrance-scholarship-at-university-of-waterloo-2026	University of Waterloo, Canada	https://uwaterloo.ca/undergraduate-entrance-awards/awards/trudy-byma-entrance-scholarship	uwaterloo.ca	200	Oracle PeopleSoft Sign-in	title match 0/5
WARN	Tom and Sharee Fahidy Entrance Scholarship at University of Waterloo 2026	tom-and-sharee-fahidy-entrance-scholarship-at-university-of-waterloo-2026	University of Waterloo, Canada	https://uwaterloo.ca/undergraduate-entrance-awards/awards/tom-and-sharee-fahidy-entrance-scholarship	uwaterloo.ca	200	Oracle PeopleSoft Sign-in	title match 0/6
WARN	Thiruchelvam Scholarship for Women in Technology at University of Waterloo 2026	thiruchelvam-scholarship-for-women-in-technology-at-university-of-waterloo-2026	University of Waterloo, Canada	https://uwaterloo.ca/undergraduate-entrance-awards/awards/thiruchelvam-scholarship-women-technology	uwaterloo.ca	200	Oracle PeopleSoft Sign-in	title match 0/6
WARN	Stephen Connelly Memorial Scholarship at University of Waterloo 2026	stephen-connelly-memorial-scholarship-at-university-of-waterloo-2026	University of Waterloo, Canada	https://uwaterloo.ca/undergraduate-entrance-awards/awards/stephen-connelly-memorial-scholarship	uwaterloo.ca	200	Oracle PeopleSoft Sign-in	title match 0/6
WARN	Software Engineering Entrance Scholarships at University of Waterloo 2026	software-engineering-entrance-scholarships-at-university-of-waterloo-2026	University of Waterloo, Canada	https://uwaterloo.ca/undergraduate-entrance-awards/awards/software-engineering-entrance-scholarships	uwaterloo.ca	200	Oracle PeopleSoft Sign-in	title match 0/6
WARN	Skoczkowski - Lin Entrance Scholarship at University of Waterloo 2026	skoczkowski-lin-entrance-scholarship-at-university-of-waterloo-2026	University of Waterloo, Canada	https://uwaterloo.ca/undergraduate-entrance-awards/awards/skoczkowski-lin-entrance-scholarship	uwaterloo.ca	200	Oracle PeopleSoft Sign-in	title match 0/5
WARN	Ruth Taylor Scholarship at University of Waterloo 2026	ruth-taylor-scholarship-at-university-of-waterloo-2026	University of Waterloo, Canada	https://uwaterloo.ca/undergraduate-entrance-awards/awards/ruth-taylor-scholarship	uwaterloo.ca	200	Oracle PeopleSoft Sign-in	title match 0/4
WARN	Roger Farwell Scholarship for Architecture at University of Waterloo 2026	roger-farwell-scholarship-for-architecture-at-university-of-waterloo-2026	University of Waterloo, Canada	https://uwaterloo.ca/undergraduate-entrance-awards/awards/roger-farwell-scholarship-architecture	uwaterloo.ca	200	Oracle PeopleSoft Sign-in	title match 0/6
WARN	Roger Dorton Memorial Scholarship for Women in Engineering at University of Waterloo 2026	roger-dorton-memorial-scholarship-for-women-in-engineering-at-university-of-waterloo-2026	University of Waterloo, Canada	https://uwaterloo.ca/undergraduate-entrance-awards/awards/roger-dorton-memorial-scholarship-women-engineering	uwaterloo.ca	200	Oracle PeopleSoft Sign-in	title match 0/8
WARN	Rod Kuehn Memorial Scholarship at University of Waterloo 2026	rod-kuehn-memorial-scholarship-at-university-of-waterloo-2026	University of Waterloo, Canada	https://uwaterloo.ca/undergraduate-entrance-awards/awards/rod-kuehn-memorial-scholarship	uwaterloo.ca	200	Oracle PeopleSoft Sign-in	title match 0/5
WARN	Nortel Networks Undergraduate Scholarships at University of Waterloo 2026	nortel-networks-undergraduate-scholarships-at-university-of-waterloo-2026	University of Waterloo, Canada	https://uwaterloo.ca/undergraduate-entrance-awards/awards/nortel-networks-undergraduate-scholarships	uwaterloo.ca	200	Oracle PeopleSoft Sign-in	title match 0/6
WARN	Morley Lemon Family Scholarship at University of Waterloo 2026	morley-lemon-family-scholarship-at-university-of-waterloo-2026	University of Waterloo, Canada	https://uwaterloo.ca/undergraduate-entrance-awards/awards/morley-lemon-family-scholarship	uwaterloo.ca	200	Oracle PeopleSoft Sign-in	title match 0/6
WARN	Miller Engineering Opportunity Scholarship at University of Waterloo 2026	miller-engineering-opportunity-scholarship-at-university-of-waterloo-2026	University of Waterloo, Canada	https://uwaterloo.ca/undergraduate-entrance-awards/awards/miller-engineering-opportunity-scholarship	uwaterloo.ca	200	Oracle PeopleSoft Sign-in	title match 0/6
WARN	Mathematics International Student Entrance Scholarship at University of Waterloo 2026	mathematics-international-student-entrance-scholarship-at-university-of-waterloo-2026	University of Waterloo, Canada	https://uwaterloo.ca/undergraduate-entrance-awards/awards/mathematics-international-student-entrance-scholarship	uwaterloo.ca	200	Oracle PeopleSoft Sign-in	title match 0/7
WARN	Math 75 Co-op Entrance Scholarship at University of Waterloo 2026	math-75-co-op-entrance-scholarship-at-university-of-waterloo-2026	University of Waterloo, Canada	https://uwaterloo.ca/undergraduate-entrance-awards/awards/math-75-co-op-entrance-scholarship	uwaterloo.ca	200	Oracle PeopleSoft Sign-in	title match 0/4
WARN	MacKinnon Environmental Engineering Entrance Scholarship at University of Waterloo 2026	mackinnon-environmental-engineering-entrance-scholarship-at-university-of-waterloo-2026	University of Waterloo, Canada	https://uwaterloo.ca/undergraduate-entrance-awards/awards/mackinnon-environmental-engineering-entrance-scholarship	uwaterloo.ca	200	Oracle PeopleSoft Sign-in	title match 0/7
WARN	Linamar Scholarship in Accounting and Finance at University of Waterloo 2026	linamar-scholarship-in-accounting-and-finance-at-university-of-waterloo-2026	University of Waterloo, Canada	https://uwaterloo.ca/undergraduate-entrance-awards/awards/linamar-scholarship-accounting-and-finance	uwaterloo.ca	200	Oracle PeopleSoft Sign-in	title match 0/6
WARN	Leslie Klein Engineering Entrance Scholarships at University of Waterloo 2026	leslie-klein-engineering-entrance-scholarships-at-university-of-waterloo-2026	University of Waterloo, Canada	https://uwaterloo.ca/undergraduate-entrance-awards/awards/leslie-klein-engineering-entrance-scholarships	uwaterloo.ca	200	Oracle PeopleSoft Sign-in	title match 0/7
WARN	Kothari Family Entrance Scholarship at University of Waterloo 2026	kothari-family-entrance-scholarship-at-university-of-waterloo-2026	University of Waterloo, Canada	https://uwaterloo.ca/undergraduate-entrance-awards/awards/kothari-family-entrance-scholarship-0	uwaterloo.ca	200	Oracle PeopleSoft Sign-in	title match 0/6
WARN	Kenneth Gordon Savery Memorial Scholarship at University of Waterloo 2026	kenneth-gordon-savery-memorial-scholarship-at-university-of-waterloo-2026	University of Waterloo, Canada	https://uwaterloo.ca/undergraduate-entrance-awards/awards/kenneth-gordon-savery-memorial-scholarship	uwaterloo.ca	200	Oracle PeopleSoft Sign-in	title match 0/7
WARN	Kelvyn Lo Memorial Scholarship at University of Waterloo 2026	kelvyn-lo-memorial-scholarship-at-university-of-waterloo-2026	University of Waterloo, Canada	https://uwaterloo.ca/undergraduate-entrance-awards/awards/kelvyn-lo-memorial-scholarship	uwaterloo.ca	200	Oracle PeopleSoft Sign-in	title match 0/5
WARN	June Lowe Entrance Scholarship at University of Waterloo 2026	june-lowe-entrance-scholarship-at-university-of-waterloo-2026	University of Waterloo, Canada	https://uwaterloo.ca/undergraduate-entrance-awards/awards/june-lowe-entrance-scholarship-0	uwaterloo.ca	200	Oracle PeopleSoft Sign-in	title match 0/4
WARN	Ivor Chow Entrance Scholarship in Mathematics for Students from Asia at University of Waterloo 2026	ivor-chow-entrance-scholarship-in-mathematics-for-students-from-asia-at-university-of-waterloo-2026	University of Waterloo, Canada	https://uwaterloo.ca/undergraduate-entrance-awards/awards/ivor-chow-entrance-scholarship-mathematics-students-asia	uwaterloo.ca	200	Oracle PeopleSoft Sign-in	title match 0/6
WARN	H.K. Kesavan Legacy Scholarship at University of Waterloo 2026	h-k-kesavan-legacy-scholarship-at-university-of-waterloo-2026	University of Waterloo, Canada	https://uwaterloo.ca/undergraduate-entrance-awards/awards/hk-kesavan-legacy-scholarship	uwaterloo.ca	200	Oracle PeopleSoft Sign-in	title match 0/5
WARN	Gwilym Roberts Memorial Scholarship at University of Waterloo 2026	gwilym-roberts-memorial-scholarship-at-university-of-waterloo-2026	University of Waterloo, Canada	https://uwaterloo.ca/undergraduate-entrance-awards/awards/gwilym-roberts-memorial-scholarship	uwaterloo.ca	200	Oracle PeopleSoft Sign-in	title match 0/6
WARN	George Vanderkuur Scholarship for Excellence at University of Waterloo 2026	george-vanderkuur-scholarship-for-excellence-at-university-of-waterloo-2026	University of Waterloo, Canada	https://uwaterloo.ca/undergraduate-entrance-awards/awards/george-vanderkuur-scholarship-excellence	uwaterloo.ca	200	Oracle PeopleSoft Sign-in	title match 0/6
WARN	Frank and Janet Hill Scholarship for Women in Math at University of Waterloo 2026	frank-and-janet-hill-scholarship-for-women-in-math-at-university-of-waterloo-2026	University of Waterloo, Canada	https://uwaterloo.ca/undergraduate-entrance-awards/awards/frank-and-janet-hill-scholarship-women-math	uwaterloo.ca	200	Oracle PeopleSoft Sign-in	title match 0/6
WARN	Faculty of Mathematics Entrance Scholarships at University of Waterloo 2026	faculty-of-mathematics-entrance-scholarships-at-university-of-waterloo-2026	University of Waterloo, Canada	https://uwaterloo.ca/undergraduate-entrance-awards/awards/faculty-mathematics-entrance-scholarships	uwaterloo.ca	200	Oracle PeopleSoft Sign-in	title match 0/6
WARN	Faculty of Environment Student Engagement Awards at University of Waterloo 2026	faculty-of-environment-student-engagement-awards-at-university-of-waterloo-2026	University of Waterloo, Canada	https://uwaterloo.ca/undergraduate-entrance-awards/awards/faculty-environment-student-engagement-awards	uwaterloo.ca	200	Oracle PeopleSoft Sign-in	title match 0/7
WARN	Faculty of Environment Deans Scholarship for Excellence at University of Waterloo 2026	faculty-of-environment-deans-scholarship-for-excellence-at-university-of-waterloo-2026	University of Waterloo, Canada	https://uwaterloo.ca/undergraduate-entrance-awards/awards/faculty-environment-deans-scholarship-excellence	uwaterloo.ca	200	Oracle PeopleSoft Sign-in	title match 0/7
WARN	Daniel Thomas Scholarship in Accounting and Finance at University of Waterloo 2026	daniel-thomas-scholarship-in-accounting-and-finance-at-university-of-waterloo-2026	University of Waterloo, Canada	https://uwaterloo.ca/undergraduate-entrance-awards/awards/daniel-thomas-scholarship-accounting-and-finance	uwaterloo.ca	200	Oracle PeopleSoft Sign-in	title match 0/7
WARN	Colonel Hugh Heasley Engineering Scholarships at University of Waterloo 2026	colonel-hugh-heasley-engineering-scholarships-at-university-of-waterloo-2026	University of Waterloo, Canada	https://uwaterloo.ca/undergraduate-entrance-awards/awards/colonel-hugh-heasley-engineering-scholarships	uwaterloo.ca	200	Oracle PeopleSoft Sign-in	title match 0/6
WARN	Class of 1970 Chemical Engineering Scholarship at University of Waterloo 2026	class-of-1970-chemical-engineering-scholarship-at-university-of-waterloo-2026	University of Waterloo, Canada	https://uwaterloo.ca/undergraduate-entrance-awards/awards/class-1970-chemical-engineering-scholarship	uwaterloo.ca	200	Oracle PeopleSoft Sign-in	title match 0/6
WARN	Cindy Forbes Entrance Scholarship in Mathematics at University of Waterloo 2026	cindy-forbes-entrance-scholarship-in-mathematics-at-university-of-waterloo-2026	University of Waterloo, Canada	https://uwaterloo.ca/undergraduate-entrance-awards/awards/cindy-forbes-entrance-scholarship-mathematics	uwaterloo.ca	200	Oracle PeopleSoft Sign-in	title match 0/7
WARN	Christopher Dean Moran Memorial Award at University of Waterloo 2026	christopher-dean-moran-memorial-award-at-university-of-waterloo-2026	University of Waterloo, Canada	https://uwaterloo.ca/undergraduate-entrance-awards/awards/christopher-dean-moran-memorial-award	uwaterloo.ca	200	Oracle PeopleSoft Sign-in	title match 0/6
WARN	Cindy Colvin Women in Computer Science Entrance Scholarship at University of Waterloo 2026	cindy-colvin-women-in-computer-science-entrance-scholarship-at-university-of-waterloo-2026	University of Waterloo, Canada	https://uwaterloo.ca/undergraduate-entrance-awards/awards/cindy-colvin-women-computer-science-entrance-scholarship	uwaterloo.ca	200	Oracle PeopleSoft Sign-in	title match 0/9
WARN	Catherine Campbell Scholarship at University of Waterloo 2026	catherine-campbell-scholarship-at-university-of-waterloo-2026	University of Waterloo, Canada	https://uwaterloo.ca/undergraduate-entrance-awards/awards/catherine-campbell-scholarship	uwaterloo.ca	200	Oracle PeopleSoft Sign-in	title match 0/5
WARN	Brian Hendley Entrance Scholarship at University of Waterloo 2026	brian-hendley-entrance-scholarship-at-university-of-waterloo-2026	University of Waterloo, Canada	https://uwaterloo.ca/undergraduate-entrance-awards/awards/brian-hendley-entrance-scholarship	uwaterloo.ca	200	Oracle PeopleSoft Sign-in	title match 0/6
WARN	Arthur F. Church Mechanical Engineering Scholarships at University of Waterloo 2026	arthur-f-church-mechanical-engineering-scholarships-at-university-of-waterloo-2026	University of Waterloo, Canada	https://uwaterloo.ca/undergraduate-entrance-awards/awards/arthur-f-church-mechanical-engineering-scholarships	uwaterloo.ca	200	Oracle PeopleSoft Sign-in	title match 0/7
WARN	Amrik Bhogal Undergraduate Scholarship at University of Waterloo 2026	amrik-bhogal-undergraduate-scholarship-at-university-of-waterloo-2026	University of Waterloo, Canada	https://uwaterloo.ca/undergraduate-entrance-awards/awards/amrik-bhogal-undergraduate-scholarship	uwaterloo.ca	200	Oracle PeopleSoft Sign-in	title match 0/6
WARN	Admanski Entrance Scholarship at University of Waterloo 2026	admanski-entrance-scholarship-at-university-of-waterloo-2026	University of Waterloo, Canada	https://uwaterloo.ca/undergraduate-entrance-awards/awards/admanski-entrance-scholarship	uwaterloo.ca	200	Oracle PeopleSoft Sign-in	title match 0/5
WARN	Ali Arts Entrepreneurship Award at University of Waterloo 2027	ali-arts-entrepreneurship-award-at-university-of-waterloo-2027	University of Waterloo, Canada	https://uwaterloo.ca/student-awards-financial-aid/awards/ali-arts-entrepreneurship-award	uwaterloo.ca	200	Oracle PeopleSoft Sign-in	title match 0/4
WARN	Lalit Chugh and Hira Ahuja International Graduate Scholarship at University of Waterloo 2026	lalit-chugh-and-hira-ahuja-international-graduate-scholarship-at-university-of-waterloo-2026	University of Waterloo, Canada	https://uwaterloo.ca/current-graduate-students/catalogs/graduate-funding-and-awards-database/lalit-chugh-and-hira-ahuja-international-graduate	uwaterloo.ca	200	Oracle PeopleSoft Sign-in	title match 0/8
WARN	IQC Achievement Award at University of Waterloo 2026	iqc-achievement-award-at-university-of-waterloo-2026	University of Waterloo, Canada	https://uwaterloo.ca/current-graduate-students/catalogs/graduate-funding-and-awards-database/iqc-achievement-award	uwaterloo.ca	200	Oracle PeopleSoft Sign-in	title match 0/4
WARN	El Gabbani Scholarship at University of Waterloo 2026	el-gabbani-scholarship-at-university-of-waterloo-2026	University of Waterloo, Canada	https://uwaterloo.ca/current-graduate-students/catalogs/graduate-funding-and-awards-database/el-gabbani-scholarship	uwaterloo.ca	200	Oracle PeopleSoft Sign-in	title match 0/4
WARN	Robert Harding - Presidents Scholarship at University of Waterloo 2026	robert-harding-presidents-scholarship-at-university-of-waterloo-2026	University of Waterloo, Canada	https://uwaterloo.ca/undergraduate-entrance-awards/awards/robert-harding-presidents-scholarship	uwaterloo.ca	200	Oracle PeopleSoft Sign-in	title match 0/6
WARN	John Waterhouse PhD Scholarship at University of Waterloo 2026	john-waterhouse-phd-scholarship-at-university-of-waterloo-2026	University of Waterloo, Canada	https://uwaterloo.ca/current-graduate-students/catalogs/graduate-funding-and-awards-database/john-waterhouse-phd-scholarship	uwaterloo.ca	200	Oracle PeopleSoft Sign-in	title match 0/4
WARN	Isaac Newton Chair Graduate Research Scholarship at University of Waterloo 2026	isaac-newton-chair-graduate-research-scholarship-at-university-of-waterloo-2026	University of Waterloo, Canada	https://uwaterloo.ca/current-graduate-students/catalogs/graduate-funding-and-awards-database/isaac-newton-chair-graduate-research-scholarship	uwaterloo.ca	200	Oracle PeopleSoft Sign-in	title match 0/8
WARN	University of Waterloo Faculty of Mathematics Global Scholarships 2026	university-of-waterloo-faculty-of-mathematics-global-scholarships-2026	University of Waterloo, Canada	https://uwaterloo.ca/undergraduate-entrance-awards/awards/faculty-mathematics-global-scholarships	uwaterloo.ca	200	Oracle PeopleSoft Sign-in	title match 0/6
WARN	Graduate Experience Awards at University of Waterloo 2026	graduate-experience-awards-at-university-of-waterloo-2026	University of Waterloo, Canada	https://uwaterloo.ca/current-graduate-students/catalogs/graduate-funding-and-awards-database/graduate-experience-awards	uwaterloo.ca	200	Oracle PeopleSoft Sign-in	title match 0/5
WARN	David R. Cheriton Graduate Scholarships in Computer Science at University of Waterloo 2026	david-r-cheriton-graduate-scholarships-in-computer-science-at-university-of-waterloo-2026	University of Waterloo, Canada	https://uwaterloo.ca/current-graduate-students/catalogs/graduate-funding-and-awards-database/david-r-cheriton-graduate-scholarships-computer-science	uwaterloo.ca	200	Oracle PeopleSoft Sign-in	title match 0/8
WARN	David Nimmo English Graduate Scholarship at University of Waterloo 2026	david-nimmo-english-graduate-scholarship-at-university-of-waterloo-2026	University of Waterloo, Canada	https://uwaterloo.ca/current-graduate-students/catalogs/graduate-funding-and-awards-database/david-nimmo-english-graduate-scholarship	uwaterloo.ca	200	Oracle PeopleSoft Sign-in	title match 0/7
WARN	Cohere Graduate Scholarship in Computer Science at University of Waterloo 2026	cohere-graduate-scholarship-in-computer-science-at-university-of-waterloo-2026	University of Waterloo, Canada	https://uwaterloo.ca/current-graduate-students/catalogs/graduate-funding-and-awards-database/cohere-graduate-scholarship-computer-science	uwaterloo.ca	200	Oracle PeopleSoft Sign-in	title match 0/7
WARN	Adosi Graduate Scholarship for Food & Agriculture at University of Waterloo 2026	adosi-graduate-scholarship-for-food-agriculture-at-university-of-waterloo-2026	University of Waterloo, Canada	https://uwaterloo.ca/current-graduate-students/catalogs/graduate-funding-and-awards-database/adosi-graduate-scholarship-food-agriculture	uwaterloo.ca	200	Oracle PeopleSoft Sign-in	title match 0/6
WARN	Roberts Onsite Engineering Entrance Scholarship at University of Waterloo 2026	roberts-onsite-engineering-entrance-scholarship-at-university-of-waterloo-2026	University of Waterloo, Canada	https://uwaterloo.ca/undergraduate-entrance-awards/awards/roberts-onsite-engineering-entrance-scholarship	uwaterloo.ca	200	Oracle PeopleSoft Sign-in	title match 0/7
WARN	Robert J. Sproule DECA Scholarship at University of Waterloo 2026	robert-j-sproule-deca-scholarship-at-university-of-waterloo-2026	University of Waterloo, Canada	https://uwaterloo.ca/undergraduate-entrance-awards/awards/robert-j-sproule-deca-scholarship	uwaterloo.ca	200	Oracle PeopleSoft Sign-in	title match 0/5
WARN	Randall J. Howard Entrance Scholarship at University of Waterloo 2026	randall-j-howard-entrance-scholarship-at-university-of-waterloo-2026	University of Waterloo, Canada	https://uwaterloo.ca/undergraduate-entrance-awards/awards/randall-j-howard-entrance-scholarship	uwaterloo.ca	200	Oracle PeopleSoft Sign-in	title match 0/6
WARN	Peter H. Nash Environmental Studies Entrance Scholarship at University of Waterloo 2026	peter-h-nash-environmental-studies-entrance-scholarship-at-university-of-waterloo-2026	University of Waterloo, Canada	https://uwaterloo.ca/undergraduate-entrance-awards/awards/peter-h-nash-environmental-studies-entrance-scholarship	uwaterloo.ca	200	Oracle PeopleSoft Sign-in	title match 0/7
WARN	Peter C. Masak Memorial Scholarship at University of Waterloo 2026	peter-c-masak-memorial-scholarship-at-university-of-waterloo-2026	University of Waterloo, Canada	https://uwaterloo.ca/undergraduate-entrance-awards/awards/peter-c-masak-memorial-scholarship	uwaterloo.ca	200	Oracle PeopleSoft Sign-in	title match 0/6
WARN	Paul Koenderman Engineering Scholarship at University of Waterloo 2026	paul-koenderman-engineering-scholarship-at-university-of-waterloo-2026	University of Waterloo, Canada	https://uwaterloo.ca/undergraduate-entrance-awards/awards/paul-koenderman-engineering-scholarship	uwaterloo.ca	200	Oracle PeopleSoft Sign-in	title match 0/5
WARN	Marsh Memorial Scholarship at University of Waterloo 2026	marsh-memorial-scholarship-at-university-of-waterloo-2026	University of Waterloo, Canada	https://uwaterloo.ca/undergraduate-entrance-awards/awards/marsh-memorial-scholarship	uwaterloo.ca	200	Oracle PeopleSoft Sign-in	title match 0/5
WARN	Class of 1986 Women in Mechanical Engineering Scholarship at University of Waterloo 2026	class-of-1986-women-in-mechanical-engineering-scholarship-at-university-of-waterloo-2026	University of Waterloo, Canada	https://uwaterloo.ca/undergraduate-entrance-awards/awards/class-1986-women-mechanical-engineering-scholarship	uwaterloo.ca	200	Oracle PeopleSoft Sign-in	title match 0/7
WARN	Martin Basiri Graduate Scholarship in STEM at University of Waterloo 2026	martin-basiri-graduate-scholarship-in-stem-at-university-of-waterloo-2026	University of Waterloo, Canada	https://uwaterloo.ca/current-graduate-students/catalogs/graduate-funding-and-awards-database/martin-basiri-graduate-scholarship-stem	uwaterloo.ca	200	Oracle PeopleSoft Sign-in	title match 0/6
WARN	Iranian Student Memorial Engineering Graduate Scholarship at University of Waterloo 2026	iranian-student-memorial-engineering-graduate-scholarship-at-university-of-waterloo-2026	University of Waterloo, Canada	https://uwaterloo.ca/current-graduate-students/catalogs/graduate-funding-and-awards-database/iranian-student-memorial-engineering-graduate-scholarship	uwaterloo.ca	200	Oracle PeopleSoft Sign-in	title match 0/8
WARN	Sammy Y. Chan Entrance Scholarship in Mathematics at University of Waterloo 2026	sammy-y-chan-entrance-scholarship-in-mathematics-at-university-of-waterloo-2026	University of Waterloo, Canada	https://uwaterloo.ca/undergraduate-entrance-awards/awards/sammy-y-chan-entrance-scholarship-mathematics	uwaterloo.ca	200	Oracle PeopleSoft Sign-in	title match 0/6
WARN	University of Waterloo - Suncor Emerging Leaders Awards in Engineering 2026	university-of-waterloo-suncor-emerging-leaders-awards-in-engineering-2026	University of Waterloo, Canada	https://uwaterloo.ca/undergraduate-entrance-awards/awards/suncor-emerging-leaders-awards-engineering	uwaterloo.ca	200	Oracle PeopleSoft Sign-in	title match 0/7
WARN	David Johnston Lebovic Foundation International Experience Awards at University of Waterloo 2026	david-johnston-lebovic-foundation-international-experience-awards-at-university-of-waterloo-2026	University of Waterloo, Canada	https://uwaterloo.ca/student-awards-financial-aid/awards/david-johnston-lebovic-foundation-international-experience	uwaterloo.ca	200	Oracle PeopleSoft Sign-in	title match 0/9
WARN	Master of Public Service Internship Award at University of Waterloo 2026	master-of-public-service-internship-award-at-university-of-waterloo-2026	University of Waterloo, Canada	https://uwaterloo.ca/current-graduate-students/catalogs/graduate-funding-and-awards-database/master-public-service-internship-award	uwaterloo.ca	200	Oracle PeopleSoft Sign-in	title match 0/7
WARN	Mary Bales Graduate Scholarship in Arts at University of Waterloo 2026	mary-bales-graduate-scholarship-in-arts-at-university-of-waterloo-2026	University of Waterloo, Canada	https://uwaterloo.ca/current-graduate-students/catalogs/graduate-funding-and-awards-database/mary-bales-graduate-scholarship-arts	uwaterloo.ca	200	Oracle PeopleSoft Sign-in	title match 0/5
WARN	Master of Computational Mathematics Award at University of Waterloo 2026	master-of-computational-mathematics-award-at-university-of-waterloo-2026	University of Waterloo, Canada	https://uwaterloo.ca/current-graduate-students/catalogs/graduate-funding-and-awards-database/master-computational-mathematics-award	uwaterloo.ca	200	Oracle PeopleSoft Sign-in	title match 0/6
WARN	Mac Lewis Memorial Award in Classics at University of Waterloo 2026	mac-lewis-memorial-award-in-classics-at-university-of-waterloo-2026	University of Waterloo, Canada	https://uwaterloo.ca/current-graduate-students/catalogs/graduate-funding-and-awards-database/mac-lewis-memorial-award-classics	uwaterloo.ca	200	Oracle PeopleSoft Sign-in	title match 0/6
WARN	Lynn Cope Conroy Graduate Scholarship for Women in Science at University of Waterloo 2026	lynn-cope-conroy-graduate-scholarship-for-women-in-science-at-university-of-waterloo-2026	University of Waterloo, Canada	https://uwaterloo.ca/current-graduate-students/catalogs/graduate-funding-and-awards-database/lynn-cope-conroy-graduate-scholarship-women-science	uwaterloo.ca	200	Oracle PeopleSoft Sign-in	title match 0/7
WARN	Lyle S. Hallman Graduate Research Scholarship at University of Waterloo 2026	lyle-s-hallman-graduate-research-scholarship-at-university-of-waterloo-2026	University of Waterloo, Canada	https://uwaterloo.ca/current-graduate-students/catalogs/graduate-funding-and-awards-database/lyle-s-hallman-graduate-research-scholarship	uwaterloo.ca	200	Oracle PeopleSoft Sign-in	title match 0/6
WARN	JD Leslie Graduate Award at University of Waterloo 2026	jd-leslie-graduate-award-at-university-of-waterloo-2026	University of Waterloo, Canada	https://uwaterloo.ca/current-graduate-students/catalogs/graduate-funding-and-awards-database/jd-leslie-graduate-award	uwaterloo.ca	200	Oracle PeopleSoft Sign-in	title match 0/5
WARN	Jean and William Leach Memorial Scholarship at University of Waterloo 2026	jean-and-william-leach-memorial-scholarship-at-university-of-waterloo-2026	University of Waterloo, Canada	https://uwaterloo.ca/current-graduate-students/catalogs/graduate-funding-and-awards-database/jean-and-william-leach-memorial-scholarship	uwaterloo.ca	200	Oracle PeopleSoft Sign-in	title match 0/6
WARN	James Downey Grad Scholarship at University of Waterloo 2026	james-downey-grad-scholarship-at-university-of-waterloo-2026	University of Waterloo, Canada	https://uwaterloo.ca/current-graduate-students/catalogs/graduate-funding-and-awards-database/james-downey-grad-scholarship	uwaterloo.ca	200	Oracle PeopleSoft Sign-in	title match 0/5
WARN	J. Alan George Leadership Award at University of Waterloo 2026	j-alan-george-leadership-award-at-university-of-waterloo-2026	University of Waterloo, Canada	https://uwaterloo.ca/current-graduate-students/catalogs/graduate-funding-and-awards-database/j-alan-george-leadership-award	uwaterloo.ca	200	Oracle PeopleSoft Sign-in	title match 0/5
WARN	Irene Marguerite McLeod Postgraduate Scholarship at University of Waterloo 2026	irene-marguerite-mcleod-postgraduate-scholarship-at-university-of-waterloo-2026	University of Waterloo, Canada	https://uwaterloo.ca/current-graduate-students/catalogs/graduate-funding-and-awards-database/irene-marguerite-mcleod-postgraduate-scholarship	uwaterloo.ca	200	Oracle PeopleSoft Sign-in	title match 0/7
WARN	International Doctoral Student Award (IDSA) at University of Waterloo 2026	international-doctoral-student-award-idsa-at-university-of-waterloo-2026	University of Waterloo, Canada	https://uwaterloo.ca/current-graduate-students/catalogs/graduate-funding-and-awards-database/international-doctoral-student-award-idsa	uwaterloo.ca	200	Oracle PeopleSoft Sign-in	title match 0/6
WARN	H. Winston Algate Scholarship at University of Waterloo 2026	h-winston-algate-scholarship-at-university-of-waterloo-2026	University of Waterloo, Canada	https://uwaterloo.ca/current-graduate-students/catalogs/graduate-funding-and-awards-database/h-winston-algate-scholarship	uwaterloo.ca	200	Oracle PeopleSoft Sign-in	title match 0/5
WARN	Graduate Student Contingency Bursary at University of Waterloo 2026	graduate-student-contingency-bursary-at-university-of-waterloo-2026	University of Waterloo, Canada	https://uwaterloo.ca/current-graduate-students/catalogs/graduate-funding-and-awards-database/graduate-student-contingency-bursary	uwaterloo.ca	200	Oracle PeopleSoft Sign-in	title match 0/6
WARN	Faculty of Arts Departmental Graduate Scholarship at University of Waterloo 2026	faculty-of-arts-departmental-graduate-scholarship-at-university-of-waterloo-2026	University of Waterloo, Canada	https://uwaterloo.ca/current-graduate-students/catalogs/graduate-funding-and-awards-database/faculty-arts-departmental-graduate-scholarship	uwaterloo.ca	200	Oracle PeopleSoft Sign-in	title match 0/6
WARN	Evelyn Guderian Graduate Scholarship in Germanic & Slavic Studies at University of Waterloo 2026	evelyn-guderian-graduate-scholarship-in-germanic-slavic-studies-at-university-of-waterloo-2026	University of Waterloo, Canada	https://uwaterloo.ca/current-graduate-students/catalogs/graduate-funding-and-awards-database/evelyn-guderian-graduate-scholarship-germanic-slavic-studies	uwaterloo.ca	200	Oracle PeopleSoft Sign-in	title match 0/9
WARN	Edmund and Rosalie Appelt Graduate Scholarship at University of Waterloo 2026	edmund-and-rosalie-appelt-graduate-scholarship-at-university-of-waterloo-2026	University of Waterloo, Canada	https://uwaterloo.ca/current-graduate-students/catalogs/graduate-funding-and-awards-database/edmund-and-rosalie-appelt-graduate-scholarship	uwaterloo.ca	200	Oracle PeopleSoft Sign-in	title match 0/7
WARN	E.B. Dumbroff Award at University of Waterloo 2026	e-b-dumbroff-award-at-university-of-waterloo-2026	University of Waterloo, Canada	https://uwaterloo.ca/current-graduate-students/catalogs/graduate-funding-and-awards-database/eb-dumbroff-award	uwaterloo.ca	200	Oracle PeopleSoft Sign-in	title match 0/4
WARN	Donald & Geraldine Beam Award at University of Waterloo 2026	donald-geraldine-beam-award-at-university-of-waterloo-2026	University of Waterloo, Canada	https://uwaterloo.ca/current-graduate-students/catalogs/graduate-funding-and-awards-database/donald-geraldine-beam-award	uwaterloo.ca	200	Oracle PeopleSoft Sign-in	title match 0/5
WARN	Desmond Fonn Contact Lens Research Award at University of Waterloo 2026	desmond-fonn-contact-lens-research-award-at-university-of-waterloo-2026	University of Waterloo, Canada	https://uwaterloo.ca/current-graduate-students/catalogs/graduate-funding-and-awards-database/desmond-fonn-contact-lens-research-award	uwaterloo.ca	200	Oracle PeopleSoft Sign-in	title match 0/6
WARN	Abundance Award for Women at University of Waterloo 2026	abundance-award-for-women-at-university-of-waterloo-2026	University of Waterloo, Canada	https://uwaterloo.ca/current-graduate-students/catalogs/graduate-funding-and-awards-database/abundance-award-women	uwaterloo.ca	200	Oracle PeopleSoft Sign-in	title match 0/5
WARN	Creative Writing Award at University of Waterloo 2026	creative-writing-award-at-university-of-waterloo-2026	University of Waterloo, Canada	https://uwaterloo.ca/current-graduate-students/catalogs/graduate-funding-and-awards-database/creative-writing-award	uwaterloo.ca	200	Oracle PeopleSoft Sign-in	title match 0/5
WARN	University of Waterloo President’s Scholarship of Distinction 2026	university-of-waterloo-president-s-scholarship-of-distinction-2026	University of Waterloo, Canada	https://uwaterloo.ca/undergraduate-entrance-awards/awards/university-waterloo-presidents-scholarship-distinction	uwaterloo.ca	200	Oracle PeopleSoft Sign-in	title match 0/5
WARN	University of Waterloo President’s Scholarship 2026	university-of-waterloo-president-s-scholarship-2026	University of Waterloo, Canada	https://uwaterloo.ca/undergraduate-entrance-awards/awards/university-waterloo-presidents-scholarship	uwaterloo.ca	200	Oracle PeopleSoft Sign-in	title match 0/4
WARN	University of Waterloo Alumni Scholarships at University of Waterloo 2026	university-of-waterloo-alumni-scholarships-at-university-of-waterloo-2026	University of Waterloo, Canada	https://uwaterloo.ca/undergraduate-entrance-awards/awards/university-waterloo-alumni-scholarships	uwaterloo.ca	200	Oracle PeopleSoft Sign-in	title match 0/6
WARN	Muriel Shepherd Scholarship at University of Waterloo 2026	muriel-shepherd-scholarship-at-university-of-waterloo-2026	University of Waterloo, Canada	https://uwaterloo.ca/undergraduate-entrance-awards/awards/muriel-shepherd-scholarship	uwaterloo.ca	200	Oracle PeopleSoft Sign-in	title match 0/5
WARN	Mary Gerhardstein Entrance Scholarship at University of Waterloo 2026	mary-gerhardstein-entrance-scholarship-at-university-of-waterloo-2026	University of Waterloo, Canada	https://uwaterloo.ca/undergraduate-entrance-awards/awards/mary-gerhardstein-entrance-scholarship	uwaterloo.ca	200	Oracle PeopleSoft Sign-in	title match 0/5
WARN	Magnum Centennial Scholarship at University of Waterloo 2026	magnum-centennial-scholarship-at-university-of-waterloo-2026	University of Waterloo, Canada	https://uwaterloo.ca/undergraduate-entrance-awards/awards/magnum-centennial-scholarship	uwaterloo.ca	200	Oracle PeopleSoft Sign-in	title match 0/5
WARN	Leslie Woo Entrance Scholarship for Women in STEM at University of Waterloo 2026	leslie-woo-entrance-scholarship-for-women-in-stem-at-university-of-waterloo-2026	University of Waterloo, Canada	https://uwaterloo.ca/undergraduate-entrance-awards/awards/leslie-woo-entrance-scholarship-women-stem	uwaterloo.ca	200	Oracle PeopleSoft Sign-in	title match 0/6
WARN	Lan Wong Chu Entrance Scholarship at University of Waterloo 2026	lan-wong-chu-entrance-scholarship-at-university-of-waterloo-2026	University of Waterloo, Canada	https://uwaterloo.ca/undergraduate-entrance-awards/awards/lan-wong-chu-entrance-scholarship	uwaterloo.ca	200	Oracle PeopleSoft Sign-in	title match 0/4
WARN	James Downey Entrance Scholarship in Arts at University of Waterloo 2026	james-downey-entrance-scholarship-in-arts-at-university-of-waterloo-2026	University of Waterloo, Canada	https://uwaterloo.ca/undergraduate-entrance-awards/awards/james-downey-entrance-scholarship-arts	uwaterloo.ca	200	Oracle PeopleSoft Sign-in	title match 0/6
WARN	J. Sayer Minas Entrance Scholarship at University of Waterloo 2026	j-sayer-minas-entrance-scholarship-at-university-of-waterloo-2026	University of Waterloo, Canada	https://uwaterloo.ca/undergraduate-entrance-awards/awards/j-sayer-minas-entrance-scholarship	uwaterloo.ca	200	Oracle PeopleSoft Sign-in	title match 0/6
WARN	Friar Luca Pacioli Entrance Scholarship at University of Waterloo 2026	friar-luca-pacioli-entrance-scholarship-at-university-of-waterloo-2026	University of Waterloo, Canada	https://uwaterloo.ca/undergraduate-entrance-awards/awards/friar-luca-pacioli-entrance-scholarship	uwaterloo.ca	200	Oracle PeopleSoft Sign-in	title match 0/6
WARN	Faculty of Science Entrance Scholarships at University of Waterloo 2026	faculty-of-science-entrance-scholarships-at-university-of-waterloo-2026	University of Waterloo, Canada	https://uwaterloo.ca/undergraduate-entrance-awards/awards/faculty-science-entrance-scholarships	uwaterloo.ca	200	Oracle PeopleSoft Sign-in	title match 0/6
WARN	Dominic Leung Entrance Scholarship at University of Waterloo 2026	dominic-leung-entrance-scholarship-at-university-of-waterloo-2026	University of Waterloo, Canada	https://uwaterloo.ca/undergraduate-entrance-awards/awards/dominic-leung-entrance-scholarship	uwaterloo.ca	200	Oracle PeopleSoft Sign-in	title match 0/6
WARN	Dianne Beveridge Memorial Entrance Scholarship in Science at University of Waterloo 2026	dianne-beveridge-memorial-entrance-scholarship-in-science-at-university-of-waterloo-2026	University of Waterloo, Canada	https://uwaterloo.ca/undergraduate-entrance-awards/awards/dianne-beveridge-memorial-entrance-scholarship-science	uwaterloo.ca	200	Oracle PeopleSoft Sign-in	title match 0/8
WARN	Arts Alumni Entrance Scholarship at University of Waterloo 2026	arts-alumni-entrance-scholarship-at-university-of-waterloo-2026	University of Waterloo, Canada	https://uwaterloo.ca/undergraduate-entrance-awards/awards/arts-alumni-entrance-scholarship	uwaterloo.ca	200	Oracle PeopleSoft Sign-in	title match 0/5
WARN	Jack Young Bursary at University of Waterloo 2026	jack-young-bursary-at-university-of-waterloo-2026	University of Waterloo, Canada	https://uwaterloo.ca/current-graduate-students/catalogs/graduate-funding-and-awards-database/jack-young-bursary	uwaterloo.ca	200	Oracle PeopleSoft Sign-in	title match 0/4
WARN	Professor Josef Paldus Engineering Scholarship at University of Waterloo 2026	professor-josef-paldus-engineering-scholarship-at-university-of-waterloo-2026	University of Waterloo, Canada	https://uwaterloo.ca/undergraduate-entrance-awards/awards/professor-josef-paldus-engineering-scholarship	uwaterloo.ca	200	Oracle PeopleSoft Sign-in	title match 0/7
WARN	Jack Gray Fellowship at University of Waterloo 2026	jack-gray-fellowship-at-university-of-waterloo-2026	University of Waterloo, Canada	https://uwaterloo.ca/current-graduate-students/catalogs/graduate-funding-and-awards-database/jack-gray-fellowship	uwaterloo.ca	200	Oracle PeopleSoft Sign-in	title match 0/3
WARN	Braemar College Sheila McDonald Award for Excellence at University of Waterloo 2026	braemar-college-sheila-mcdonald-award-for-excellence-at-university-of-waterloo-2026	University of Waterloo, Canada	https://uwaterloo.ca/undergraduate-entrance-awards/awards/braemar-college-sheila-mcdonald-award-excellence	uwaterloo.ca	200	Oracle PeopleSoft Sign-in	title match 0/8
WARN	A. Donald and Jackie Maynes Entrance Scholarship at University of Waterloo 2026	a-donald-and-jackie-maynes-entrance-scholarship-at-university-of-waterloo-2026	University of Waterloo, Canada	https://uwaterloo.ca/undergraduate-entrance-awards/awards/donald-and-jackie-maynes-entrance-scholarship	uwaterloo.ca	200	Oracle PeopleSoft Sign-in	title match 0/7
WARN	Arthur F. Church Entrance Scholarships at University of Waterloo 2026	arthur-f-church-entrance-scholarships-at-university-of-waterloo-2026	University of Waterloo, Canada	https://uwaterloo.ca/undergraduate-entrance-awards/awards/arthur-f-church-entrance-scholarships	uwaterloo.ca	200	Oracle PeopleSoft Sign-in	title match 0/6
WARN	Azita Darabian Memorial Award at University of Waterloo 2026	azita-darabian-memorial-award-at-university-of-waterloo-2026	University of Waterloo, Canada	https://uwaterloo.ca/student-awards-financial-aid/awards/azita-darabian-memorial-award	uwaterloo.ca	200	Oracle PeopleSoft Sign-in	title match 0/6
WARN	Master of Data Science Award at University of Waterloo 2026	master-of-data-science-award-at-university-of-waterloo-2026	University of Waterloo, Canada	https://uwaterloo.ca/current-graduate-students/catalogs/graduate-funding-and-awards-database/master-data-science-award	uwaterloo.ca	200	Oracle PeopleSoft Sign-in	title match 0/5
WARN	Mary E. Thompson Graduate Scholarship in Statistics at University of Waterloo 2026	mary-e-thompson-graduate-scholarship-in-statistics-at-university-of-waterloo-2026	University of Waterloo, Canada	https://uwaterloo.ca/current-graduate-students/catalogs/graduate-funding-and-awards-database/mary-e-thompson-graduate-scholarship-statistics	uwaterloo.ca	200	Oracle PeopleSoft Sign-in	title match 0/6
WARN	M Moo-Young Biochemical Engineering at University of Waterloo 2026	m-moo-young-biochemical-engineering-at-university-of-waterloo-2026	University of Waterloo, Canada	https://uwaterloo.ca/current-graduate-students/catalogs/graduate-funding-and-awards-database/m-moo-young-biochemical-engineering	uwaterloo.ca	200	Oracle PeopleSoft Sign-in	title match 0/5
WARN	Lea Vogel-Nimmo English Graduate Professionalization Award at University of Waterloo 2026	lea-vogel-nimmo-english-graduate-professionalization-award-at-university-of-waterloo-2026	University of Waterloo, Canada	https://uwaterloo.ca/current-graduate-students/catalogs/graduate-funding-and-awards-database/lea-vogel-nimmo-english-graduate-professionalization-award	uwaterloo.ca	200	Oracle PeopleSoft Sign-in	title match 0/8
WARN	Layer 6 - TD Graduate Scholarship in Data and AI at University of Waterloo 2026	layer-6-td-graduate-scholarship-in-data-and-ai-at-university-of-waterloo-2026	University of Waterloo, Canada	https://uwaterloo.ca/current-graduate-students/catalogs/graduate-funding-and-awards-database/layer-6-td-graduate-scholarship-data-and-ai	uwaterloo.ca	200	Oracle PeopleSoft Sign-in	title match 0/5
FAIL	EDGE Doctoral Fellowship Program	edge-doctoral-fellowship-program	Stanford University	https://vpge.stanford.edu/fellowships-funding/EDGE	vpge.stanford.edu	404		HTTP 404
WARN	Undergraduate STEM Research Scholarship Program	undergraduate-stem-research-scholarship-program	Hampton University	http://vsgc.odu.edu/undergraduatescholarships/	vsgc.odu.edu	200	Virginia Space Grant Consortium	title match 0/4
WARN	Undergraduate STEM Research Scholarship Program	undergraduate-stem-research-scholarship-program-research	NASA	http://vsgc.odu.edu/undergraduatescholarships/	vsgc.odu.edu	200	Virginia Space Grant Consortium	title match 0/4
WARN	James H. Ring Undergraduate Scholarship at California State University, Northridge 2026	james-h-ring-undergraduate-scholarship-at-california-state-university-northridge-2026	California State University, Northridge	https://w2.csun.edu/social-behavioral-sciences/urban-studies-planning/advising-resources/student-resources/scholarships	w2.csun.edu	200	Scholarships (UBRS) | CSU Northridge	title match 2/7
WARN	Jim Sanders Media and Leadership Scholarship at California State University 2026	jim-sanders-media-and-leadership-scholarship-at-california-state-university-2026	California State University, Long Beach	https://w2.csun.edu/financialaid/scholarships/on-campus-scholarships/csu-foundation	w2.csun.edu	200	CSU Foundation | CSU Northridge	title match 0/7
WARN	NYU Wagner Public Service Fellowships for African Women	nyu-wagner-public-service-fellowships-for-african-women-s4d	NYU Wagner	http://wagner.nyu.edu/global/fellowships/awpsf	wagner.nyu.edu	202		no <title> in page
WARN	School of Engineering Academic Excellence Scholarship at University of Warwick 2026	school-of-engineering-academic-excellence-scholarship-at-university-of-warwick-2026	The University of Warwick	https://warwick.ac.uk/study/scholarships-and-bursaries/scholarships/	warwick.ac.uk	200	Scholarships at University of Warwick	title match 3/7
WARN	Renmin University Of China MBA Scholarship 2025 (UPDATED)	renmin-university-of-china-mba-scholarship-2025-updated	China Scholarship Council (CSC)	https://web.archive.org/web/20170827041616/http://mbaen.rbs.org.cn:80/media-download.php	web.archive.org	200	Download Center - Media - MBA Program in China | School of Business, RUC	title match 1/5
FAIL	Postdoctoral Positions - Astrophysics Department	postdoctoral-positions-astrophysics-department	Princeton University	https://web.astro.princeton.edu/academic/postdoctoral-program/current-postdoctoral-fellowships	web.astro.princeton.edu	403		HTTP 403
WARN	Diversity Equity Engagement at Penn in STEM (DEEPenn STEM)	diversity-equity-engagement-at-penn-in-stem-deepenn-stem	University of Pennsylvania	https://web.sas.upenn.edu/deepennstem/	web.sas.upenn.edu	200	DEEPenn STEM | University of Pennsylvania	title match 1/4
WARN	Research Experiences for Undergraduates (REU) program entitled “Novel Techniques and Applications in Catalyst Research Development and Molecular Dynamics”	research-experiences-for-undergraduates-reu-program-entitled-novel-techniques-and-applications-in-catalyst-research-development-and-molecular-dynamics	University of Pennsylvania	http://web.sas.upenn.edu/reu-pennchemistry/	web.sas.upenn.edu	200	Penn Chemistry Research Experience for Undergraduates (REU)	title match 3/13
FAIL	ANGUS-SAWISE Scholarships in Science and Engineering for African Women	angus-sawise-scholarships-in-science-and-engineering-for-african-women-s4d	SA WISE	http://web.uct.ac.za/org/sawise/scholarshipangus.html	web.uct.ac.za			TypeError: fetch failed
WARN	Advancing Naval Careers Through Higher-Ed Outreach and Research (ANCHOR) Fellowship	advancing-naval-careers-through-higher-ed-outreach-and-research-anchor-fellowship	University of Connecticut	https://web.uri.edu/naval-science-technology/students/undergraduate-students/anchor-fellowship/	web.uri.edu	200	ANCHOR Fellowship &#8211; Naval Science and Technology	title match 3/9
WARN	Summer Undergraduate Research Fellowships in Oceanography (SURFO)	summer-undergraduate-research-fellowships-in-oceanography-surfo	University of Rhode Island	https://web.uri.edu/gso/academics/surfo/	web.uri.edu	200	SURFO Program &#8211; Graduate School of Oceanography	title match 2/6
WARN	Joseph and Helen Blatecky Memorial Scholarship at University of Wisconsin 2026	joseph-and-helen-blatecky-memorial-scholarship-at-university-of-wisconsin-2026	University Of Wisconsin, Madison	https://wisc.academicworks.com/opportunities/77032	wisc.academicworks.com	200	All Opportunities - Wisconsin Scholarship Hub (WiSH)	title match 2/7
WARN	HessenFonds for Refugees and Researchers at Risk	hessenfonds-for-refugees-and-researchers-at-risk-daad	DAAD	https://wissenschaft.hessen.de/Studieren/Internationales/Studium-Incoming/HessenFonds-fuer-Fluechtlinge	wissenschaft.hessen.de	200	HessenFonds für Geflüchtete und Verfolgte: hochqualifizierte Studierende und Forschende | Hessen Wissenschaft	title match 1/3
WARN	Institutions of Higher Education in Hesse: Doctoral Scholarships	institutions-of-higher-education-in-hesse-doctoral-scholarships-daad	Institutions of Higher Education in Hesse	https://wissenschaft.hessen.de/Forschen/Wissenschaftlicher-Nachwuchs	wissenschaft.hessen.de	200	Wissenschaftlicher Nachwuchs | Hessen Wissenschaft	title match 1/6
FAIL	Global Awareness Study Abroad Fund at Stetson University 2026	global-awareness-study-abroad-fund-at-stetson-university-2026	Stetson University	https://world.stetson.edu/index.cfm?FuseAction=Programs.ViewProgram&Program_ID=10508	world.stetson.edu	403		HTTP 403
FAIL	Global Business Scholarship at S P Jain School of Global Management	global-business-scholarship-at-s-p-jain-school-of-global-management-s4d	S P Jain School of Global Management	http://ww.spjain.org/bba/	ww.spjain.org			TypeError: fetch failed
FAIL	Links to Universities that offer Scholarships for International Students	links-to-universities-that-offer-scholarships-for-international-students-s4d	Not specified	http://ww2.anglia.ac.uk/ruskin/en/home/study/international/fees.html	ww2.anglia.ac.uk			TypeError: fetch failed
WARN	5 Strong - College Ready Prep	5-strong-college-ready-prep	Alabama A&amp;M University	https://www.5strongscholars.org/about5strong#:~:text=5%20Strong%20offers%20a%20full,a%20difference%20in%20their%20communities.	www.5strongscholars.org	200	About 5 Strong - 5 Strong	title match 1/3
WARN	5 Strong - College Ready Prep	5-strong-college-ready-prep-legeprep	Benedict College	https://www.5strongscholars.org/about5strong#:~:text=5%20Strong%20offers%20a%20full,a%20difference%20in%20their%20communities.	www.5strongscholars.org	200	About 5 Strong - 5 Strong	title match 1/3
FAIL	Harbin Institute Of Technology-Qingrui Scholarship 2025	harbin-institute-of-technology-qingrui-scholarship-2025	China Scholarship Council (CSC)	http://www.StudyatHIT.cn	www.StudyatHIT.cn	522		HTTP 522
WARN	American Association of Blacks in Energy Scholarship	american-association-of-blacks-in-energy-scholarship	American Association of Blacks in Energy (AABE)	https://www.aabe.org/index.php?component=pages&id=4	www.aabe.org	200	AABE: Scholarships	title match 1/5
FAIL	International Fellowships	international-fellowships	American Association of University Women	https://www.aauw.org/resources/programs/fellowships-grants/current-opportunities/international/	www.aauw.org	403		HTTP 403
FAIL	American Fellowships	american-fellowships	American Association of University Women	https://www.aauw.org/resources/programs/fellowships-grants/current-opportunities/american/	www.aauw.org	403		HTTP 403
WARN	American Chemical Society Bridge Program	american-chemical-society-bridge-program	American Chemical Society	https://www.acs.org/education/students/graduate/bridge-project/students.html	www.acs.org	200		no <title> in page
FAIL	ACU Equity Scholarships at Australian Catholic University 2026	acu-equity-scholarships-at-australian-catholic-university-2026	Australian Catholic University (ACU)	https://www.acu.edu.au/study-at-acu/fees-and-scholarships/find-a-scholarship/acu-equity-scholarship	www.acu.edu.au	403		HTTP 403
FAIL	Francis Carroll Scholarship at Australian Catholic University 2027	francis-carroll-scholarship-at-australian-catholic-university-2027	Australian Catholic University (ACU)	https://www.acu.edu.au/study-at-acu/fees-and-scholarships/find-a-scholarship/francis-carroll-scholarship	www.acu.edu.au	403		HTTP 403
FAIL	ADB-Japan Scholarship Program for Developing Countries in Asia and Pacific	adb-japan-scholarship-program-for-developing-countries-in-asia-and-pacific-s4d	ADB/Japan Government	http://www.adb.org/site/careers/japan-scholarship-program/	www.adb.org	404		HTTP 404
WARN	H.H. Sheikh Hamdan Bin Zayed Scholarship at Abu Dhabi University 2025	h-h-sheikh-hamdan-bin-zayed-scholarship-at-abu-dhabi-university-2025	Abu Dhabi University	https://www.adu.ac.ae/en/study/financials/scholarships/h.h.-sheikh-hamdan-bin-zayed-scholarship	www.adu.ac.ae	200		no <title> in page
FAIL	American Geophysical Union Bridge Program	american-geophysical-union-bridge-program	American Geophysical Union (AGU)	https://www.agu.org/bridge-program	www.agu.org	403		HTTP 403
FAIL	The initiAIT scholarship at Academy of Interactive Technology 2026	the-initiait-scholarship-at-academy-of-interactive-technology-2026	Academy of InteractiveTechnology (AIT)	https://www.ait.edu.au/scholarship	www.ait.edu.au			TypeError: fetch failed
FAIL	College of Arts & Sciences Competitive Scholarship at University at Albany 2026	college-of-arts-sciences-competitive-scholarship-at-university-at-albany-2026	University at Albany, SUNY Albany	https://www.albany.edu/cost-aid/financial-aid/scholarship-renewal-requirements#international	www.albany.edu	403		HTTP 403
FAIL	Capital District Leadership Award - Competitive Award, Fellow and Leader at University at Albany 2026	capital-district-leadership-award-competitive-award-fellow-and-leader-at-university-at-albany-2026	University at Albany, SUNY Albany	https://www.albany.edu/cost-aid/financial-aid/scholarship-renewal-requirements#international	www.albany.edu	403		HTTP 403
WARN	The University of Manchester Alumni Bursary 2026	the-university-of-manchester-alumni-bursary-2026	Manchester Business School	https://www.alliancembs.manchester.ac.uk/study/mba/full-time-mba/fees-funding/	www.alliancembs.manchester.ac.uk	200	MBA Fees &amp; Funding | Full-Time | Alliance MBS	title match 0/4
WARN	Master’s Scholarship for Accounting and Finance Programmes at Alliance Manchester Business School- Alliance MBS (University of Manchester) 2026	master-s-scholarship-for-accounting-and-finance-programmes-at-alliance-manchester-business-school-alliance-mbs-university-of-manchester-2026	Alliance Manchester Business School- Alliance MBS (University of Manchester)	https://www.alliancembs.manchester.ac.uk/study/masters/scholarships-and-funding/#:~:text=Master%27s%20scholarships%20for%20Accounting%20and%20Finance%20programmes	www.alliancembs.manchester.ac.uk	200	Business Masters Scholarships &amp; Funding UK | Alliance MBS	title match 5/12
FAIL	French Government grants from the French Embassy in Gabon - Master and PhD	french-government-grants-from-the-french-embassy-in-gabon-master-and-phd-cf	French Embassy in Gabon	https://www.ambafrance-ga.org	www.ambafrance-ga.org			TypeError: fetch failed
FAIL	Merit Awards for International 1st-Year Students at American University 2026	merit-awards-for-international-1st-year-students-at-american-university-2026	American University	https://www.american.edu/student-affairs/isss/scholarships-for-international-students.cfm	www.american.edu	403		HTTP 403
FAIL	Information Justice Fellowship at AUWCL 2026	information-justice-fellowship-at-auwcl-2026	American University Washington College of Law	https://www.american.edu/wcl/impact/initiatives-programs/pijip/llm/ip-fellowship.cfm	www.american.edu	403		HTTP 403
FAIL	REU in Astrophysics, Earth and Planetary Science	reu-in-astrophysics-earth-and-planetary-science	American Museum of Natural History	https://www.amnh.org/our-research/richard-gilder-graduate-school/academics-and-research/fellowship-and-grant-opportunities/undergraduate-fellowships	www.amnh.org	403		HTTP 403
FAIL	Richard Gilder Graduate School Postdoctoral Fellowships	richard-gilder-graduate-school-postdoctoral-fellowships	American Museum of Natural History	http://www.amnh.org/our-research/richard-gilder-graduate-school/academics-and-research/fellowship-and-grant-opportunities/postdoctoral-fellowships	www.amnh.org	403		HTTP 403
FAIL	Joan and Joseph Birman Fellowship for Women Scholars	joan-and-joseph-birman-fellowship-for-women-scholars	American Mathematical Society	http://www.ams.org/programs/ams-fellowships/Birman-fellow?utm_source=Informz&utm_medium=email&utm_campaign=Informz+Mailing	www.ams.org			AbortError: This operation was aborted
WARN	Gabon scholarship	gabon-scholarship-cf	ANBG	https://www.anbg.online/#/accueil	www.anbg.online	200	eBourse	title match 0/2
FAIL	Postdoctoral Openings at Argonne National Laboratory	postdoctoral-openings-at-argonne-national-laboratory	Argonne National Laboratory	https://www.anl.gov/hr/argonne-fellowship-opportunities	www.anl.gov	403		HTTP 403
FAIL	American Physical Society Bridge Program	american-physical-society-bridge-program	American Physical Society	http://www.apsbridgeprogram.org/about/students.cfm	www.apsbridgeprogram.org	403		HTTP 403
FAIL	American Physical Society Bridge Program	american-physical-society-bridge-program-ephysics	Bowling Green State University	http://www.apsbridgeprogram.org/about/students.cfm	www.apsbridgeprogram.org	403		HTTP 403
FAIL	Country-related cooperation programme with Argentina (ALEARG)	country-related-cooperation-programme-with-argentina-alearg-daad	DAAD	https://www.argentina.gob.ar/educacion/campusargentinagloba	www.argentina.gob.ar	404		HTTP 404
FAIL	UAL International Postgraduate Scholarships 2027	ual-international-postgraduate-scholarships-2027	University of the Arts london	https://www.arts.ac.uk/courses	www.arts.ac.uk	403		HTTP 403
WARN	International Alumni Scholarship at Anglia Ruskin University 2026	international-alumni-scholarship-at-anglia-ruskin-university-2026	Anglia Ruskin University, Chelmsford	https://www.aru.ac.uk/international/international-scholarships	www.aru.ac.uk	200	International scholarships - ARU	title match 2/6
WARN	Anglia Ruskin University Sports Scholarship 2026	anglia-ruskin-university-sports-scholarship-2026	Anglia Ruskin University, Chelmsford	https://www.aru.ac.uk/student-life/preparing-for-university/help-with-finances/scholarships/sport-scholarship	www.aru.ac.uk	200	Sport Scholarship - ARU	title match 1/5
WARN	International Excellence Scholarship at Arkansas Tech University 2026	international-excellence-scholarship-at-arkansas-tech-university-2026	Arkansas Tech University	http://www.atu.edu/imsso/scholarships.php	www.atu.edu	200	Scholarships – University, Graduate, &amp; More	title match 2/5
FAIL	AUT Vice-Chancellors Doctoral Scholarship 2026	aut-vice-chancellors-doctoral-scholarship-2026	Auckland University of Technology (AUT)	https://www.aut.ac.nz/study/fees-and-scholarships/scholarships-and-awards-at-aut/doctoral-scholarships	www.aut.ac.nz	403		HTTP 403
FAIL	AUT Vice Chancellor Doctoral Scholarships 2026	aut-vice-chancellor-doctoral-scholarships-2026	University of Auckland	https://www.aut.ac.nz/study/fees-and-scholarships/scholarships-and-awards-at-aut	www.aut.ac.nz	403		HTTP 403
FAIL	Federal Ministry of Education and Research: Federal Training Assistance Act (Bundesausbildungsf&ouml;rderungsgesetz, or BAf&ouml;G)	federal-ministry-of-education-and-research-federal-training-assistance-act-bundesausbildun-daad	Federal Ministry of Education and Research	http://www.baf%C3%B6g.de/	www.baf%C3%B6g.de			TypeError: fetch failed
WARN	Thames Scholars Annual Scholarship at Mississippi State University 2026	thames-scholars-annual-scholarship-at-mississippi-state-university-2026	Mississippi State University	https://www.bagley.msstate.edu/scholarships/	www.bagley.msstate.edu	200	Scholarships	title match 2/7
WARN	Christy & Tim Duncan Young Entrepreneurs Scholarship at Mississippi State University 2026	christy-tim-duncan-young-entrepreneurs-scholarship-at-mississippi-state-university-2026	Mississippi State University	https://www.bagley.msstate.edu/scholarships/	www.bagley.msstate.edu	200	Scholarships	title match 1/8
WARN	University of Bath Alumni Bursary 2026	university-of-bath-alumni-bursary-2026	University of Bath School of Management	https://www.bath.ac.uk/legal-information/terms-and-conditions-for-tuition-fee-discounts-for-alumni/	www.bath.ac.uk	200	Terms and conditions for tuition fee discounts for alumni	title match 1/3
FAIL	Bayer Foundation: Carl Duisberg Fellowships for Medical Sciences	bayer-foundation-carl-duisberg-fellowships-for-medical-sciences-daad	Bayer Foundation	https://www.bayer-foundation.com/science/fellowships-stipends	www.bayer-foundation.com	403		HTTP 403
FAIL	Bayer Foundation: Otto Bayer Fellowship in Drug Discovery	bayer-foundation-otto-bayer-fellowship-in-drug-discovery-daad	Bayer Foundation	https://www.bayer-foundation.com/science/fellowships-stipends	www.bayer-foundation.com	403		HTTP 403
FAIL	Bayes High Potential Award at Bayes Business School 2026	bayes-high-potential-award-at-bayes-business-school-2026	Bayes Business School (City University London)	https://www.bayes.city.ac.uk/study/mba/funding	www.bayes.city.ac.uk	403		HTTP 403
FAIL	Military Scholarship at Bayes Business School 2026	military-scholarship-at-bayes-business-school-2026	Bayes Business School (City University London)	https://www.bayes.city.ac.uk/study/mba/full-time/fees-and-funding/scholarships	www.bayes.city.ac.uk	403		HTTP 403
FAIL	Academic Distinction Scholarship at Bayes Business School 2026	academic-distinction-scholarship-at-bayes-business-school-2026	Bayes Business School (City University London)	https://www.bayes.citystgeorges.ac.uk/study/mba/funding/full-time-mba-awards-and-scholarships#accordion-927190-header-0	www.bayes.citystgeorges.ac.uk	403		HTTP 403
FAIL	Entrepreneurship Award at Bayes Business School 2026	entrepreneurship-award-at-bayes-business-school-2026	Bayes Business School (City University London)	https://www.bayes.citystgeorges.ac.uk/study/mba/funding/full-time-mba-awards-and-scholarships#accordion-838791-header-1	www.bayes.citystgeorges.ac.uk	403		HTTP 403
WARN	Bavarian Academic Center for Central, Eastern and Southeastern Europe: One-year scholarship programme sponsored by the Free State of Bavaria for graduates of Central, Eastern and Southeastern European states (BAYHOST)	bavarian-academic-center-for-central-eastern-and-southeastern-europe-one-year-scholarship--daad	Bavarian Academic Center for Central, Eastern and Southeastern Europe	https://www.bayhost.de	www.bayhost.de	200	BAYHOST -  Austausch mit dem östlichen Europa - Universität Regensburg	title match 1/19
FAIL	The Center for Astrophysics, Space Physics, and Engineering Research (CASPER) Summer Programs	the-center-for-astrophysics-space-physics-and-engineering-research-casper-summer-programs	Baylor University	https://www.baylor.edu/CASPER/index.php?id=74374	www.baylor.edu	500		HTTP 500
WARN	The Summer Undergraduate Research Training (SMART) Program	the-summer-undergraduate-research-training-smart-program	Baylor College of Medicine	http://www.bcm.edu/smart	www.bcm.edu	200	SMART Program | BCM	title match 2/6
WARN	BEAM Pathway Program for 7th Graders	beam-pathway-program-for-7th-graders	Art of Problem Solving Initiative	https://www.beammath.org/summer-after-7th-grade	www.beammath.org	200	BEAM Summer Away &mdash; Bridge to Enter Advanced Mathematics	title match 0/3
FAIL	Government Scholarships Programme Paraguay BECAL-DAAD Promotion	government-scholarships-programme-paraguay-becal-daad-promotion-daad	DAAD	http://www.becal.gov.py/	www.becal.gov.py			TypeError: fetch failed
FAIL	Government Scholarships Programme Paraguay BECAL-DAAD Master	government-scholarships-programme-paraguay-becal-daad-master-daad	DAAD	http://www.becal.gov.py/	www.becal.gov.py			TypeError: fetch failed
FAIL	Sport Scholarships at University of Bedfordshire 2026	sport-scholarships-at-university-of-bedfordshire-2026	University of Bedfordshire	https://www.beds.ac.uk/sportbeds/scholarships/sportscholarships	www.beds.ac.uk	403		HTTP 403
FAIL	Access to Learning Fund (ALF) at University of Bedfordshire 2026	access-to-learning-fund-alf-at-university-of-bedfordshire-2026	University of Bedfordshire	https://www.beds.ac.uk/howtoapply/money/scholarships/financial-hardship-funding/	www.beds.ac.uk	403		HTTP 403
FAIL	Scholarship for Black Women in STEM	scholarship-for-black-women-in-stem	BestColleges	https://www.bestcolleges.com/scholarship/	www.bestcolleges.com	410		HTTP 410
FAIL	"Belt and Road" Photography Program — Beijing Film Academy (Non-degree)	belt-and-road-photography-program-beijing-film-academy-non-degree	Beijing Film Academy	https://www.bfa.edu.cn/	www.bfa.edu.cn	412		HTTP 412
FAIL	Film Talents Promotion Program for the BRICS — Beijing Film Academy (Master's)	film-talents-promotion-program-for-the-brics-beijing-film-academy-master-s	Beijing Film Academy	https://www.bfa.edu.cn/	www.bfa.edu.cn	412		HTTP 412
WARN	International Business(Beijing Campus) — Beijing Foreign Studies University-International Business School (Bachelor's)	international-business-beijing-campus-beijing-foreign-studies-university-international-bus	Beijing Foreign Studies University-International Business School	https://www.bfsu.edu.cn/	www.bfsu.edu.cn	200	北京外国语大学	title match 0/12
WARN	Chinese Business Studies(Beijing Campus) — Beijing Foreign Studies University-International Business School (Bachelor's)	chinese-business-studies-beijing-campus-beijing-foreign-studies-university-international-b	Beijing Foreign Studies University-International Business School	https://www.bfsu.edu.cn/	www.bfsu.edu.cn	200	北京外国语大学	title match 0/13
WARN	BG Success Scholarship at Bowling Green State University 2027	bg-success-scholarship-at-bowling-green-state-university-2027	Bowling Green State University (BGSU)	https://www.bgsu.edu/international-programs-and-partnerships/international-student-services/future-students/scholarships.html	www.bgsu.edu	200	Tuition and Scholarships	title match 1/6
WARN	Gulf of Maine and the World Ocean REU	gulf-of-maine-and-the-world-ocean-reu	Bigelow Laboratory for Ocean Sciences	http://www.bigelow.org/education/reu/	www.bigelow.org	200	REU - Bigelow Laboratory for Ocean Sciences	title match 1/3
WARN	Fall Semester Student Research Experiences for Undergraduates in Oceanography and Marine Science at BIOS (NSF-REU)	fall-semester-student-research-experiences-for-undergraduates-in-oceanography-and-marine-science-at-bios-nsf-reu	Bermuda Institute of Ocean Sciences (BIOS)	http://www.bios.edu/education/reu	www.bios.edu	200	NSF Research Experiences for Undergraduates (REU) at BIOS | BIOS	title match 3/8
WARN	BioXFEL Undergraduate Summer Internship	bioxfel-undergraduate-summer-internship	Arizona State University	https://www.bioxfel.org/education/undergraduate-internships/summer-internship	www.bioxfel.org	200	BioXFEL - Program Description	title match 1/4
WARN	BioXFEL Undergraduate Summer Internship	bioxfel-undergraduate-summer-internship-obioxfel	Hauptman-Woodward Medical Research Institute (HWI)	https://www.bioxfel.org/education/undergraduate-internships/summer-internship	www.bioxfel.org	200	BioXFEL - Program Description	title match 1/4
WARN	Sallinger Summer Fellowship: Bird and Wildlife Conservation	sallinger-summer-fellowship-bird-and-wildlife-conservation	Bird Conservation Oregon	https://www.birdconservationoregon.org/projects	www.birdconservationoregon.org	200	Projects | Bird Conservation OR	title match 1/5
WARN	Chinese Language and Literature — Baoji University of Arts and Sciences (Master's)	chinese-language-and-literature-baoji-university-of-arts-and-sciences-master-s	Baoji University of Arts and Sciences	https://www.bjwlxy.edu.cn/	www.bjwlxy.edu.cn	200	宝鸡文理学院	title match 0/7
WARN	Subject Teaching(English) — Baoji University of Arts and Sciences (Master's)	subject-teaching-english-baoji-university-of-arts-and-sciences-master-s	Baoji University of Arts and Sciences	https://www.bjwlxy.edu.cn/	www.bjwlxy.edu.cn	200	宝鸡文理学院	title match 0/7
WARN	Whale Research and Marine Science Education Internships	whale-research-and-marine-science-education-internships	Blue Ocean Society for Marine Conservation	http://www.blueoceansociety.org/internships/	www.blueoceansociety.org	200	About BOS | Discover Marine Conservation Today &mdash; Your Site Title	title match 1/6
WARN	Summer Translational Cardiovascular Science Institute (STCSI)	summer-translational-cardiovascular-science-institute-stcsi	Pennsylvania State University	https://www.bme.psu.edu/stcsi/index.aspx	www.bme.psu.edu	200	Biomedical Engineering | STCSI | Penn State Engineering	title match 1/6
FAIL	Scholarships for artists' residencies in Paris - The ustrian Federal Ministry of Arts, Culture, Civil Service and Sport	scholarships-for-artists-residencies-in-paris-the-ustrian-federal-ministry-of-arts-culture-cf	Bundesministerium für Kunst, Kultur, öffentlicher Dienst und Sport	https://www.bmkoes.gv.at/Kunst-und-Kultur/informationen-fuer-kunstschaffende/mobilitaetsprogramme/auslandsateliers/paris.html	www.bmkoes.gv.at	404		HTTP 404
WARN	Hans B&ouml;ckler Foundation: PhD Fellowship	hans-bandouml-ckler-foundation-phd-fellowship-daad	Hans B&ouml;ckler Foundation	https://www.boeckler.de/de/stipendium-fur-promovierende-2670.htm	www.boeckler.de	200	Stipendium für Promovierende - Hans-Böckler-Stiftung	title match 1/3
WARN	Heinrich B&ouml;ll Foundation: PhD scholarship	heinrich-bandouml-ll-foundation-phd-scholarship-daad	Heinrich B&ouml;ll Foundation	https://www.boell.de/de/stipendium-promotion	www.boell.de	200	„Promotionsstipendium Bewerbung“ | Heinrich-Böll-Stiftung	title match 1/3
WARN	Heinrich B&ouml;ll Foundation: Student Scholarship	heinrich-bandouml-ll-foundation-student-scholarship-daad	Heinrich B&ouml;ll Foundation	http://www.boell.de/de/stiftung/stipendien	www.boell.de	200	Rückenwind für Talente: Stipendien für Studium und Promotion |	title match 0/4
WARN	Gem Scholarship for Graduate Students at Boise State University 2026	gem-scholarship-for-graduate-students-at-boise-state-university-2026	Boise State University (BSU)	https://www.boisestate.edu/graduatecollege/funding/scholarships-and-fellowships/	www.boisestate.edu	200	Scholarships and Fellowships - Graduate College	title match 2/6
WARN	DOE CINR Research for Undergraduates (REU)	doe-cinr-research-for-undergraduates-reu	Boise State University	https://www.boisestate.edu/coen-smsl/openings/	www.boisestate.edu	200	Openings - Smart Materials and Systems Laboratory (SMSL)	title match 0/2
WARN	Bolashak International Scholarship	bolashak-international-scholarship-se	Bolashak International	https://www.bolashak.gov.kz/index.php/en/	www.bolashak.gov.kz	200	Международная стипендия «Болашак»  учреждена 1993 году Указом Президента Республики Казахстан Н.А. Назарбаевым.	title match 0/3
WARN	Boren Fellowships: Opportunities for Graduate Students to add an International and Language component to their studies.	boren-fellowships-opportunities-for-graduate-students-to-add-an-international-and-language-component-to-their-studies	Institute of International Education	https://www.borenawards.org/	www.borenawards.org	200	Homepage | Boren Awards	title match 1/10
WARN	Boren Scholarships: Opportunities for Undergraduates to Study in World Regions critical to US Interests.	boren-scholarships-opportunities-for-undergraduates-to-study-in-world-regions-critical-to-us-interests	Institute of International Education	https://www.borenawards.org/	www.borenawards.org	200	Homepage | Boren Awards	title match 1/9
FAIL	BU International Partnership Scholarship with BINUS Indonesia 2026	bu-international-partnership-scholarship-with-binus-indonesia-2026	Bournemouth University	https://www.bournemouth.ac.uk/study/undergraduate/fees-funding/scholarships/international-student-scholarships/bu-international-partnership-scholarship-binus-indonesia	www.bournemouth.ac.uk	403		HTTP 403
FAIL	Academic Achievement Scholarship at Bournemouth University 2026	academic-achievement-scholarship-at-bournemouth-university-2026	Bournemouth University	https://www.bournemouth.ac.uk/study/postgraduate/fees-funding/scholarships/uk-ci-roi-student-scholarships/academic-achievement-scholarship	www.bournemouth.ac.uk	403		HTTP 403
FAIL	Mahapola Scholarships at Buddhist and Pali University 2026	mahapola-scholarships-at-buddhist-and-pali-university-2026	Government of Sri Lanka	http://www.bpu.ac.lk/discover/students-now/prizes-scholarships	www.bpu.ac.lk	404		HTTP 404
FAIL	Wien International Scholarship Program (WISP) for International Students at Brandeis University 2025	wien-international-scholarship-program-wisp-for-international-students-at-brandeis-university-2025	Brandeis University	https://www.brandeis.edu/isso/programs/wien/index.html	www.brandeis.edu	403		HTTP 403
FAIL	Summer REU Program in Cell and Molecular Visualization	summer-reu-program-in-cell-and-molecular-visualization	Brandeis University	https://www.brandeis.edu/mrsec/education/undergraduates/reu.html	www.brandeis.edu	403		HTTP 403
FAIL	British Council Scholarship for English Language Teachers India 2026	british-council-scholarship-for-english-language-teachers-india-2026	British Council	https://www.britishcouncil.in/british-council-scholarship-english-language-teachers-india	www.britishcouncil.in			AbortError: This operation was aborted
FAIL	British Council Scholarships for Women in STEM 2026-27	british-council-scholarships-for-women-in-stem-2026-27	British Council	https://www.britishcouncil.org/study-work-abroad/in-uk/scholarship-women-stem	www.britishcouncil.org			AbortError: This operation was aborted
FAIL	Broad Biomedical Post-baccalaureate Scholars Program (BBPS)	broad-biomedical-post-baccalaureate-scholars-program-bbps	Broad Institute of MIT and Harvard	https://www.broadinstitute.org/students/broad-biomedical-post-baccalaureate-scholars-program-bbps	www.broadinstitute.org	403		HTTP 403
FAIL	Broad Summer Research Program (BSRP)	broad-summer-research-program-bsrp	Broad Institute of MIT and Harvard	https://www.broadinstitute.org/bsrp/broad-summer-research-program-bsrp	www.broadinstitute.org	403		HTTP 403
WARN	Brooklyn College Psychology and Neuroscience REU Program	brooklyn-college-psychology-and-neuroscience-reu-program	City University of New York (CUNY), Brooklyn College	https://www.brooklyn.edu/psychology/undergraduate/reu/	www.brooklyn.edu	200	Research Experience for Undergraduates (REU) | Brooklyn College	title match 2/5
FAIL	NFP Scholarships for Action Learning Leadership Programme (ALLP) at Business School Netherlands	nfp-scholarships-for-action-learning-leadership-programme-allp-at-business-school-netherla-s4d	Business School Netherlands	http://www.bsn.eu/internationalmba/leadership-course/leadership-course.html	www.bsn.eu	404		HTTP 404
WARN	Scholarships for Language and Short Courses (Summer or Winter Schools) for Students and Researchers from the Czech Republic	scholarships-for-language-and-short-courses-summer-or-winter-schools-for-students-and-rese-daad	DAAD	https://www.btha.cz/de/stipendien/sprachkurse-und-sommerschulen-in-bayern	www.btha.cz	200	BTHA – Sprachkurse und Sommerschulen in Bayern	title match 0/11
WARN	NSF RET Site in Integrated Nanomanufacturing	nsf-ret-site-in-integrated-nanomanufacturing	Boston University	https://www.bu.edu/photonics-programs/ret/	www.bu.edu	200	Research Experiences for Teachers | Photonics Center Programs &amp; Outreach	title match 0/2
WARN	Buck Institute Summer Scholars Program	buck-institute-summer-scholars-program	Buck Institute for Research on Aging	https://www.buckinstitute.org/education-training/undergraduate-postbacc/	www.buckinstitute.org	200	Undergraduate Training	title match 0/4
WARN	Support and Preparation for an Alzheimer’s Research Career (SPARC) Program	support-and-preparation-for-an-alzheimer-s-research-career-sparc-program	Buck Institute for Research on Aging	https://www.buckinstitute.org/education-training/undergraduate-postbacc/	www.buckinstitute.org	200	Undergraduate Training	title match 0/7
WARN	German Bundestag: International Parliamentary Scholarships	german-bundestag-international-parliamentary-scholarships-daad	German Bundestag	http://www.bundestag.de/ips	www.bundestag.de	200	Internationales Parlaments-Stipendium (IPS) - Deutscher Bundestag	title match 2/5
WARN	German Bundestag: International Parliamentary Scholarships: Programme Arab Countries	german-bundestag-international-parliamentary-scholarships-programme-arab-countries-daad	German Bundestag	http://www.bundestag.de/ips_arabisch	www.bundestag.de	200	IPS Arabische Staaten - Deutscher Bundestag	title match 1/7
WARN	KAIST Scholarship at Korea Advanced Institute of Science and Technology 2026	kaist-scholarship-at-korea-advanced-institute-of-science-and-technology-2026	Korea Advanced Institute of Science and Technology (KAIST)	https://www.business.kaist.edu/admission/0302	www.business.kaist.edu	200	KAIST College of Business	title match 1/7
WARN	Postdoctoral Enrichment Program (PDEP)	postdoctoral-enrichment-program-pdep	Burroughs Wellcome Fund	http://www.bwfund.org/grant-programs/diversity-science/postdoctoral-enrichment-program	www.bwfund.org	200	Page not found - Burroughs Wellcome Fund	title match 0/3
WARN	Residential Fellowships at the Center for Advanced Internet Studies (CAIS)	residential-fellowships-at-the-center-for-advanced-internet-studies-cais-daad	DAAD	https://www.cais-research.de/en/cais-college/fellowships/	www.cais-research.de	200	Fellowships - CAIS	title match 1/6
FAIL	Dale M. Schoettler Scholarship for Visually Impaired Students at California State University 2026	dale-m-schoettler-scholarship-for-visually-impaired-students-at-california-state-university-2026	California State University, Long Beach	https://www.calstate.edu/impact-of-the-csu/support-the-csu/foundation/Pages/csu-scholarships.aspx#schoettler	www.calstate.edu	403		HTTP 403
FAIL	Howard C. Christiansen Endowed Scholarship at California State University 2026	howard-c-christiansen-endowed-scholarship-at-california-state-university-2026	California State University, Long Beach	https://www.calstate.edu/impact-of-the-csu/support-the-csu/foundation/Pages/csu-scholarships.aspx#christiansen	www.calstate.edu	403		HTTP 403
FAIL	Renmin University of China “Belt and Road” Scholarship	renmin-university-of-china-belt-and-road-scholarship	China Scholarship Council (Campus China)	https://www.campuschina.org/content/details3_121873.html	www.campuschina.org			TypeError: fetch failed
FAIL	Introduction to Chinese Government Scholarships	introduction-to-chinese-government-scholarships	China Scholarship Council (Campus China)	https://www.campuschina.org/content/details3_74776.html	www.campuschina.org			TypeError: fetch failed
WARN	Fellowships and Internships at the Cancer Institute	fellowships-and-internships-at-the-cancer-institute	National Cancer Institute	https://www.cancer.gov/grants-training/training/resources-trainees/courses-fellowships#fellowship-opportunities	www.cancer.gov	200	Courses and Fellowships for Trainees - NCI	title match 1/4
WARN	Diversity in Cancer Research Post-Baccalaureate Program	diversity-in-cancer-research-post-baccalaureate-program	University of Arizona	https://www.cancer.org/research/acs-center-for-diversity-in-cancer-research-training/post-baccalaureate-program-dicr.html	www.cancer.org	200	The ACS Center for Innovation in Cancer Research Training   | American Cancer Society	title match 2/5
WARN	CRI Irvington Postdoctoral Fellowship to Promote Racial Diversity	cri-irvington-postdoctoral-fellowship-to-promote-racial-diversity	Cancer Research Institute	https://www.cancerresearch.org/postdoctoral-fellowship-promote-diversity	www.cancerresearch.org	200	Apply for Grants | Cancer Research Institute	title match 0/6
WARN	Canon Collins Postgraduate Scholarships for Africans	canon-collins-postgraduate-scholarships-for-africans-s4d	Canon Collins Trust	http://www.canoncollins.org.uk/postgraduatesa.html	www.canoncollins.org.uk	200	Canon Collins Trust	title match 2/5
FAIL	Canon Foundation Research Fellowship	canon-foundation-research-fellowship-daad	DAAD	http://www.canonfoundation.org/programmes/research-fellowships/	www.canonfoundation.org	403		HTTP 403
FAIL	Canon Foundation in Europe	canon-foundation-in-europe-se	Canon Foundation in Europe	https://www.canonfoundation.org/programmes/	www.canonfoundation.org	403		HTTP 403
FAIL	Cardiff University Bursary at Cardiff University 2025	cardiff-university-bursary-at-cardiff-university-2025	Cardiff University, Heath Park	https://www.cardiff.ac.uk/study/undergraduate/funding/bursaries/cardiff-university-bursary	www.cardiff.ac.uk	403		HTTP 403
FAIL	NHS Wales Bursary Scheme at Cardiff University 2026	nhs-wales-bursary-scheme-at-cardiff-university-2026	Cardiff University, Heath Park	https://www.cardiff.ac.uk/study/undergraduate/funding/funding-your-healthcare-course/nhs-bursary	www.cardiff.ac.uk	403		HTTP 403
FAIL	Research and Mentoring for Postbaccalaureates (RaMP) at the Center for Adaptable Western Landscapes	research-and-mentoring-for-postbaccalaureates-ramp-at-the-center-for-adaptable-western-landscapes	Northern Arizona University	https://www.cawl.nau.edu/ramp/	www.cawl.nau.edu			AbortError: This operation was aborted
FAIL	REU site: Human Impacts on the Colorado Plateau: Place Based Research and Education	reu-site-human-impacts-on-the-colorado-plateau-place-based-research-and-education	Northern Arizona University	https://www.cawl.nau.edu/reu/	www.cawl.nau.edu			AbortError: This operation was aborted
WARN	Biological Materials and Processes (BioMaP) REU	biological-materials-and-processes-biomap-reu	Iowa State University	http://www.cbe.iastate.edu/research/undergraduate-research/	www.cbe.iastate.edu	200	Request Rejected	title match 0/4
WARN	Clinical Medicine(MBBS) — Capital Medical University (Bachelor's)	clinical-medicine-mbbs-capital-medical-university-bachelor-s	Capital Medical University	https://www.ccmu.edu.cn/	www.ccmu.edu.cn	200	首都医科大学	title match 0/6
WARN	Business Administration — Changchun University of Technology (Bachelor's)	business-administration-changchun-university-of-technology-bachelor-s	Changchun University of Technology	https://www.ccut.edu.cn/	www.ccut.edu.cn	200	长春工业大学	title match 0/6
WARN	Machinery and Electronic Engineering — Changchun University of Technology (Bachelor's)	machinery-and-electronic-engineering-changchun-university-of-technology-bachelor-s	Changchun University of Technology	https://www.ccut.edu.cn/	www.ccut.edu.cn	200	长春工业大学	title match 0/7
WARN	Computer Science and Technology — Changchun University of Technology (Bachelor's)	computer-science-and-technology-changchun-university-of-technology-bachelor-s	Changchun University of Technology	https://www.ccut.edu.cn/	www.ccut.edu.cn	200	长春工业大学	title match 0/7
FAIL	CDC Undergraduate Public Health Scholars (CUPS) Program and the Dr. James A. Ferguson Emerging Infectious Diseases RISE Fellowship (Ferguson Fellowship)	cdc-undergraduate-public-health-scholars-cups-program-and-the-dr-james-a-ferguson-emerging-infectious-diseases-rise-fellowship-ferguson-fellowship	Center for Disease Control (CDC)	https://www.cdc.gov/minority-health/student-programs/internships-fellowships.html	www.cdc.gov	403		HTTP 403
WARN	CDU Global Merit Scholarship 2026	cdu-global-merit-scholarship-2026	Charles Darwin University	https://www.cdu.edu.au/international/how-apply/scholarships	www.cdu.edu.au	200	International student scholarships | Charles Darwin University	title match 1/3
WARN	Grand Challenges Initiative Postdoctoral Fellows Program	grand-challenges-initiative-postdoctoral-fellows-program	Chapman University	https://www.chapman.edu/scst/undergraduate/grand-challenges-initiative.aspx	www.chapman.edu	200	Chapman University (redirect)	title match 0/6
WARN	Chateaubriand Fellowship Program - Embassy of France in the United States	chateaubriand-fellowship-program-embassy-of-france-in-the-united-states-cf	Chateaubriand Fellowship Program	https://www.chateaubriand-fellowship.org/	www.chateaubriand-fellowship.org	200	Chateaubriand Fellowship	title match 2/7
WARN	Estranged Student Bursary at University of Chester 2026	estranged-student-bursary-at-university-of-chester-2026	University of Chester	https://www.chester.ac.uk/student-life/fees-and-finance/bursaries-and-scholarships/	www.chester.ac.uk	200	Bursaries and Scholarships | University of Chester	title match 2/5
WARN	Post Doctoral Fellow: IMPACT (Innovative Methods in Pathogenesis and Child Treatment) Program	post-doctoral-fellow-impact-innovative-methods-in-pathogenesis-and-child-treatment-program	University of Pittsburgh	https://www.childpsychiatryresearch.pitt.edu/	www.childpsychiatryresearch.pitt.edu	200	Home | IMPACT child and adolescent psychiatry research program	title match 3/9
FAIL	The Cirkled In No Sweat Scholarship 2026	the-cirkled-in-no-sweat-scholarship-2026	Cirkled In	https://www.cirkledin.com/scholarships/	www.cirkledin.com	403		HTTP 403
WARN	Rísam PhD Scholarship at Munster Technological University 2026	r-sam-phd-scholarship-at-munster-technological-university-2026	Munster Technological University	https://www.cit.ie/scholarships	www.cit.ie	200	MTU Cork Campus - Scholarships	title match 1/4
WARN	DePuy Synthes Mechanical Engineering Scholarship at Munster Technological University 2026	depuy-synthes-mechanical-engineering-scholarship-at-munster-technological-university-2026	Munster Technological University	https://www.cit.ie/scholarships	www.cit.ie	200	MTU Cork Campus - Scholarships	title match 1/8
FAIL	Deans Scholarships For Academic Excellence at City University of London 2026	deans-scholarships-for-academic-excellence-at-city-university-of-london-2026	City St George's, University of London (City University of London)	https://www.city.ac.uk/study/fees-and-funding/scholarships-and-bursaries/the-deans-scholarships-for-academic-excellence	www.city.ac.uk	403		HTTP 403
FAIL	INTO Academic Achievement International Foundation Progression Scholarship at City St Georges, University of London 2026	into-academic-achievement-international-foundation-progression-scholarship-at-city-st-georges-university-of-london-2026	City St George's, University of London (City University of London)	https://www.city.ac.uk/prospective-students/finance/funding/into-academic-achievement-progression-scholarship	www.city.ac.uk	403		HTTP 403
WARN	International Student Presidential Merit Scholarship at City University of Seattle 2026	international-student-presidential-merit-scholarship-at-city-university-of-seattle-2026	City University of Seattle	https://www.cityu.edu/admissions-us/scholarships/scholarship-details/?acc=presidential#presidential	www.cityu.edu	200	Scholarship Details - CityU of Seattle	title match 2/7
FAIL	Mathematical Biology Team Science (MBioTS) Research Experience for Undergraduates (REU)	mathematical-biology-team-science-mbiots-research-experience-for-undergraduates-reu	Clarkson University	https://www.clarkson.edu/mbiots-research-experience-undergraduates-reu	www.clarkson.edu	403		HTTP 403
WARN	The REU Site: Undergraduate Research in Sensor Development (Design, Manufacture, Analysis) and Implementation Pipeline (SDIP)	the-reu-site-undergraduate-research-in-sensor-development-design-manufacture-analysis-and-implementation-pipeline-sdip	Clarkson University	https://www.clarkson.edu/academics/research/research-experience-undergraduate-reu-programs/sdip-research-experiences-undergraduates-reu	www.clarkson.edu	200	SDIP Research Experiences for Undergraduates (REU) | Clarkson University	title match 2/9
WARN	LIFE Scholarships at Clemson University 2026	life-scholarships-at-clemson-university-2026	Clemson University	http://www.clemson.edu/financial-aid/types/scholarships/life.html	www.clemson.edu	200	S.C. LIFE Scholarship - Student Financial Aid | Clemson	title match 1/3
WARN	Scholarship for Peruvian Students at ESC 2026	scholarship-for-peruvian-students-at-esc-2026	Clermont School of Business	https://www.clermont-sb.fr/en/scholarships/	www.clermont-sb.fr	200	Scholarships and Funding - Clermont School of Business	title match 1/3
FAIL	Postdoctoral Research Scientist in Climate Science	postdoctoral-research-scientist-in-climate-science	Columbia University	https://www.climate.columbia.edu/postdoctoral-research-program	www.climate.columbia.edu	403		HTTP 403
WARN	Neighboring Regions Merit Award at Central Michigan University 2026	neighboring-regions-merit-award-at-central-michigan-university-2026	Central Michigan University (CMU)	https://www.cmich.edu/international-admissions/graduate/cost-scholarships	www.cmich.edu	200	Graduate International Cost &amp; Scholarships	title match 0/7
WARN	Legacy Tuition Award at Central Michigan University 2025	legacy-tuition-award-at-central-michigan-university-2025	Central Michigan University (CMU)	https://www.cmich.edu/international-admissions/graduate/cost-scholarships	www.cmich.edu	200	Graduate International Cost &amp; Scholarships	title match 0/6
WARN	NSF REU in Physics and Artificial Intelligence	nsf-reu-in-physics-and-artificial-intelligence	Carnegie Mellon University	https://www.cmu.edu/ai-physics-institute/outreach/nsf-reu/index.html	www.cmu.edu	200	NSF REU - 
                NSF AI Planning Institute for Data-Driven Discovery in Physics - Carnegie Mellon University	title match 1/3
WARN	Data Analytics for Science Immersion Experience	data-analytics-for-science-immersion-experience	Carnegie Mellon University	https://www.cmu.edu/mcs/academics/undergrad/dasie	www.cmu.edu	200	DASIE | Mellon College of Science	title match 1/4
WARN	Cornell NanoScale Facility Research Experiences for Undergraduates (CNF REU) Program	cornell-nanoscale-facility-research-experiences-for-undergraduates-cnf-reu-program	Cornell University	https://www.cnf.cornell.edu/education/reu	www.cnf.cornell.edu	200	Summer Undergraduate Research Experiences | CNF	title match 2/7
WARN	Country-related cooperation programme with Colombia (COLFUTURO - Fundaci&oacute;n para el Futuro de Colombia) Master	country-related-cooperation-programme-with-colombia-colfuturo-fundaciandoacute-n-para-el-f-daad	DAAD	https://www.colfuturo.org/	www.colfuturo.org	200	COLFUTURO	title match 2/11
WARN	Merit-Based Awards at Concordia College 2026	merit-based-awards-at-concordia-college-2026	Concordia University, Canada	https://www.concordiacollege.edu/admission/international-students/costs-and-financial-aid/	www.concordiacollege.edu	200	Costs and Financial Aid | Concordia College	title match 2/5
WARN	10 Distance Learning Scholarships & Tuition Free Online Degree/Courses	10-distance-learning-scholarships-and-tuition-free-online-degree-courses-s4d	Not specified	https://www.coursera.org/	www.coursera.org	200	Coursera | Online Courses, Certificates, &amp; Degrees	title match 3/7
FAIL	Sino-German (CSC-DAAD) Postdoc Scholarship Program	sino-german-csc-daad-postdoc-scholarship-program-daad	DAAD	http://www.csc.edu.cn	www.csc.edu.cn	412		HTTP 412
WARN	Post Doctoral Opportunities in Cancer research, Genetics and Genomics, Molecular Biology	post-doctoral-opportunities-in-cancer-research-genetics-and-genomics-molecular-biology	Cold Spring Harbor Laboratory	https://www.cshl.edu/about-us/careers/postdoc-positions/#opportunities	www.cshl.edu	200	Postdoc Positions | Cold Spring Harbor Laboratory	title match 0/8
WARN	Summer Research in Bioinformatics and Computational Biology	summer-research-in-bioinformatics-and-computational-biology	Cold Spring Harbor Laboratory	https://www.cshl.edu/education/undergraduate-research-program/	www.cshl.edu	200	Undergraduate Research Program | Cold Spring Harbor Laboratory	title match 1/5
FAIL	Marie Curie Scholarship Program	marie-curie-scholarship-program	College of Saint Mary	http://www.csm.edu/admissions/affordability/marie-curie-scholarships	www.csm.edu	403		HTTP 403
FAIL	Abraham Polonsky Graduate Screenwriting Scholarship at California State University, Northridge 2026	abraham-polonsky-graduate-screenwriting-scholarship-at-california-state-university-northridge-2026	California State University, Northridge	https://www.csun.edu/mike-curb--artsmedia-communication/cinema-television-arts/advising-resources/current-students-0	www.csun.edu	404		HTTP 404
WARN	Dr. Robert W. Wienpahl Scholarship at California State University, Northridge 2026	dr-robert-w-wienpahl-scholarship-at-california-state-university-northridge-2026	California State University, Northridge	https://www.csun.edu/mike-curb-arts-media-communication/music/advising-resources/scholarships	www.csun.edu	200	Scholarships (MUSIC) | CSU Northridge	title match 2/7
WARN	Colburn Foundation Classical Music Scholarship at California State University, Northridge 2026	colburn-foundation-classical-music-scholarship-at-california-state-university-northridge-2026	California State University, Northridge	https://www.csun.edu/mike-curb-arts-media-communication/music/advising-resources/scholarships	www.csun.edu	200	Scholarships (MUSIC) | CSU Northridge	title match 3/9
FAIL	The California State University Louis Stokes Alliance for Minority Participation (CSU-LSAMP) at College of Science 2025	the-california-state-university-louis-stokes-alliance-for-minority-participation-csu-lsamp-at-college-of-science-2025	National Science Foundation	https://www.csus.edu/college/natural-sciences-mathematics/csu-lsamp/	www.csus.edu	404		HTTP 404
WARN	CSUSM Bachelor's/UG Tuition Waiver Program 2026	csusm-bachelor-s-ug-tuition-waiver-program-2026	California State University San Marcos (CSUSM)	https://www.csusm.edu/global/intstudents/finaid.html	www.csusm.edu	200	INT students Financial Aid | Global Programs and Services (GPS) | CSUSM	title match 2/5
WARN	CUAHSI's Cyberseminar Program in Water Science	cuahsi-s-cyberseminar-program-in-water-science	Consortium of Universities for the Advancement of Hydrologic Science	https://www.cuahsi.org/cyberseminars	www.cuahsi.org	200	Cyberseminars |   	Cuahsi.org	title match 2/5
WARN	MBBS — Jinzhou Medical University (Bachelor's)	mbbs-jinzhou-medical-university-bachelor-s	Jinzhou Medical University	https://www.cucas.cn/china_scholarship/Jinzhou-Medical-University_MBBS_scholarship_2245_30132&lang=en	www.cucas.cn	200		no <title> in page
WARN	Food Science and Engineering(Food Safety: Food Quality and Safety) — Zhejiang Gongshang University (PhD)	food-science-and-engineering-food-safety-food-quality-and-safety-zhejiang-gongshang-univer	Zhejiang Gongshang University	https://www.cucas.cn/china_scholarship/Zhejiang-Gongshang-University_Food-Science-and-Engineering-Food-Safety--Food-Quality-and-Safety-_scholarship_1726_68067&lang=en	www.cucas.cn	200		no <title> in page
WARN	Clinical Medicine — Shantou University Medical College (Bachelor's)	clinical-medicine-shantou-university-medical-college-bachelor-s	Shantou University Medical College	https://www.cucas.cn/china_scholarship/Shantou-University-Medical-College_Clinical-Medicine_scholarship_1484_66451&lang=en	www.cucas.cn	200		no <title> in page
WARN	International Business Law — East China University of Political Science and Law (Bachelor's)	international-business-law-east-china-university-of-political-science-and-law-bachelor-s	East China University of Political Science and Law	https://www.cup.edu.cn/overseas/Admission/Scholarships/index.htm	www.cup.edu.cn	200		no <title> in page
WARN	(Top 300 Program)Geology — China University of Petroleum - Beijing (Non-degree)	top-300-program-geology-china-university-of-petroleum-beijing-non-degree	China University of Petroleum - Beijing	https://www.cup.edu.cn/overseas/Admission/Scholarships/index.htm	www.cup.edu.cn	200		no <title> in page
WARN	(Top 300 Program)Finance — China University of Petroleum - Beijing (Non-degree)	top-300-program-finance-china-university-of-petroleum-beijing-non-degree	China University of Petroleum - Beijing	https://www.cup.edu.cn/overseas/Admission/Scholarships/index.htm	www.cup.edu.cn	200		no <title> in page
WARN	Cusanuswerk: Undergraduate and Postgraduate Fellowships	cusanuswerk-undergraduate-and-postgraduate-fellowships-daad	Cusanuswerk	https://www.cusanuswerk.de/	www.cusanuswerk.de	200	Cusanuswerk: Startseite	title match 1/4
FAIL	DAAD Research Grants for Doctoral Candidates and Young Academics and Scientists	daad-research-grants-for-doctoral-candidates-and-young-academics-and-scientists-s4d	DAAD	https://www.daad.de/deutschland/stipendium/datenbank/en/21148-finding-scholarships/?detail=50015434	www.daad.de			TypeError: fetch failed
FAIL	DairyNZ Postgraduate Scholarships 2026	dairynz-postgraduate-scholarships-2026	DairyNZ	https://www.dairynz.co.nz/support/scholarships-and-internships/postgraduate-scholarships/	www.dairynz.co.nz	403		HTTP 403
WARN	German Federal Environmental Foundation (DBU): PhD Scholarship Programme	german-federal-environmental-foundation-dbu-phd-scholarship-programme-daad	German Federal Environmental Foundation (DBU)	https://www.dbu.de/foerderung/promotionsstipendien/	www.dbu.de	200	Promotionsstipendien - DBU	title match 0/6
WARN	German Federal Environmental Foundation (DBU): Fellowship Programme with CEE Countries	german-federal-environmental-foundation-dbu-fellowship-programme-with-cee-countries-daad	German Federal Environmental Foundation (DBU)	https://www.dbu.de/foerderung/moe-fellowship/	www.dbu.de	200	MOE Fellowship - DBU	title match 1/7
WARN	Faculty of Engineering & Computing International Scholarship at DCU 2026	faculty-of-engineering-computing-international-scholarship-at-dcu-2026	Dublin City University	https://www.dcu.ie/global/international-faculty-scholarshipsbursaries	www.dcu.ie	200	International Scholarships	title match 2/5
FAIL	Deakin STEM Scholarship 2025-26	deakin-stem-scholarship-2025-26	Deakin University, Australia	https://www.deakin.edu.au/study/fees-and-scholarships/scholarships/find-a-scholarship/deakin-stem-scholarship	www.deakin.edu.au	403		HTTP 403
FAIL	Warrnambool Campus International Bursary 2024-26	warrnambool-campus-international-bursary-2024-26	Deakin University, Australia	https://www.deakin.edu.au/study/fees-and-scholarships/scholarships/find-a-scholarship/warrnambool-campus-international-bursary	www.deakin.edu.au	403		HTTP 403
WARN	NHERI REU in Multi-Hazards Research	nheri-reu-in-multi-hazards-research	Florida International University	https://www.designsafe-ci.org/learning-center/reu/overview/	www.designsafe-ci.org	200	REU Summer Program | DesignSafe-CI	title match 0/4
WARN	Natural Hazards Engineering Research Infrastructure (NHERI) Summer Institute	natural-hazards-engineering-research-infrastructure-nheri-summer-institute	Florida International University	https://www.designsafe-ci.org/learning-center/summer-institute/	www.designsafe-ci.org	200	Summer Institute | DesignSafe-CI	title match 2/8
FAIL	Federal Ministry of Education and Research: Deutschlandstipendium	federal-ministry-of-education-and-research-deutschlandstipendium-daad	Federal Ministry of Education and Research	https://www.deutschlandstipendium.de/de/stipendium-50.html	www.deutschlandstipendium.de			TypeError: fetch failed
FAIL	The Deutschlandstipendium at German Universities	the-deutschlandstipendium-at-german-universities-s4d	German Government	https://www.deutschlandstipendium.de/de/english-1700.html	www.deutschlandstipendium.de			TypeError: fetch failed
WARN	German Research Foundation (DFG): Heisenberg Programme	german-research-foundation-dfg-heisenberg-programme-daad	German Research Foundation (DFG)	http://www.dfg.de/foerderung/programme/einzelfoerderung/heisenberg/index.html	www.dfg.de	200	Heisenberg-Programm | DFG	title match 1/5
WARN	German Research Foundation (DFG): Research Grant	german-research-foundation-dfg-research-grant-daad	German Research Foundation (DFG)	http://www.dfg.de/foerderung/programme/einzelfoerderung/sachbeihilfe/index.html	www.dfg.de	200	Sachbeihilfe | DFG	title match 0/5
FAIL	Summer Research Enhancement Program (SREP)	summer-research-enhancement-program-srep	Din&#233; College	https://www.dinecollege.edu/about-us/srep/	www.dinecollege.edu			TypeError: fetch failed
FAIL	Summer Research Enhancement Program (SREP)	summer-research-enhancement-program-srep-legesrep	Northern Arizona University	https://www.dinecollege.edu/about-us/srep/	www.dinecollege.edu			TypeError: fetch failed
WARN	Fisheries Ecology Lab Internships	fisheries-ecology-lab-internships-olintern	University of South Alabama	https://www.disl.edu/about/internships/	www.disl.edu	200	Internship Opportunities - Dauphin Island Sea Lab	title match 0/3
FAIL	Academic Merit Scholarship at Dundalk Institute of Technology 2025	academic-merit-scholarship-at-dundalk-institute-of-technology-2025	Dundalk Institute of Technology	https://www.dkit.ie/study/student-fees-grants-scholarships/scholarships/	www.dkit.ie	403		HTTP 403
WARN	Dalian Maritime University Liaoning Government Scholarship 2025	dalian-maritime-university-liaoning-government-scholarship-2025	China Scholarship Council (CSC)	https://www.dlmu.edu.cn/	www.dlmu.edu.cn	200	大连海事大学	title match 0/6
FAIL	Star Scholars Scholarship at De La Salle University 2025	star-scholars-scholarship-at-de-la-salle-university-2025	De La Salle University	https://www.dlsu.edu.ph/admissions/scholarships/grants/star-scholars/	www.dlsu.edu.ph	404		HTTP 404
FAIL	Teen Science Scholar Internships	teen-science-scholar-internships	Denver Museum of Nature and Science	https://www.dmns.org/about/teen-science-scholars/	www.dmns.org	403		HTTP 403
WARN	Summer Program in Translational Disparities and Community-Engaged Research (SPRINTER)	summer-program-in-translational-disparities-and-community-engaged-research-sprinter	State University of New York (SUNY), Downstate Health Sciences University	https://www.downstate.edu/about/our-administration/office-for-institutional-equity/pathway-programs/sprinter.html	www.downstate.edu	200	SPRINTER | Diversity Education &amp; Research | SUNY Downstate Health Sciences University	title match 2/8
FAIL	Presidential Transfer Award at Drake University 2025	presidential-transfer-award-at-drake-university-2025	Drake University	https://www.drake.edu/admission/transferstudents/costsfinancialaid/scholarships/presidentialtransfer/	www.drake.edu	404		HTTP 404
WARN	Goh Foundation Scholarship 2026	goh-foundation-scholarship-2026	Goh Foundation	https://www.duke-nus.edu.sg/admissions/why-duke-nus/tuition-scholarships/financial-aid	www.duke-nus.edu.sg	200		no <title> in page
FAIL	University of Dundee- Global Excellence Scholarship January 2027	university-of-dundee-global-excellence-scholarship-january-2027	University of Dundee	https://www.dundee.ac.uk/scholarships/global-excellence-scholarship-undergraduate-january-2027	www.dundee.ac.uk	403		HTTP 403
FAIL	Jainti Dass Saggar Memorial Scholarship at University of Dundee 2026	jainti-dass-saggar-memorial-scholarship-at-university-of-dundee-2026	University of Dundee	https://www.dundee.ac.uk/scholarships/jainti-dass-saggar-memorial-scholarship-202627	www.dundee.ac.uk	403		HTTP 403
WARN	The Global DBA Scholarships at Durham University 2026	the-global-dba-scholarships-at-durham-university-2026	Durham University	https://www.durham.ac.uk/business/programmes/dba/scholarships/the-global-dba-scholarships/	www.durham.ac.uk	202		no <title> in page
WARN	Alumni Fee Scholarship at Durham University 2026	alumni-fee-scholarship-at-durham-university-2026	Durham University	https://www.durham.ac.uk/study/scholarships/alumni/	www.durham.ac.uk	202		no <title> in page
FAIL	Fully-funded International Awards at FEFU Russia 2026	fully-funded-international-awards-at-fefu-russia-2026	Government of Russia	https://www.dvfu.ru/en/admission/scholarships/	www.dvfu.ru			TypeError: fetch failed
FAIL	Earth Institute Postdoctoral Research Program in Sustainable Development	earth-institute-postdoctoral-research-program-in-sustainable-development	Columbia University	https://www.earth.columbia.edu/articles/view/55	www.earth.columbia.edu			TypeError: fetch failed
WARN	Research Experiences in Solid Earth Sciences	research-experiences-in-solid-earth-sciences	EarthScope Consortium	https://www.earthscope.org/education/student-internships/resess/	www.earthscope.org	200	RESESS | EarthScope Consortium	title match 1/5
WARN	Chancellor's Scholarship at Emirates Aviation University 2026	chancellor-s-scholarship-at-emirates-aviation-university-2026	Emirates Aviation University	https://www.eau.ac.ae/en/admissions/scholarships-financial-aids/	www.eau.ac.ae	200	Scholarships &amp; Aid	title match 1/5
FAIL	Environmental Spring Fellowship for Youth in North, South and Central America	environmental-spring-fellowship-for-youth-in-north-south-and-central-america	Eco Circle International	https://www.ecocircleinternational.org/fellowship	www.ecocircleinternational.org	404		HTTP 404
FAIL	Inspiring Minds Equity Scholarship at Edith Cowan University 2026	inspiring-minds-equity-scholarship-at-edith-cowan-university-2026	ECU South West Edith Cowan University, Bunbury	https://www.ecu.edu.au/scholarships/details/inspiring-minds-equity-scholarship	www.ecu.edu.au	403		HTTP 403
FAIL	ECU Engineering Excellence Scholarships 2026	ecu-engineering-excellence-scholarships-2026	ECU South West Edith Cowan University, Bunbury	https://www.ecu.edu.au/scholarships/details/ecu-engineering-excellence-scholarships	www.ecu.edu.au	403		HTTP 403
FAIL	Emily Carr University Entrance Scholarships for BC High School and International Students 2025	emily-carr-university-entrance-scholarships-for-bc-high-school-and-international-students-2025	Emily Carr University of Art and Design	https://www.ecuad.ca/student-life/financial-aid-awards/funding-for-undergraduate-students/entrance-scholarships#emily-carr-university-entrance-scholarships-for-b-c-high-school-and-international-students	www.ecuad.ca	403		HTTP 403
WARN	Margaret Campbell Scott Scholarship at University of Edinburgh 2026	margaret-campbell-scott-scholarship-at-university-of-edinburgh-2026	University of Edinburgh	https://www.ed.ac.uk/student-funding/undergraduate/uk-eu/scholarships/science-engineering/physics-and-astronomy	www.ed.ac.uk	200	School of Physics and Astronomy | Scholarships and Student Funding | Registry Services	title match 1/6
WARN	Summer EDGE Program (Enhancing Diversity in Graduate Education)	summer-edge-program-enhancing-diversity-in-graduate-education-muddedge	University of Tennessee, Knoxville	https://www.edgeforwomen.org/summer-session/	www.edgeforwomen.org	200	Summer Program - THE EDGE PROGRAM	title match 2/6
WARN	Summer EDGE Program (Enhancing Diversity in Graduate Education)	summer-edge-program-enhancing-diversity-in-graduate-education	EDGE Program	https://www.edgeforwomen.org/summer-session/	www.edgeforwomen.org	200	Summer Program - THE EDGE PROGRAM	title match 2/6
WARN	York University, Canada	york-university-canada	Not specified	https://www.education-future.org/	www.education-future.org	200	Education Future International Scholarship- INR 2 to 10 lacs Study Abroad Scholarship	title match 0/2
FAIL	Australia Research Training Program (RTP) Scholarships	australia-research-training-program-rtp-scholarships-s4d	Australian Government	https://www.education.gov.au/research-training-program	www.education.gov.au			AbortError: This operation was aborted
WARN	Educations.com “Study a Master’s in Europe” scholarship	educations-com-study-a-master-s-in-europe-scholarship-se	Educations.com “Study a Master’s in Europe”	https://www.educations.com/scholarships/study-a-masters-in-europe-15211	www.educations.com	202		no <title> in page
FAIL	EIT Equity, Diversity Access Scholarship 2025	eit-equity-diversity-access-scholarship-2025	Engineering Institute of Technology (EIT)	https://www.eit.edu.au/how-to-apply/scholarships/eit-equity-diversity-access-scholarship/	www.eit.edu.au	404		HTTP 404
WARN	State of Bavaria: Max Weber Programme	state-of-bavaria-max-weber-programme-daad	State of Bavaria	https://www.elitenetzwerk.bayern.de/start/foerderangebote/max-weber-programm/aus-dem-studium-zum-stipendium	www.elitenetzwerk.bayern.de	200	Elitenetzwerk: Aus dem Studium zum Stipendium	title match 0/4
FAIL	Columbia University and Amazon Summer Undergraduate Research Experience (SURE) Program	columbia-university-and-amazon-summer-undergraduate-research-experience-sure-program	Columbia University	https://www.engineering.columbia.edu/about/engineering-community-engagement/hallmark-programs/sure-program	www.engineering.columbia.edu	403		HTTP 403
WARN	Ampere Excellence Scholarships for International Students at ENS De lyon 2026	ampere-excellence-scholarships-for-international-students-at-ens-de-lyon-2026	Ecole normale superieure de Lyon (ENS Lyon)	http://www.ens-lyon.fr/en/studies/student-information/grants-and-scholarships#:~:text=Amp%C3%A8re%20Scholarships%20of%20Excellence	www.ens-lyon.fr	200	Grants and scholarships | Site Ens international	title match 2/5
WARN	SEEDS - ESA Annual Meeting Travel Awards for Undergraduate Students and SEEDS Alumni	seeds-esa-annual-meeting-travel-awards-for-undergraduate-students-and-seeds-alumni	Ecological Society of America (ESA)	https://www.esa.org/seeds/meetings/annual-meeting/undergraduate-awards/	www.esa.org	200	SEEDS	title match 2/9
WARN	ESADE Degree Talent Scholarships	esade-degree-talent-scholarships-es	ESADE Business School	https://www.esade.edu/en/about-us/scholarship-program-and-financial-aid/scholarship-program	www.esade.edu	200	Scholarship Program - Esade	title match 1/4
FAIL	Hessnatur Scholarship 2014	hessnatur-scholarship-2014-s4d	ESMOD	http://www.esmod.de/en/berlin/study-courses/ma-sustainability-fashion/hessnatur-scholarship/	www.esmod.de			TypeError: fetch failed
WARN	ESMT Women’s Academic Scholarships	esmt-women-s-academic-scholarships-s4d	ESMT	https://www.esmt.org/degree-programs/full-time-mba/fees-and-financing/mba-scholarships	www.esmt.org	200	Degree Programs | MBA &amp; Masters | ESMT Berlin	title match 0/3
WARN	Kofi Annan MBA Scholarships for Developing Country Students	kofi-annan-mba-scholarships-for-developing-country-students-s4d	Kofi Annan Foundation/ESMT	http://www.esmt.org/degree-programs/full-time-mba/scholarship-programs	www.esmt.org	200	Degree Programs | MBA &amp; Masters | ESMT Berlin	title match 0/5
WARN	Diversity of Geography and Profiles Scholarship at ESSEC Business School 2025	diversity-of-geography-and-profiles-scholarship-at-essec-business-school-2025	ESSEC Business School	https://www.essec.edu/en/program/business-school/master-management-grande-ecole/financing/	www.essec.edu	200	Master in Management (MIM) - Applying with an International Degree || ESSEC	title match 1/7
FAIL	Turing Scheme Funding at University of Essex 2026	turing-scheme-funding-at-university-of-essex-2026	University of Essex	https://www.essex.ac.uk/scholarships/study-abroad-turing-scheme-funding	www.essex.ac.uk	403		HTTP 403
WARN	Masters (PGT) EU Scholarship at University of Essex 2026	masters-pgt-eu-scholarship-at-university-of-essex-2026	University of Essex	https://www.essex.ac.uk/scholarships/masters-pgt-eu-scholarship	www.essex.ac.uk	200		no <title> in page
WARN	Creative Arts Scholarship at East Tennessee State University 2025	creative-arts-scholarship-at-east-tennessee-state-university-2025	East Tennessee State University (ETSU)	https://www.etsu.edu/cas/creative-arts-scholarship/default.php	www.etsu.edu	200	Creative Arts Scholarship	title match 2/5
WARN	STEM Community Outreach Scholarship at East Tennessee State University 2026	stem-community-outreach-scholarship-at-east-tennessee-state-university-2026	East Tennessee State University (ETSU)	https://www.etsu.edu/international/scholarships/	www.etsu.edu	200	ETSU International Scholarships	title match 1/6
WARN	TOBB ETÜ Graduate Scholarship Programmes	tobb-et-graduate-scholarship-programmes-tr	TOBB University of Economics and Technology	https://www.etu.edu.tr/en/enstitu/graduate-school-of-engineering-and-science/basvuru-bilgileri	www.etu.edu.tr	200	Graduate School of Engineering and Science / Application Information - TOBB ETÜ	title match 1/3
WARN	Evonik Foundation: Evonik Foundation Scholarship	evonik-foundation-evonik-foundation-scholarship-daad	Evonik Foundation	https://www.evonik-stiftung.de/de/stipendien/stipendium-der-evonik-stiftung	www.evonik-stiftung.de	200	Stipendium der Evonik Stiftung - Evonik Industries	title match 2/5
WARN	Evangelisches Studienwerk: Scholarship for Students With Refugee Status	evangelisches-studienwerk-scholarship-for-students-with-refugee-status-daad	Evangelisches Studienwerk	https://www.evstudienwerk.de/bewerbung/gefluechtete/unser-stipendium.html	www.evstudienwerk.de	200	Informationen für Studierende mit Fluchterfahrung &#187; Evangelisches Studienwerk Villigst	title match 2/6
FAIL	Falmouth University Graduate Loyalty Discount 2026	falmouth-university-graduate-loyalty-discount-2026	Falmouth University	https://www.falmouth.ac.uk/study/student-funding/graduate-loyalty-discount	www.falmouth.ac.uk	500		HTTP 500
FAIL	Falmouth University Hardship Fund 2026	falmouth-university-hardship-fund-2026	Falmouth University	https://www.falmouth.ac.uk/study/student-funding/hardship-fund	www.falmouth.ac.uk	500		HTTP 500
WARN	Fanshawe Entrance Bursary at fanshawe University 2026	fanshawe-entrance-bursary-at-fanshawe-university-2026	Fanshawe College	https://www.fanshawec.ca/admission-finance/financial-aid-awards/scholarships-bursaries-and-awards/bursaries	www.fanshawec.ca	200	Bursaries | Fanshawe College	title match 2/5
WARN	Children of Alumni Grant for Undergraduate and Graduate Students at Fairleigh Dickinson University 2026	children-of-alumni-grant-for-undergraduate-and-graduate-students-at-fairleigh-dickinson-university-2026	Fairleigh Dickinson University (FDU), USA	https://www.fdu.edu/admissions/international/scholarships/	www.fdu.edu	200	Scholarships for International Students | Fairleigh Dickinson University	title match 4/9
FAIL	International Student Accommodation Support Scholarship at Federation University 2026	international-student-accommodation-support-scholarship-at-federation-university-2026	Federation University Australia Ballarat Campus	https://www.federation.edu.au/study/scholarships/details/international/accommodation-support-scholarship/	www.federation.edu.au	404		HTTP 404
WARN	Founders Scholarship at Ferris State University 2026	founders-scholarship-at-ferris-state-university-2026	Ferris State University	https://www.ferris.edu/admissions/financialaid/scholarship/Incoming/incoming-international.htm	www.ferris.edu	200	Incoming International Student Scholarships	title match 1/5
WARN	President’s Scholarship at Ferris State University 2026	president-s-scholarship-at-ferris-state-university-2026	Ferris State University	https://www.ferris.edu/admissions/financialaid/scholarship/Incoming/incoming-international.htm	www.ferris.edu	200	Incoming International Student Scholarships	title match 1/5
WARN	Friedrich Ebert Foundation: Scholarship for International Doctoral Students	friedrich-ebert-foundation-scholarship-for-international-doctoral-students-daad	Friedrich Ebert Foundation	https://www.fes.de/studienfoerderung/promotionsfoerderung-fuer-auslaender-innen/	www.fes.de	200	Stipendienprogramme der Friedrich-Ebert-Stiftung	title match 2/7
WARN	Friedrich Ebert Foundation: Scholarship for International Students	friedrich-ebert-foundation-scholarship-for-international-students-daad	Friedrich Ebert Foundation	https://www.fes.de/studienfoerderung/grundfoerderung-fuer-auslaender-innen/	www.fes.de	200	Stipendienprogramme der Friedrich-Ebert-Stiftung	title match 2/6
WARN	Florida Tech Phi Theta Kappa Scholarship at Florida Institute of Technology 2026	florida-tech-phi-theta-kappa-scholarship-at-florida-institute-of-technology-2026	Florida Institute of Technology	https://www.fit.edu/admission/scholarships--aid/university-scholarships-and-grants/	www.fit.edu	200	University Scholarships and Grants | Florida Tech	title match 3/7
WARN	MBBS in English — Fujian Medical University (Bachelor's)	mbbs-in-english-fujian-medical-university-bachelor-s	Fujian Medical University	https://www.fjmu.edu.cn/	www.fjmu.edu.cn	200	福建医科大学	title match 0/5
WARN	Clinical Medicine — Fujian Medical University (Bachelor's)	clinical-medicine-fujian-medical-university-bachelor-s	Fujian Medical University	https://www.fjmu.edu.cn/	www.fjmu.edu.cn	200	福建医科大学	title match 0/6
FAIL	The Calder Summer Undergraduate Research (CSUR) Program - REU in Conservation and Urban Ecology	the-calder-summer-undergraduate-research-csur-program-reu-in-conservation-and-urban-ecology	Fordham University	http://www.fordham.edu/REUatCalder	www.fordham.edu			TypeError: fetch failed
FAIL	The Calder Summer Undergraduate Research (CSUR) Program - REU in Conservation and Urban Ecology	the-calder-summer-undergraduate-research-csur-program-reu-in-conservation-and-urban-ecology-fieldbio	New York Botanical Garden	http://www.fordham.edu/REUatCalder	www.fordham.edu			TypeError: fetch failed
FAIL	FS MBA Diversity Scholarship for International Students 2025	fs-mba-diversity-scholarship-for-international-students-2025	Frankfurt School of Finance & Management	https://www.frankfurt-school.de/home/programmes/bachelor/bachelor-science/financing	www.frankfurt-school.de	404		HTTP 404
WARN	Friedrich Naumann Foundation Scholarship for International Students	friedrich-naumann-foundation-scholarship-for-international-students-s4d	Friedrich Naumann Foundation	https://www.freiheit.org/de/deutschland/talent-promotion-program	www.freiheit.org	200	Talent Promotion Program	title match 0/6
FAIL	Global Achievement Scholarship at Full Sail University 2026	global-achievement-scholarship-at-full-sail-university-2026	Full Sail University	https://www.fullsail.edu/scholarships/global-achievement-scholarship	www.fullsail.edu	403		HTTP 403
WARN	Gower College Swansea Higher Education Bursary at Gower College 2026	gower-college-swansea-higher-education-bursary-at-gower-college-2026	Gower College Swansea	https://www.gcs.ac.uk/about-college-financial/fees/criteria-and-process-bursary-full-time-he-courses	www.gcs.ac.uk	200	Criteria and process for bursary (full-time Higher Education courses) | GCS	title match 3/8
WARN	GCSB Women in STEM Scholarship 2026	gcsb-women-in-stem-scholarship-2026	New Zealand Government	https://www.gcsb.govt.nz/working-for-us/women-in-stem-scholarship/	www.gcsb.govt.nz	200		no <title> in page
FAIL	Student Loyalty Discount at Glasgow Caledonian University 2026	student-loyalty-discount-at-glasgow-caledonian-university-2026	Glasgow Caledonian University (GCU), Glasgow	https://www.gcu.ac.uk/study/scholarships/postgraduate/student-loyalty-discount	www.gcu.ac.uk	403		HTTP 403
FAIL	New to GCU Undergraduate Student Scholarship 2026	new-to-gcu-undergraduate-student-scholarship-2026	Glasgow Caledonian University (GCU), Glasgow	https://www.gcu.ac.uk/study/scholarships/undergraduate/newtogcu	www.gcu.ac.uk	403		HTTP 403
FAIL	International Student Leadership Award at George Brown College 2025	international-student-leadership-award-at-george-brown-college-2025	George Brown College	https://www.georgebrown.ca/apply/financial-aid/awards-and-scholarships/types-of-awards/international	www.georgebrown.ca	403		HTTP 403
FAIL	Pepsi Bottling Group Scholarship at George Brown University 2026	pepsi-bottling-group-scholarship-at-george-brown-university-2026	George Brown College	https://www.georgebrown.ca/apply/financial-aid/awards-and-scholarships/types-of-awards/college-wide	www.georgebrown.ca	403		HTTP 403
FAIL	Jim Turner Scholarship at George Brown University 2026	jim-turner-scholarship-at-george-brown-university-2026	George Brown College	https://www.georgebrown.ca/apply/financial-aid/awards-and-scholarships/types-of-awards/college-wide	www.georgebrown.ca	403		HTTP 403
WARN	Geoscience Program in Energy and Environmental Resource Sustainability (GeoPEERS) REU	geoscience-program-in-energy-and-environmental-resource-sustainability-geopeers-reu	Pennsylvania State University	https://www.geosc.psu.edu/beyond-classroom/geopeers-reu	www.geosc.psu.edu	200	GeoPEERS REU | Penn State Department of Geosciences	title match 2/7
FAIL	GeoCorps America	geocorps-america	Geological Society of America	https://www.geosociety.org/GSA/GSA/fieldexp/GeoCorps/home.aspx	www.geosociety.org	404		HTTP 404
FAIL	GeoCorps America	geocorps-america-geocorps	U.S. Department of the Interior	https://www.geosociety.org/GSA/GSA/fieldexp/GeoCorps/home.aspx	www.geosociety.org	404		HTTP 404
WARN	Gerda Henkel Foundation: Research Scholarships	gerda-henkel-foundation-research-scholarships-daad	Gerda Henkel Foundation	http://www.gerda-henkel-stiftung.de/forschungsstipendien	www.gerda-henkel-stiftung.de	200	Forschungsstipendien | Gerda Henkel Stiftung	title match 2/5
WARN	Hermann Niermann Foundation/Julius Maximilian University of W&uuml;rzburg: Study Exchange German Language and Literature Studies	hermann-niermann-foundation-julius-maximilian-university-of-wanduuml-rzburg-study-exchange-daad	Hermann Niermann Foundation/Julius Maximilian University of W&uuml;rzburg	https://www.germanistik.uni-wuerzburg.de/international/studienboerse-germanistik/	www.germanistik.uni-wuerzburg.de	200	Studienbörse Germanistik - Institut für deutsche Philologie	title match 1/13
WARN	GGC Presidential Academic Out-of-State Award 2026	ggc-presidential-academic-out-of-state-award-2026	Georgia Gwinnett College	https://www.ggc.edu/admissions/financial-aid/scholarships-and-grants#230548828-1100177020	www.ggc.edu	200	Scholarships and Grants | Georgia Gwinnett College	title match 0/4
WARN	Gilman-DAAD Germany Scholarships	gilman-daad-germany-scholarships-daad	DAAD	https://www.gilmanscholarship.org/applicants/eligibility/	www.gilmanscholarship.org	200	Eligibility - Benjamin A. Gilman International Scholarship	title match 1/3
WARN	GIST International Graduate Scholarship	gist-international-graduate-scholarship-kr	GIST (Gwangju Institute of Science and Technology)	https://www.gist.ac.kr/iadm/html/sub04/0401.html	www.gist.ac.kr	200		no <title> in page
WARN	Teaching Chinese as a Second Language — Zhejiang University of Technology (Bachelor's)	teaching-chinese-as-a-second-language-zhejiang-university-of-technology-bachelor-s	Zhejiang University of Technology	https://www.gjxy.zjut.edu.cn/index.php/en/scholarship/zjut-full-scholarship	www.gjxy.zjut.edu.cn	200	ZJUT Full Scholarship	title match 0/8
WARN	Biological technology — Zhejiang University of Technology (Bachelor's)	biological-technology-zhejiang-university-of-technology-bachelor-s	Zhejiang University of Technology	https://www.gjxy.zjut.edu.cn/index.php/en/scholarship/zjut-full-scholarship	www.gjxy.zjut.edu.cn	200	ZJUT Full Scholarship	title match 0/6
WARN	Biological Engineering — Zhejiang University of Technology (Bachelor's)	biological-engineering-zhejiang-university-of-technology-bachelor-s	Zhejiang University of Technology	https://www.gjxy.zjut.edu.cn/index.php/en/scholarship/zjut-full-scholarship	www.gjxy.zjut.edu.cn	200	ZJUT Full Scholarship	title match 0/6
WARN	CoSS PhD Scholarship - Civic Feelings: Emotional Governance and the Local 2026	coss-phd-scholarship-civic-feelings-emotional-governance-and-the-local-2026	University of Glasgow	https://www.gla.ac.uk/colleges/socialsciences/studentfundingopportunities/postgraduateresearch/latestphdopportunities/#cossphdscholarship-civicfeelings%3Aemotionalgovernanceandthelocal	www.gla.ac.uk	200	University of Glasgow - Colleges - College of Social Sciences - Student funding opportunities - Postgraduate Research - Latest PhD opportunities	title match 0/6
FAIL	GLOBIS Scholarships at Globis University 2026	globis-scholarships-at-globis-university-2026	Globis University Graduate School of Management	https://www.globis.ac.jp/admission-fees/full-time-mba-fees-and-financing/full-time-mba-scholarships-and-loans/	www.globis.ac.jp	403		HTTP 403
FAIL	Global Scholarship at University of Gloucestershire 2026	global-scholarship-at-university-of-gloucestershire-2026	University of Gloucestershire	https://www.glos.ac.uk/finance/international-funding/#global	www.glos.ac.uk			TypeError: fetch failed
FAIL	Progression Partner Scholarship at University of Gloucestershire 2026	progression-partner-scholarship-at-university-of-gloucestershire-2026	University of Gloucestershire	https://www.glos.ac.uk/finance/international-funding/#progression	www.glos.ac.uk	403		HTTP 403
WARN	Research Experience for Undergraduates in Ecosystem, Oceanographic and Economic studies.	research-experience-for-undergraduates-in-ecosystem-oceanographic-and-economic-studies	Gulf of Maine Research Institute	https://www.gmri.org/projects/research-experience-undergraduates/	www.gmri.org	200	Research Experience for Undergraduates
            
            
                
                    - Gulf of Maine Research Institute	title match 3/7
FAIL	Goethe Goes Global Scholarships	goethe-goes-global-scholarships-s4d	Goethe University	http://www.goethe-university-frankfurt.de/61645104/04-What-we-offer	www.goethe-university-frankfurt.de			TypeError: fetch failed
FAIL	Goethe Goes Global – Master Scholarships	goethe-goes-global-master-scholarships-s4d	Goethe University	http://www.goethe-university-frankfurt.de/58572942/Goethe-Goes-Global-Master-Scholarships	www.goethe-university-frankfurt.de			TypeError: fetch failed
FAIL	International Graduate Student Scholarship at Gonzaga University 2025	international-graduate-student-scholarship-at-gonzaga-university-2025	Gonzaga University	https://www.gonzaga.edu/admission/international-admission/costs-scholarships-international-students/international-graduate-scholarships	www.gonzaga.edu	403		HTTP 403
WARN	Summer Research-Graduate School Preparation Programs for Juniors, Seniors, Masters and Pre-Doctoral Students	summer-research-graduate-school-preparation-programs-for-juniors-seniors-masters-and-pre-doctoral-students	University of California, Irvine	https://www.grad.uci.edu/about-us/diversity/grad-prep-programs/surf.php	www.grad.uci.edu	200	Summer Undergraduate Research Fellowship – UC Irvine Graduate Division	title match 3/11
WARN	Diversity Initiatives and Fellowships	diversity-initiatives-and-fellowships	Gordon Research Conferences	http://www.grc.org/diversity.aspx	www.grc.org	200	Funding Programs and Initiatives	title match 1/3
WARN	Achievement, Merit & Leadership Scholarships at Green River College 2026	achievement-merit-leadership-scholarships-at-green-river-college-2026	Green River College	https://www.greenriver.edu/international/scholarships.html	www.greenriver.edu	200	International Student Scholarships &amp; Work Grants	title match 1/7
WARN	PROPULSEO Scholarship 2025	propulseo-scholarship-2025	PROPULSEO Foundation	https://www.grenoble-em.com/en/financing-your-studies	www.grenoble-em.com	200	Financial aid – Grenoble Ecole de Management	title match 0/2
WARN	INP Foundation’s International Excellence Scholarships, 2024/25	inp-foundation-s-international-excellence-scholarships-2024-25	Grenoble Institute of Technology (Grenoble INP)	https://www.grenoble-inp.fr/en/academics/incoming-scholarships	www.grenoble-inp.fr	200	Incoming scholarships - Grenoble INP - UGA	title match 1/4
FAIL	International Postgraduate Research Scholarship at Griffith University 2027	international-postgraduate-research-scholarship-at-griffith-university-2027	Griffith University, Australia	https://www.griffith.edu.au/research-study/scholarships/guiprs	www.griffith.edu.au	403		HTTP 403
FAIL	Griffith College Diploma to Degree Scholarship 2026	griffith-college-diploma-to-degree-scholarship-2026	Griffith University, Australia	https://www.griffith.edu.au/international/scholarships-finance/scholarships/griffith-college-diploma-degree	www.griffith.edu.au	403		HTTP 403
FAIL	Big Data Science and Science Communication	big-data-science-and-science-communication	University of Washington	https://www.gs.washington.edu/academics/summer/gssummer/index.htm#one	www.gs.washington.edu	404		HTTP 404
WARN	Herzog August Bibliothek: Short-term Fellowships	herzog-august-bibliothek-short-term-fellowships-daad	Herzog August Bibliothek	https://www.hab.de/forschungsstipendien/	www.hab.de	200	Forschungsstipendien &#8211; HAB	title match 0/5
WARN	The American Friends of the Herzog August Bibliothek (HAB): Travel Grant	the-american-friends-of-the-herzog-august-bibliothek-hab-travel-grant-daad	The American Friends of the Herzog August Bibliothek (HAB)	https://www.hab.de/doktoranden-und-nachwuchsfoerderung/	www.hab.de	200	Doktorand*innen- und Nachwuchsförderung &#8211; HAB	title match 0/7
WARN	REU Site: Nano-, Bio-, Quantum Photonics	reu-site-nano-bio-quantum-photonics	University of Rochester	http://www.hajim.rochester.edu/optics/undergraduate/reu.html	www.hajim.rochester.edu	200	Research Experiences for Undergraduates (REU) : Undergraduate Program : The Institute of Optics : University of Rochester	title match 0/2
WARN	Hanyang International Excellence Awards (HIEA)	hanyang-international-excellence-awards-hiea-kr	Hanyang University	https://www.hanyang.ac.kr/web/eng/scholarships	www.hanyang.ac.kr	200	Scholarships - Hanyang University - 한양대학교	title match 1/4
WARN	Communication Engineering — Huaiyin Institute of Technology (Bachelor's)	communication-engineering-huaiyin-institute-of-technology-bachelor-s	Huaiyin Institute of Technology	https://www.hau.edu.cn/	www.hau.edu.cn	200	淮安大学	title match 0/6
FAIL	REU at the MIT Haystack Observatory	reu-at-the-mit-haystack-observatory	Massachusetts Institute of Technology (MIT)	https://www.haystack.mit.edu/edu/reu/	www.haystack.mit.edu	404		HTTP 404
FAIL	100+ MBA Scholarships for International Students	100-mba-scholarships-for-international-students-s4d	Not specified	http://www.hbs.edu/mba/financial-aid/international-students/Pages/default.aspx	www.hbs.edu	404		HTTP 404
WARN	Heinz College-Congressional Hunger Center (CHC) Food Security Fellowship Scholarship 2025	heinz-college-congressional-hunger-center-chc-food-security-fellowship-scholarship-2025	Carnegie Mellon University (CMU), United states	https://www.heinz.cmu.edu/admissions/strategic-partner-scholarship-program	www.heinz.cmu.edu	200	Strategic Partner Scholarship Program | Heinz College of Information Systems and Public Policy	title match 3/8
WARN	Herder Institute for Historical Research on East-Central Europe: Herder Fellowship	herder-institute-for-historical-research-on-east-central-europe-herder-fellowship-daad	Herder Institute for Historical Research on East-Central Europe	https://www.herder-institut.de/herder-fellowships/	www.herder-institut.de	200	Herder-Fellowships | Herder-Institut	title match 3/8
FAIL	Interdisciplinary Research Training in Rehabilitation Engineering	interdisciplinary-research-training-in-rehabilitation-engineering	University of Pittsburgh	http://www.herl.pitt.edu/education/graduate/igert	www.herl.pitt.edu	404		HTTP 404
WARN	Experiential Learning for Veterans in Assistive Technology and Engineering (ELeVATE)	experiential-learning-for-veterans-in-assistive-technology-and-engineering-elevate	University of Pittsburgh	https://www.herl.pitt.edu/REx/ELeVATE	www.herl.pitt.edu	200	ELeVATE | Human Engineering Research Laboratories	title match 2/7
FAIL	Data for Good Scholarship at Hertie School 2026	data-for-good-scholarship-at-hertie-school-2026	Hertie School	https://www.hertie-school.org/en/study/data-for-good-scholarship	www.hertie-school.org	403		HTTP 403
FAIL	Hertie School International Security Policy Scholarship 2026	hertie-school-international-security-policy-scholarship-2026	Hertie School	https://www.hertie-school.org/en/study/scholarships/special-focus-scholarships/isp-scholarship	www.hertie-school.org	403		HTTP 403
FAIL	Denis and Pamela Filer Scholarship at University of Hertfordshire 2026	denis-and-pamela-filer-scholarship-at-university-of-hertfordshire-2026	University of Hertfordshire	https://www.herts.ac.uk/study/fees-and-funding/financial-support/scholarships-grants-bursaries	www.herts.ac.uk	403		HTTP 403
FAIL	Professor Peter Lines Scholarship at UH 2026	professor-peter-lines-scholarship-at-uh-2026	University of Hertfordshire	https://www.herts.ac.uk/study/fees-and-funding/financial-support/scholarships-grants-bursaries	www.herts.ac.uk	403		HTTP 403
FAIL	Sir Gerard Newman Scholarship at University of Hertfordshire 2026	sir-gerard-newman-scholarship-at-university-of-hertfordshire-2026	University of Hertfordshire	https://www.herts.ac.uk/study/fees-and-funding/financial-support/scholarships-grants-bursaries	www.herts.ac.uk	403		HTTP 403
WARN	The Graduate Fellowship Award	the-graduate-fellowship-award	Hertz Foundation	https://www.hertzfoundation.org/the-fellowship/	www.hertzfoundation.org	200	Hertz Fellowship - Hertz Foundation	title match 1/3
FAIL	Harry Frank Guggenheim Foundation Dissertation Fellowships	harry-frank-guggenheim-foundation-dissertation-fellowships-s4d	Harry Frank Guggenheim Foundation	https://www.hfg.org/df/guidelines.htm	www.hfg.org	404		HTTP 404
WARN	Stockholm School of Economics scholarships	stockholm-school-of-economics-scholarships-se	Stockholm School of Economics	https://www.hhs.se/en/education/study-at-sse/tuition-and-fees/	www.hhs.se	200	Tuition fees - Handelsh&#xF6;gskolan	title match 0/4
FAIL	International Scholarships at High Point University 2026	international-scholarships-at-high-point-university-2026	High Point University	https://www.highpoint.edu/admissions/scholarships-and-grants/#:~:text=International%20students%20with%20a%203.0,be%20considered%20for%20higher%20awards.	www.highpoint.edu	403		HTTP 403
FAIL	University of Skövde scholarships	university-of-sk-vde-scholarships-se	University of Skövde	https://www.his.se/en/education/admission/scholarships/	www.his.se			TypeError: fetch failed
WARN	Harbin Institute Of Technology Freshman Scholarship 2025	harbin-institute-of-technology-freshman-scholarship-2025	China Scholarship Council (CSC)	https://www.hit.edu.cn/	www.hit.edu.cn	200	哈尔滨工业大学	title match 0/5
WARN	Luce Scholars Program 2026	luce-scholars-program-2026	Henry Luce Foundation	https://www.hluce.org/programs/luce-scholars/application-guidelines/	www.hluce.org	200	Selection - Henry Luce	title match 0/2
WARN	Hope Inspiring Excellence Scholarship at Liverpool Hope University 2025	hope-inspiring-excellence-scholarship-at-liverpool-hope-university-2025	Liverpool Hope University	https://www.hope.ac.uk/international/feesandscholarships/scholarships/	www.hope.ac.uk	200	Scholarships	title match 1/5
WARN	Liverpool Hope University GEMS Scholarship 2026	liverpool-hope-university-gems-scholarship-2026	Liverpool Hope University	https://www.hope.ac.uk/international/feesandscholarships/scholarships/gemsscholarship/	www.hope.ac.uk	200	GEMS Scholarship	title match 1/3
FAIL	Johns Hopkins Post-baccalaureate Research Education Program (PREP)	johns-hopkins-post-baccalaureate-research-education-program-prep	Johns Hopkins University	https://www.hopkinsmedicine.org/som/pathway/post-baccalaureate-research-education-program	www.hopkinsmedicine.org	403		HTTP 403
WARN	HULT Masters Tuition Fee Scholarship for Indian students 2026	hult-masters-tuition-fee-scholarship-for-indian-students-2026	Hult International Business School, Boston	https://www.hult.edu/lp/partner/wemakescholars/	www.hult.edu	200	Hult International Business School x WeMakeScholars	title match 0/5
WARN	Alexander von Humboldt Foundation: Hezekiah Wardwell Fellowship	alexander-von-humboldt-foundation-hezekiah-wardwell-fellowship-daad	Alexander von Humboldt Foundation	https://www.humboldt-foundation.de/bewerben/foerderprogramme/hezekiah-wardwell-stipendium	www.humboldt-foundation.de	200	Hezekiah Wardwell-Stipendium	title match 2/6
WARN	Alexander von Humboldt Foundation: International Climate Protection Fellowship	alexander-von-humboldt-foundation-international-climate-protection-fellowship-daad	Alexander von Humboldt Foundation	https://www.humboldt-foundation.de/bewerben/foerderprogramme/internationales-klimaschutzstipendium	www.humboldt-foundation.de	200	Internationales Klimaschutzstipendium	title match 1/7
WARN	Harold Alfond Technology Grant at Husson University 2026	harold-alfond-technology-grant-at-husson-university-2026	Husson University	https://www.husson.edu/financial-aid/scholarships/	www.husson.edu	200	Scholarships	title match 0/6
WARN	On Campus Residential Scholarship at Husson University 2026	on-campus-residential-scholarship-at-husson-university-2026	Husson University	https://www.husson.edu/financial-aid/scholarships/	www.husson.edu	200	Scholarships	title match 1/5
WARN	Foundation Excellence Award at Heriot-Watt University Malaysia 2026	foundation-excellence-award-at-heriot-watt-university-malaysia-2026	Heriot-Watt University, Malaysia	https://www.hw.ac.uk/malaysia/study/scholarships/heriot-watt-scholarships.htm	www.hw.ac.uk	200	Heriot-Watt University Scholarships | Heriot-Watt University	title match 2/6
WARN	Postgraduate Bursary at Heriot-Watt University Malaysia 2026	postgraduate-bursary-at-heriot-watt-university-malaysia-2026	Heriot-Watt University, Malaysia	https://www.hw.ac.uk/malaysia/study/scholarships/discounts-and-bursaries.htm	www.hw.ac.uk	200	Discounts and Bursaries | Heriot-Watt University	title match 2/5
WARN	The ICHM Award - Entry Scholarships 2026	the-ichm-award-entry-scholarships-2026	International College of Hotel Management (ICHM)	https://www.ichm.edu.au/future-students/fees-and-payment/scholarships	www.ichm.edu.au	200	Scholarships | ICHM	title match 1/3
WARN	Introductory College Level Experience in Microbiology	introductory-college-level-experience-in-microbiology-microbio	University of California, Berkeley	https://www.iclem.org/	www.iclem.org	200		no <title> in page
WARN	Introductory College Level Experience in Microbiology	introductory-college-level-experience-in-microbiology	Joint BioEnergy Institute (JBEI)	https://www.iclem.org/	www.iclem.org	200		no <title> in page
WARN	Academic Distinction Scholarship at ICM in Canada 2026	academic-distinction-scholarship-at-icm-in-canada-2026	University of Manitoba (UM), Canada	https://www.icmanitoba.ca/scholarships	www.icmanitoba.ca	200	Scholarships - International College of Manitoba	title match 1/4
FAIL	ICPSR Data Communication Scholarship at University of Michigan 2026	icpsr-data-communication-scholarship-at-university-of-michigan-2026	University of Michigan Ann Arbor	https://www.icpsr.umich.edu/sites/icpsr/about/news-events/love-data-week/prize	www.icpsr.umich.edu	403		HTTP 403
WARN	Industrial Development Corporation Bursaries 2026	industrial-development-corporation-bursaries-2026	Industrial Development Corporation	https://www.idc.co.za/bursaries/	www.idc.co.za	200	A Bursaries Programme for Selected Learners | IDC	title match 1/4
FAIL	Leibniz Institute of European History Mainz: Fellowships for Doctoral Students	leibniz-institute-of-european-history-mainz-fellowships-for-doctoral-students-daad	Leibniz Institute of European History Mainz	https://www.ieg-mainz.de/foerderung/doktorandenstipendien	www.ieg-mainz.de	404		HTTP 404
FAIL	Indo-German Science and Technology Centre (IGSTC): Women Involvement in Science and Engineering Research (WISER)	indo-german-science-and-technology-centre-igstc-women-involvement-in-science-and-engineeri-daad	Indo-German Science and Technology Centre (IGSTC)	https://www.igstc.org/home/wiser_current_call	www.igstc.org			TypeError: fetch failed
FAIL	Indo-German Science and Technology Centre (IGSTC): Paired Early Career Fellowship in Applied Research (PECFAR)	indo-german-science-and-technology-centre-igstc-paired-early-career-fellowship-in-applied--daad	Indo-German Science and Technology Centre (IGSTC)	https://www.igstc.org/home/pecfar_current_call	www.igstc.org			TypeError: fetch failed
WARN	Institute of Management Technology (IMT) Scholarships 2025	institute-of-management-technology-imt-scholarships-2025	Institute of management & Technology (IMT), Ghaziabad	https://www.imt.edu/admissions/scholarships/	www.imt.edu	200	Admissions for PGDM,PGDM DCP and PGDM BFS accepting CAT,XAT,GMAT,CMAT Scores	title match 0/4
FAIL	Japanese Government (MEXT) Scholarships 2026	japanese-government-mext-scholarships-2026	Government of Japan	http://www.in.emb-japan.go.jp/Education/Japanese_Studies_Student.html	www.in.emb-japan.go.jp	403		HTTP 403
WARN	EIT Innoenergy Masters Scholarship for Indians 2026	eit-innoenergy-masters-scholarship-for-indians-2026	EIT InnoEnergy	https://www.innoenergy.com/for-students/master-school/application-process/	www.innoenergy.com	200	Application Dates	title match 0/4
WARN	INPEX Scholarships For Australian Students 2027	inpex-scholarships-for-australian-students-2027	INPEX Scholarship Foundation	https://www.inpex-s.com/en/	www.inpex-s.com	200	INPEX SCHOLARSHIP FOUNDATION	title match 1/4
WARN	INPEX Scholarships For Indonesian Students 2027	inpex-scholarships-for-indonesian-students-2027	INPEX Scholarship Foundation	http://www.inpex-s.com/announce-of-scholarship/	www.inpex-s.com	200	INPEX SCHOLARSHIP FOUNDATION	title match 1/4
FAIL	INSEAD Syngenta Endowed Scholarship(s) for Emerging Country Leadership 2026	insead-syngenta-endowed-scholarship-s-for-emerging-country-leadership-2026	INSEAD, France	https://www.insead.edu/master-programmes/mba/insead-scholarships/insead-syngenta-endowed-scholarships-emerging-country?_ref=finder#field_application_deadline	www.insead.edu	403		HTTP 403
WARN	Scholarships in Germany for International Students	scholarships-in-germany-for-international-students-s4d	Not specified	https://www.internationale-studierende.de/en/prepare-your-studies/financing	www.internationale-studierende.de	200	DSW Internationale Studierende: Financing	title match 1/4
WARN	Undergraduate Research Internships in Seismology (URISE)	undergraduate-research-internships-in-seismology-urise	EarthScope Consortium	https://www.iris.edu/hq/internship/about	www.iris.edu	200	Student Internships | EarthScope Consortium	title match 1/5
WARN	ISBs Develop India Scholarship 2026	isbs-develop-india-scholarship-2026	Indian School of Business (ISB),Hyderabad	https://www.isb.edu/en/study-isb/post-graduate-programmes/pgp-management/fee-and-scholarships.html#scholarships	www.isb.edu	200	ISB PGP Fees &amp; Scholarships | Invest in Your Future	title match 1/3
WARN	ISB Need-cum-Merit Waiver 2026	isb-need-cum-merit-waiver-2026	Indian School of Business (ISB),Hyderabad	https://www.isb.edu/programmes/post-graduate-programmes/pgp-in-management/fees-and-scholarships#scholarships	www.isb.edu	200	ISB PGP Fees &amp; Scholarships | Invest in Your Future	title match 0/2
FAIL	IDB Scholarships for Muslim Communities in Non-Member Countries	idb-scholarships-for-muslim-communities-in-non-member-countries-s4d	Islamic Development Bank	http://www.isdb.org/irj/portal/anonymous?NavigationTarget=navurl://2e7def656656ac9aede982bd2995a417&	www.isdb.org	404		HTTP 404
WARN	Epidemiology and Health Statistics — Shandong University (Master's)	epidemiology-and-health-statistics-shandong-university-master-s	Shandong University	https://www.istudy.sdu.edu.cn/English/Scholarships/Shandong_University_Scholarship_for_International_.htm	www.istudy.sdu.edu.cn	200	Shandong University Scholarship for International Students-山东大学留学山大	title match 2/6
WARN	Foreign Linguistics and Applied Linguistics — Shandong University (Master's)	foreign-linguistics-and-applied-linguistics-shandong-university-master-s	Shandong University	https://www.istudy.sdu.edu.cn/English/Scholarships/Shandong_University_Scholarship_for_International_.htm	www.istudy.sdu.edu.cn	200	Shandong University Scholarship for International Students-山东大学留学山大	title match 2/7
WARN	Physical Chemistry — Shandong University (Master's)	physical-chemistry-shandong-university-master-s	Shandong University	https://www.istudy.sdu.edu.cn/English/Scholarships/Shandong_University_Scholarship_for_International_.htm	www.istudy.sdu.edu.cn	200	Shandong University Scholarship for International Students-山东大学留学山大	title match 2/5
WARN	IU Scholarship for special people with special goals 2026	iu-scholarship-for-special-people-with-special-goals-2026	IU International University of Applied Sciences	https://www.iu.de/en/financial/scholarships/	www.iu.de	200	Scholarships at IU | Reduce Your Tuition Fees	title match 1/5
WARN	Illinois Wesleyan University International Students Scholarships	illinois-wesleyan-university-international-students-scholarships-s4d	Illinois Wesleyan University	https://www.iwu.edu/international/scholarships.html	www.iwu.edu	200	International Scholarships &amp; Financial Aid	title match 2/6
WARN	Japanese Government Scholarships for International Undergraduate Students	japanese-government-scholarships-for-international-undergraduate-students-s4d	Japanese Government	https://www.jasso.go.jp/en/study_j/scholarships/__icsFiles/afieldfile/2019/04/17/scholarships_2019_e.pdf	www.jasso.go.jp	200	独立行政法人日本学生支援機構 | JASSO	title match 0/6
FAIL	JCU Singapore Postgraduate Research Scholarship 2026	jcu-singapore-postgraduate-research-scholarship-2026	James Cook University (JCU), Cairns	https://www.jcu.edu.au/graduate-research-school/hdr-candidates/postgraduate-research-scholarships/hdr-scholarships-for-international-candidates	www.jcu.edu.au	403		HTTP 403
FAIL	Postgraduate Research Scholarship at James Cook University 2026	postgraduate-research-scholarship-at-james-cook-university-2026	James Cook University (JCU), Cairns	https://www.jcu.edu.au/graduate-research-school/hdr-candidates/postgraduate-research-scholarships/hdr-scholarships-for-international-candidates	www.jcu.edu.au	403		HTTP 403
WARN	Eakins Award at Thomas Jefferson University 2026	eakins-award-at-thomas-jefferson-university-2026	Thomas Jefferson University	https://www.jefferson.edu/academics/colleges-schools-institutes/population-health/student-resources/scholarships.html	www.jefferson.edu	200	Scholarship &amp; Funding Opportunities	title match 0/5
WARN	EDM/MPH Scholarship at Thomas Jefferson University 2026	edm-mph-scholarship-at-thomas-jefferson-university-2026	Thomas Jefferson University	https://www.jefferson.edu/academics/colleges-schools-institutes/population-health/student-resources/scholarships.html#	www.jefferson.edu	200	Scholarship &amp; Funding Opportunities	title match 1/4
FAIL	Software Engineering — Jilin Normal University (Bachelor's)	software-engineering-jilin-normal-university-bachelor-s	Jilin Normal University	https://www.jlnu.edu.cn/	www.jlnu.edu.cn			TypeError: fetch failed
FAIL	International Economics & Trade — Jilin Normal University (Bachelor's)	international-economics-trade-jilin-normal-university-bachelor-s	Jilin Normal University	https://www.jlnu.edu.cn/	www.jlnu.edu.cn			TypeError: fetch failed
WARN	Jawaharlal Nehru Scholarships for Doctoral Studies 2026	jawaharlal-nehru-scholarships-for-doctoral-studies-2026	Jawaharlal Nehru Memorial Fund	http://www.jnmf.in/saform.html	www.jnmf.in	200	Jawaharlal Nehru Memorial Fund	title match 2/5
WARN	Finance (FIN) — Jinan University (Bachelor's)	finance-fin-jinan-university-bachelor-s	Jinan University	https://www.jnu.edu.cn/main.htm	www.jnu.edu.cn	200	暨南大学-华侨最高学府-国家“双一流”建设高校	title match 0/4
WARN	Pharmacy (PHA) — Jinan University (Bachelor's)	pharmacy-pha-jinan-university-bachelor-s	Jinan University	https://www.jnu.edu.cn/main.htm	www.jnu.edu.cn	200	暨南大学-华侨最高学府-国家“双一流”建设高校	title match 0/4
WARN	The Swedish Foundation for International Cooperation in Research and Higher Education (STINT) with the Japan Society for the Promotion of Science (JSPS)	the-swedish-foundation-for-international-cooperation-in-research-and-higher-education-stin-se	The Swedish Foundation for International Cooperation in Research and Higher Education (STINT) with the Japan Society for the Promotion of Science (JSP	https://www.jsps.go.jp/english/e-bilat/index.html	www.jsps.go.jp	200	Bilateral Programs	title match 0/12
FAIL	Scholarships at Albrecht Mendelssohn Bartholdy Graduate School of Law at University of Hamburg 2026	scholarships-at-albrecht-mendelssohn-bartholdy-graduate-school-of-law-at-university-of-hamburg-2026	University of Hamburg	https://www.jura.uni-hamburg.de/en/forschung/ambsl/programm/stipendien.html	www.jura.uni-hamburg.de	404		HTTP 404
FAIL	Jiangsu University Of Science And Technology University Scholarship 2025	jiangsu-university-of-science-and-technology-university-scholarship-2025	China Scholarship Council (CSC)	http://www.just.edu.cn/english/list/15.html	www.just.edu.cn	404		HTTP 404
WARN	Catholic Academic Exchange Service (KAAD): Scholarship Programme 1	catholic-academic-exchange-service-kaad-scholarship-programme-1-daad	Catholic Academic Exchange Service (KAAD)	https://www.kaad.de/stipendien/stipendienprogramm-1	www.kaad.de	200	KAAD: Stipendienprogramm 1	title match 0/6
WARN	Catholic Academic Exchange Service (KAAD): Eastern Europe Programme	catholic-academic-exchange-service-kaad-eastern-europe-programme-daad	Catholic Academic Exchange Service (KAAD)	https://www.kaad.de/stipendien/osteuropaprogramm/	www.kaad.de	200	KAAD: Mittel-, Südost- und Osteuropa-Programm	title match 0/7
FAIL	Konrad-Adenauer-Stiftung (KAS): Scholarship Programme for International Students	konrad-adenauer-stiftung-kas-scholarship-programme-for-international-students-daad	Konrad-Adenauer-Stiftung (KAS)	https://www.kas.de/de/web/begabtenfoerderung-und-kultur/internationale-nachwuchsfoerderung	www.kas.de	403		HTTP 403
FAIL	Konrad-Adenauer-Stiftung Scholarships in Germany for International Students	konrad-adenauer-stiftung-scholarships-in-germany-for-international-students-s4d	Konrad -Adenauer-Stiftung	https://www.kas.de/en/web/begabtenfoerderung-und-kultur/foreign-students	www.kas.de	403		HTTP 403
WARN	KBS REU Site- Understanding biological responses to global change in a field station community	kbs-reu-site-understanding-biological-responses-to-global-change-in-a-field-station-community-eecology	Michigan State University	http://www.kbs.msu.edu/index.php/education/ugrad/reu	www.kbs.msu.edu	200		no <title> in page
WARN	KBS REU Site- Understanding biological responses to global change in a field station community	kbs-reu-site-understanding-biological-responses-to-global-change-in-a-field-station-community	Grand Valley State University	http://www.kbs.msu.edu/index.php/education/ugrad/reu	www.kbs.msu.edu	200		no <title> in page
FAIL	Swangsri Sivakriskul Jehendar Scholarship Program at Kathmandu College of Management 2026	swangsri-sivakriskul-jehendar-scholarship-program-at-kathmandu-college-of-management-2026	Kathmandu College of Management	https://www.kcm.edu.np/scholarships-and-aid	www.kcm.edu.np	404		HTTP 404
WARN	Keidanren Ishizaka Memorial Foundation	keidanren-ishizaka-memorial-foundation-se	Keidanren Ishizaka Memorial Foundation	http://www.keidanren.or.jp/japanese/profile/ishizaka/	www.keidanren.or.jp	200	$B8x1W:bCDK!?M(B $B7PCDO"9q:]650i8rN.:bCD(B	title match 0/4
WARN	Maternal Child Health-Leadership Education, Advocacy & Research Network (MCH-LEARN)	maternal-child-health-leadership-education-advocacy-research-network-mch-learn	Johns Hopkins University	https://www.kennedykrieger.org/search?keywords=Maternal+Child+Health-Leadership+Education%2C+Advocacy+%26+Research+Network+%28MCH-LEARN%29	www.kennedykrieger.org	200	Search Results | Kennedy Krieger Institute	title match 0/9
FAIL	Kent Scholarship for Academic Excellence 2025	kent-scholarship-for-academic-excellence-2025	University of Kent, Canterbury	https://www.kent.ac.uk/scholarships/search/FNADACEXIN01	www.kent.ac.uk	404		HTTP 404
WARN	Research Experience for Undergraduates (NSF-REU): Liquid Crystals and Advanced Materials	research-experience-for-undergraduates-nsf-reu-liquid-crystals-and-advanced-materials	Kent State University	https://www.kent.edu/chemistry/undergraduate-summer-research-experience-reu	www.kent.edu	200	Undergraduate Summer Research Experience (REU) | Chemistry &amp; Biochemistry	title match 2/7
WARN	Kenya Education Fund (KEF) Scholarships 2027	kenya-education-fund-kef-scholarships-2027	Kenya Education Fund (KEF), Kenya	https://www.kenyaeducationfund.org/how-to-apply	www.kenyaeducationfund.org	200	How To Apply &mdash; KEF	title match 0/3
WARN	Admissions D Scholarships for International Students at Kyung Hee University 2026	admissions-d-scholarships-for-international-students-at-kyung-hee-university-2026	Kyung Hee University	https://www.khu.ac.kr/eng/user/contents/view.do?menuNo=300152	www.khu.ac.kr	200	경희대학교	title match 0/6
WARN	Admission Scholarship A at Kyung Hee University 2026	admission-scholarship-a-at-kyung-hee-university-2026	Kyung Hee University	https://www.khu.ac.kr/eng/user/contents/view.do?menuNo=300152	www.khu.ac.kr	200	경희대학교	title match 0/4
FAIL	Cultural Scholarship at King’s College 2027	cultural-scholarship-at-king-s-college-2027	University of Queensland (UQ)	https://www.kings.uq.edu.au/scholarships-bursaries/#1530764376307-8bd1a82a-a7f2	www.kings.uq.edu.au			TypeError: fetch failed
FAIL	Alumni discount at Kingston University London 2026	alumni-discount-at-kingston-university-london-2026	Kingston University	https://www.kingston.ac.uk/international/funding-and-fees/scholarships/loyalty-bursaries/	www.kingston.ac.uk	403		HTTP 403
FAIL	Kingston University Postgraduate Progression Scholarship 2026	kingston-university-postgraduate-progression-scholarship-2026	Kingston University	https://www.kingston.ac.uk/postgraduate/fees-and-funding/funding-your-course/scholarships/postgraduate-progression-scholarship/	www.kingston.ac.uk	403		HTTP 403
WARN	Klassik Stiftung Weimar Fellowships	klassik-stiftung-weimar-fellowships-daad	DAAD	https://www.klassik-stiftung.de/forschung/forschungsaktivitaeten/fellowships/	www.klassik-stiftung.de	200	Fellowships - Forschungsaktivitäten, Sammlungen und Bestände	title match 1/4
WARN	Standing Conference of the Ministers of Education and Cultural Affairs: Foreign Language Assistants from Abroad Teaching at German Schools	standing-conference-of-the-ministers-of-education-and-cultural-affairs-foreign-language-as-daad	Standing Conference of the Ministers of Education and Cultural Affairs	https://www.kmk-pad.org/programme/fremdsprachenassistenzkraefte.html	www.kmk-pad.org	200	Fremdsprachenassistenz: PAD	title match 0/13
WARN	KUT PhD Scholarships in Engineering for International Students	kut-phd-scholarships-in-engineering-for-international-students-s4d	Kochi Univ. of Technology	http://www.kochi-tech.ac.jp/kut_E/graduate/admission.html	www.kochi-tech.ac.jp	200	Graduate School - Kochi University of Technology	title match 0/4
WARN	Department of Energy Computational Science Graduate Fellowship (DOE CSGF)	department-of-energy-computational-science-graduate-fellowship-doe-csgf	Krell Institute	http://www.krellinst.org/csgf/how-apply	www.krellinst.org	200	How to Apply | DOE CSGF	title match 0/6
WARN	Department of Energy Computational Science Graduate Fellowship (DOE CSGF)	department-of-energy-computational-science-graduate-fellowship-doe-csgf-pdoecsgf	U.S. Department of Energy (DOE)	http://www.krellinst.org/csgf/how-apply	www.krellinst.org	200	How to Apply | DOE CSGF	title match 0/6
WARN	KTH Royal Institute of Technology scholarships	kth-royal-institute-of-technology-scholarships-se	KTH Royal Institute of Technology	https://www.kth.se/en/student/stod/studier/stipendier/sok-stipendium/hur-du-soker-stipendium-1.1011018	www.kth.se	200	How to apply for a scholarship |  Student	title match 0/4
FAIL	MEDPATH Post-Baccalaureate Program	medpath-post-baccalaureate-program	University of Kansas	https://www.kumc.edu/school-of-medicine/office-of-diversity-and-inclusion/student-programs/medpath-post-baccalaureate-program.html	www.kumc.edu			TypeError: fetch failed
FAIL	Liddle Scholarship for current International Students at Laidlaw College 2026	liddle-scholarship-for-current-international-students-at-laidlaw-college-2026	Laidlaw College	https://www.laidlaw.ac.nz/scholarships#international	www.laidlaw.ac.nz	403		HTTP 403
FAIL	Māori Student Bursary at Laidlaw College 2026	m-ori-student-bursary-at-laidlaw-college-2026	Laidlaw College	https://www.laidlaw.ac.nz/scholarships#international:~:text=Master%20of%20Theology%20Matt%20Alexander%20Postgraduate%20Scholarship%20(M%C4%81ori)	www.laidlaw.ac.nz	403		HTTP 403
WARN	Ministry of Science, Research and the Arts Baden-W&uuml;rttemberg: Mathilde Planck Contract Lectureships (MPL)	ministry-of-science-research-and-the-arts-baden-wanduuml-rttemberg-mathilde-planck-contrac-daad	Ministry of Science, Research and the Arts Baden-W&uuml;rttemberg	https://www.lakof-bw.de/fuer-hochschulen/foerderprogramme-fuer-akademikerinnen/mathilde-planck-lehrauftragsprogramm/	www.lakof-bw.de	200	Mathilde-Planck-Lehrauftragsprogramm	title match 2/9
FAIL	High School Internship Program	high-school-internship-program	Los Alamos National Laboratory	http://www.lanl.gov/careers/career-options/student-internships/high-school/index.php	www.lanl.gov	404		HTTP 404
FAIL	Computational Physics Student Summer Workshop	computational-physics-student-summer-workshop	Los Alamos National Laboratory	https://www.lanl.gov/engage/organizations/xcp/computational-physics-student-summer-workshop	www.lanl.gov	404		HTTP 404
FAIL	Early Bird Acceptance Grant - International Students at La Trobe University 2026	early-bird-acceptance-grant-international-students-at-la-trobe-university-2026	La Trobe University, Melbourne	https://www.latrobe.edu.au/study/scholarships/other/early-bird-acceptance-grant-international-students	www.latrobe.edu.au	403		HTTP 403
FAIL	La Trobe High Achiever Scholarship 2026	la-trobe-high-achiever-scholarship-2026	La Trobe University, Melbourne	https://www.latrobe.edu.au/study/scholarships/other/la-trobe-high-achiever-scholarship	www.latrobe.edu.au	403		HTTP 403
WARN	4 New Square Chambers Scholarships at University of Oxford 2026	4-new-square-chambers-scholarships-at-university-of-oxford-2026	University of Oxford	https://www.law.ox.ac.uk/admissions/scholarships-index/law-faculty-awards-study-any-college-index/4-new-square-chambers	www.law.ox.ac.uk	200	4 New Square Chambers Scholarship | Faculty of Law	title match 2/5
FAIL	Postdoctoral Positions at Lamont-Doherty Earth Observatory	postdoctoral-positions-at-lamont-doherty-earth-observatory	Columbia University	https://www.ldeo.columbia.edu/about-ldeo/office-director/postdoctoral-fellowship-earth-environmental-and-ocean-sciences	www.ldeo.columbia.edu	403		HTTP 403
WARN	Leeds Arts University - International Vice-Chancellor’s Scholarship 2026	leeds-arts-university-international-vice-chancellor-s-scholarship-2026	Leeds Arts University (Leeds College of Art)	https://www.leeds-art.ac.uk/apply/postgraduate-fees-and-finance	www.leeds-art.ac.uk	200	Postgraduate fees and finance | Leeds Arts University	title match 2/5
FAIL	The Alan Hawkshaw Foundation Scholarships at Leeds College of Music 2026	the-alan-hawkshaw-foundation-scholarships-at-leeds-college-of-music-2026	Leeds College of Music	https://www.leedsconservatoire.ac.uk/courses/undergraduate-study/fees-funding/scholarships-bursaries/	www.leedsconservatoire.ac.uk			TypeError: fetch failed
FAIL	Audition Travel Costs Bursary For Applicants at Leeds College of Music 2026	audition-travel-costs-bursary-for-applicants-at-leeds-college-of-music-2026	Leeds College of Music	https://www.leedsconservatoire.ac.uk/courses/undergraduate-study/fees-funding/scholarships-bursaries/	www.leedsconservatoire.ac.uk			TypeError: fetch failed
WARN	The Foundation’s Educational Grants Scheme	the-foundation-s-educational-grants-scheme-se	The Foundation’s Educational Grants Scheme	https://www.leventisscholarships.org/index.aspx	www.leventisscholarships.org	200	A.G Leventis Foundation	title match 1/4
FAIL	Undergraduate Research at LIGO	undergraduate-research-at-ligo	California Institute of Technology	http://www.ligo.caltech.edu/LIGO_web/students/SURF/index.shtml	www.ligo.caltech.edu			TypeError: fetch failed
WARN	Google Lime Scholarships	google-lime-scholarships	Google	https://www.limeconnect.com/programs/page/google-lime-scholarship	www.limeconnect.com	200	Lime Connect	title match 0/2
FAIL	Manning Seed Award at Lincoln University 2026	manning-seed-award-at-lincoln-university-2026	Lincoln University, New Zealand	https://www.lincoln.ac.nz/study/scholarships/search-scholarships/manning-seed-award/	www.lincoln.ac.nz	403		HTTP 403
FAIL	William Machin Doctoral Scholarship for Excellence at Lincoln University 2026	william-machin-doctoral-scholarship-for-excellence-at-lincoln-university-2026	Lincoln University, New Zealand	https://www.lincoln.ac.nz/study/scholarships/search-scholarships/william-machin-doctoral-scholarship-for-excellence/	www.lincoln.ac.nz	403		HTTP 403
WARN	University of Ljubljana	 MBA Scholarship for Global Professionals 2026	university-of-ljubljana-mba-scholarship-for-global-professionals-2026	University of Ljubljana	https://www.ljubljana-mba.com/en/scholarships/#:~:text=To%20qualify%20for%20the%20LJUBLJANA,years%20of%20meaningful%20professional%20experience.	www.ljubljana-mba.com	200	Ljubljana MBA scholarships - Ljubljana MBA	title match 2/5
WARN	Academic Merit Scholarship at Lees-McRae College 2026	academic-merit-scholarship-at-lees-mcrae-college-2026	Lees McRae College	https://www.lmc.edu/admissions/financial-aid/types-of-aid.htm	www.lmc.edu	200	Types of Aid | Financial Aid | Lees-McRae College	title match 2/5
FAIL	Global MBA UK/EU Bursary University of London 2026	global-mba-uk-eu-bursary-university-of-london-2026	University of London	https://www.london.ac.uk/study/fees-funding/funding-study/scholarships-bursaries/mba-uk/eu-bursary	www.london.ac.uk	403		HTTP 403
FAIL	LPI Summer Intern Program in Planetary Science	lpi-summer-intern-program-in-planetary-science	Lunar and Planetary Institute	http://www.lpi.usra.edu/lpiintern/	www.lpi.usra.edu	403		HTTP 403
FAIL	LPI Summer Intern Program in Planetary Science	lpi-summer-intern-program-in-planetary-science-tscience	Universities Space Research Association (USRA)	http://www.lpi.usra.edu/lpiintern/	www.lpi.usra.edu	403		HTTP 403
FAIL	Intramural Loan Repayment Programs	intramural-loan-repayment-programs	National Institutes of Health (NIH)	https://www.lrp.nih.gov/	www.lrp.nih.gov	403		HTTP 403
WARN	Laboratory for Research on the Structure of Matter (LRSM) Summer Research Program	laboratory-for-research-on-the-structure-of-matter-lrsm-summer-research-program	University of Pennsylvania	http://www.lrsm.upenn.edu/outreach/reu/	www.lrsm.upenn.edu	200	NSF Research Experience for Undergraduates (REU) - LRSM	title match 2/7
FAIL	London South Bank University (LSBU) Loyalty Award 2026	london-south-bank-university-lsbu-loyalty-award-2026	London South Bank University (LSBU)	https://www.lsbu.ac.uk/study/postgraduate/fees-and-funding/scholarships/loyalty-award	www.lsbu.ac.uk	403		HTTP 403
FAIL	London South Bank University Sports Scholarships 2026	london-south-bank-university-sports-scholarships-2026	London South Bank University (LSBU)	https://www.lsbu.ac.uk/study/undergraduate/fees-and-funding/scholarships	www.lsbu.ac.uk	403		HTTP 403
FAIL	Smart Polymer Research Experience for Undergraduates	smart-polymer-research-experience-for-undergraduates	Louisiana State University	https://www.lsu.edu/osi/programs/smart-reu/index.php	www.lsu.edu	404		HTTP 404
WARN	Luleå University of Technology scholarships	lule-university-of-technology-scholarships-se	Luleå University of Technology	https://www.ltu.se/en/education/programme/tmeea-master-programme-in-electrification/scholarships	www.ltu.se	200	Scholarships

		 | Luleå tekniska universitet	title match 1/3
WARN	Deans Fall Entrance Scholarship at MacEwan University 2027	deans-fall-entrance-scholarship-at-macewan-university-2027	MacEwan University, Canada	https://www.macewan.ca/apply-enrol/fees-finances/scholarships-awards-bursaries/search/details/?sabid=SAB_923000001014	www.macewan.ca	200	Details - MacEwan University	title match 2/5
WARN	Provosts Fall Entrance Scholarship at MacEwan University 2027	provosts-fall-entrance-scholarship-at-macewan-university-2027	MacEwan University, Canada	https://www.macewan.ca/apply-enrol/fees-finances/scholarships-awards-bursaries/search/details/?sabid=SAB_923000001010	www.macewan.ca	200	Details - MacEwan University	title match 2/5
WARN	Astronomy Research Opportunities for Undergraduate Students at the Maria Mitchell Observatory	astronomy-research-opportunities-for-undergraduate-students-at-the-maria-mitchell-observatory	Maria Mitchell Association	https://www.mariamitchell.org/nsf-reu-internship-in-astronomy	www.mariamitchell.org	200	NSF-REU Internship in Astronomy | Maria Mitchell Association	title match 3/8
WARN	MATE: At-Sea Opportunities for College Students	mate-at-sea-opportunities-for-college-students	Monterey Peninsula College	https://www.marinetech.org/internships/	www.marinetech.org	200	UNOLS-MATE Marine Technical Internship Program | UNOLS	title match 0/3
WARN	MATE: At-Sea Opportunities for College Students	mate-at-sea-opportunities-for-college-students-sulamate	National Science Foundation (NSF)	https://www.marinetech.org/internships/	www.marinetech.org	200	UNOLS-MATE Marine Technical Internship Program | UNOLS	title match 0/3
WARN	Marshal Papworth Scholarships in Agriculture for Developing Countries	marshal-papworth-scholarships-in-agriculture-for-developing-countries-s4d	Marshal Papworth	http://www.marshalpapworth.com/our-scholarships/scholarship-details/	www.marshalpapworth.com	200	Agriculture Scholarships | Learn New Skills | Apply Now	title match 2/6
WARN	Canada/USA Mathcamp - Graduate Student Mentors	canada-usa-mathcamp-graduate-student-mentors	Lewis and Clark Community College	https://www.mathcamp.org/jobs/grad_students/	www.mathcamp.org	200	Mathcamp: 
Grad Students	title match 2/5
FAIL	Entrance Scholarship at Maynooth University 2026	entrance-scholarship-at-maynooth-university-2026	Maynooth University National University of Ireland, Maynooth (NUIM)	https://www.maynoothuniversity.ie/study-maynooth/undergraduate-studies/scholarships	www.maynoothuniversity.ie	403		HTTP 403
FAIL	W.A. Barrett Scholarship in Engineering at Maynooth University 2026	w-a-barrett-scholarship-in-engineering-at-maynooth-university-2026	Maynooth University National University of Ireland, Maynooth (NUIM)	https://www.maynoothuniversity.ie/study-maynooth/undergraduate-studies/scholarships	www.maynoothuniversity.ie	403		HTTP 403
WARN	HEC-Eiffel Scholarships in MBA for Developing Countries	hec-eiffel-scholarships-in-mba-for-developing-countries-s4d	EGIDE/HEC	http://www.mba.hec.edu/Fees-Funding/Scholarships/EIFFEL-for-candidates-working-in-emerging-countries	www.mba.hec.edu	200	Fees &amp; Funding | HEC Paris	title match 0/4
FAIL	Jebsen Educational Foundation Scholarships at HKUST 2026	jebsen-educational-foundation-scholarships-at-hkust-2026	HKUST Business School (The Hong Kong University Of Science And Technology)	http://www.mba.ust.hk/ftmba/admissions/scholarship-and-financial-aid	www.mba.ust.hk			TypeError: fetch failed
WARN	University of Pittsburgh and Carnegie Melon University Molecular Biophysics & Structural Biology graduate program	university-of-pittsburgh-and-carnegie-melon-university-molecular-biophysics-structural-biology-graduate-program	Carnegie Mellon University	https://www.mbsb.pitt.edu/about	www.mbsb.pitt.edu	200	Program Information | Molecular Biophysics &amp; Structural Biology	title match 5/11
WARN	University of Pittsburgh and Carnegie Melon University Molecular Biophysics & Structural Biology graduate program	university-of-pittsburgh-and-carnegie-melon-university-molecular-biophysics-structural-biology-graduate-program-rbiophys	University of Pittsburgh	https://www.mbsb.pitt.edu/about	www.mbsb.pitt.edu	200	Program Information | Molecular Biophysics &amp; Structural Biology	title match 5/11
WARN	ASPIRE NIH-Funded Summer Cardiovascular Research Fellowship in Milwaukee for Undergraduates	aspire-nih-funded-summer-cardiovascular-research-fellowship-in-milwaukee-for-undergraduates	Medical College of Wisconsin	https://www.mcw.edu/departments/cardiovascular-center-heart/education/advancing-student-potential-for-inclusion-with-research-experiences-aspire	www.mcw.edu	200	MCW Advancing Student Potential for Inclusion with Research Experiences (ASPIRE) Program | Cardiovascular Research Center | Medical College of Wisconsin	title match 3/8
WARN	UPWARDS Graduate Academic Year Research Training Program	upwards-graduate-academic-year-research-training-program	University of Texas MD Anderson Cancer Center	https://www.mdanderson.org/education-training/research-training/early-career-pathway-programs/summer-research-programs/programs/upwards-summer-program.html	www.mdanderson.org	200	Summer Experience | UPWARDS Summer Program | UT MD Anderson	title match 2/6
WARN	The Professor Brenda Barrett Law Bursary at Middlesex University 2026	the-professor-brenda-barrett-law-bursary-at-middlesex-university-2026	Middlesex University London	https://www.mdx.ac.uk/study/fees-and-funding/scholarships-and-bursaries/	www.mdx.ac.uk	200	Scholarships and Bursaries | Middlesex University	title match 2/6
WARN	Post-Baccalaureate Research Education Program (PennPREP)	post-baccalaureate-research-education-program-pennprep	University of Pennsylvania	https://www.med.upenn.edu/idealresearch/prep/	www.med.upenn.edu	200	Welcome to Research Trainee Affairs |  Research Trainee Affairs | Perelman School of Medicine at the University of Pennsylvania	title match 1/5
WARN	REU:Multidisciplinary Approaches for Overcoming Water Resources and Sustainable Engineering Challenges in Appalachian Regions	reu-multidisciplinary-approaches-for-overcoming-water-resources-and-sustainable-engineering-challenges-in-appalachian-regions	University of Kentucky	https://www.mesoprogram.com/reu-info-1	www.mesoprogram.com	200	REU Info &mdash; mesoProgram	title match 0/10
FAIL	Government Scholarships Programme Tunesia	government-scholarships-programme-tunesia-daad	DAAD	http://www.mesrst.tn/francais/index.htm	www.mesrst.tn	404		HTTP 404
WARN	International Musicians Merit Scholarship at Musicians Institute (MI) 2026	international-musicians-merit-scholarship-at-musicians-institute-mi-2026	Musicians Institute (MI)	https://www.mi.edu/admissions/scholarships/	www.mi.edu	200	Music Major Scholarships for Qualified Music School Students | MI	title match 1/6
WARN	International Research Experience for Students (IRES): Understanding Pollinator-Mediated Diversification in Neotropical Plants	international-research-experience-for-students-ires-understanding-pollinator-mediated-diversification-in-neotropical-plants	Missouri Botanical Garden	https://www.missouribotanicalgarden.org/plant-science/plant-science/about-science-conservation/resources-databases/study-opportunities/ires	www.missouribotanicalgarden.org	200	INTERNATIONAL RESEARCH EXPERIENCES FOR STUDENTS	title match 4/10
WARN	International Research Experience for Students (IRES): Understanding Pollinator-Mediated Diversification in Neotropical Plants	international-research-experience-for-students-ires-understanding-pollinator-mediated-diversification-in-neotropical-plants-rdenires	Universidad del Valle	https://www.missouribotanicalgarden.org/plant-science/plant-science/about-science-conservation/resources-databases/study-opportunities/ires	www.missouribotanicalgarden.org	200	INTERNATIONAL RESEARCH EXPERIENCES FOR STUDENTS	title match 4/10
WARN	MIT Academic Achievement Scholarship 2024/25	mit-academic-achievement-scholarship-2024-25	Melbourne Institute of Technology	https://www.mit.edu.au/study-with-us/scholarships/mit-academic-achievement-scholarship	www.mit.edu.au	200	MIT Scholarships for international students | Melbourne Institute of Technology	title match 1/3
FAIL	Mid Sweden University scholarships	mid-sweden-university-scholarships-se	Mid Sweden University	https://www.miun.se/en/education/programmes/Fees-and-scholarships/Scholarship/	www.miun.se	403		HTTP 403
FAIL	Undergraduate Scholarship at the Manchester Metropolitan University 2026	undergraduate-scholarship-at-the-manchester-metropolitan-university-2026	Manchester Metropolitan University	https://www.mmu.ac.uk/study/international/before-you-apply/fees-and-funding/scholarships-and-funding/scholarships#ai-96136-0	www.mmu.ac.uk	403		HTTP 403
FAIL	Postgraduate Scholarship at Manchester Metropolitan University	postgraduate-scholarship-at-manchester-metropolitan-university	Manchester Metropolitan University	https://www.mmu.ac.uk/study/international/before-you-apply/fees-and-funding/scholarships-and-funding/scholarships#ai-39508-1	www.mmu.ac.uk	403		HTTP 403
WARN	Mellon Mays Undergraduate Fellowship Program	mellon-mays-undergraduate-fellowship-program	Andrew W. Mellon Foundation	https://www.mmuf.org/undergraduates	www.mmuf.org	200	Undergraduates | MMUF	title match 1/4
WARN	EU-Projekt Scholarships for Technical and post-Secondary Education Pathways (STEP)	eu-projekt-scholarships-for-technical-and-post-secondary-education-pathways-step-daad	DAAD	https://www.mohe.gov.jo/EN/Pages/Unified_Admission_Unit	www.mohe.gov.jo	200	Unified Admission Unit - The Ministry of Higher Education and Scientific Research	title match 1/6
FAIL	Finance Honours Grant at Monash University 2026	finance-honours-grant-at-monash-university-2026	Monash University, Australia	https://www.monash.edu/study/fees-scholarships/scholarships/find-a-scholarship/finance-honours-scholarship?domestic=true	www.monash.edu	403		HTTP 403
FAIL	Maxwell King PhD Scholarship at Monash University 2026	maxwell-king-phd-scholarship-at-monash-university-2026	Monash University, Australia	https://www.monash.edu/study/fees-scholarships/scholarships/find-a-scholarship/maxwell-king-phd-scholarship?international=true	www.monash.edu	403		HTTP 403
FAIL	Co-funded Monash Graduate Scholarship (CF-MGS) 2026	co-funded-monash-graduate-scholarship-cf-mgs-2026	Monash University, Australia	https://www.monash.edu/study/fees-scholarships/scholarships/find-a-scholarship/co-funded-monash-graduate-scholarship-cf-mgs?domestic=true#scholarship-details	www.monash.edu	403		HTTP 403
FAIL	Leadership Award (UEC) at Monash University Malaysia 2025	leadership-award-uec-at-monash-university-malaysia-2025	Monash University, Malaysia	https://www.monash.edu.my/student-services/financial-assistance/scholarships-and-study-loans/merit-scholarships#tabs__3424615-01	www.monash.edu.my	403		HTTP 403
FAIL	Monash Bursaries For Indonesian Students at Monash University 2026	monash-bursaries-for-indonesian-students-at-monash-university-2026	Monash University, Malaysia	https://www.monash.edu.my/student-services/financial-assistance/scholarships-and-study-loans/bursaries#tabs__1751774-05	www.monash.edu.my	403		HTTP 403
FAIL	IRES: Summer Biology Research Program in Japan: Neurobiology of tetrachromatic vision and behavioral responses in Zebrafish and Medaka	ires-summer-biology-research-program-in-japan-neurobiology-of-tetrachromatic-vision-and-behavioral-responses-in-zebrafish-and-medaka	Montclair State University	https://www.montclair.edu/csam/programs-and-opportunities/ires-summer-biology-research-program-in-japan/	www.montclair.edu	404		HTTP 404
FAIL	Macquarie University Alumni Scholarship 2026	macquarie-university-alumni-scholarship-2026	Macquarie University	https://www.mq.edu.au/study/admissions-and-entry/scholarships/international/macquarie-university-alumni-scholarship	www.mq.edu.au	403		HTTP 403
FAIL	Nepal Early Acceptance Scholarship at Macquarie University 2026	nepal-early-acceptance-scholarship-at-macquarie-university-2026	Macquarie University	https://www.mq.edu.au/study/admissions-and-entry/scholarships/international/nepal-10-000-early-acceptance-scholarship	www.mq.edu.au	403		HTTP 403
WARN	Materials Research Science and Engineering Center (MRSEC) RET	materials-research-science-and-engineering-center-mrsec-ret	University of California, Santa Barbara	https://www.mrl.ucsb.edu/education/for-teachers/research-experience-for-teachers	www.mrl.ucsb.edu	200	Research Experience for Teachers (RET) | Material Research Laboratory	title match 1/6
WARN	Materials Research Science and Engineering Center (MRSEC) RET	materials-research-science-and-engineering-center-mrsec-ret-rialssci	University of Minnesota	http://www.mrsec.umn.edu/ehr/RET/	www.mrsec.umn.edu	200	RET | MRSEC	title match 1/6
WARN	Materials Research Science and Engineering Center (MRSEC) REU in Nanomaterials	materials-research-science-and-engineering-center-mrsec-reu-in-nanomaterials	University of Minnesota	http://www.mrsec.umn.edu/ehr/REU/	www.mrsec.umn.edu	200	REU | MRSEC	title match 1/7
FAIL	The Maine Aerospace Workforce Development Program	the-maine-aerospace-workforce-development-program	Maine Space Grant Consortium	http://www.msgc.org/students/internships/undergraduate/	www.msgc.org	404		HTTP 404
FAIL	Maine Research Internships for Teachers and Students (MERITS) Program	maine-research-internships-for-teachers-and-students-merits-program	Maine Space Grant Consortium	https://www.msgc.org/students/internships/highschool/	www.msgc.org	404		HTTP 404
WARN	NSF REU Site: Advanced Manufacture of Novel Materials and Bio-Nano Applications	nsf-reu-site-advanced-manufacture-of-novel-materials-and-bio-nano-applications	Milwaukee School of Engineering	https://www.msoe.edu/academics/how-we-teach/labs-and-research/undergraduate-research/research-experience-for-undergraduates/	www.msoe.edu	200	Research Experience for Undergraduates | MSOE	title match 0/5
FAIL	(1+3)Physics — Mianyang Teachers’ College (Bachelor's)	1-3-physics-mianyang-teachers-college-bachelor-s	Mianyang Teachers’ College	https://www.mtc.edu.cn/	www.mtc.edu.cn			TypeError: fetch failed
FAIL	(1+3)Computer Science and Technology — Mianyang Teachers’ College (Bachelor's)	1-3-computer-science-and-technology-mianyang-teachers-college-bachelor-s	Mianyang Teachers’ College	https://www.mtc.edu.cn/	www.mtc.edu.cn			TypeError: fetch failed
FAIL	MRC Scholarship Awards for Undergraduate Studies 2026	mrc-scholarship-awards-for-undergraduate-studies-2026	Malaysian Rubber Council (MRC)	https://www.myrubbercouncil.com/scholarships/#:~:text=MRC%20Scholarship%20Awards%20for%20Undergraduate%20Studies	www.myrubbercouncil.com			TypeError: fetch failed
FAIL	Mystic Aquarium - Research Experiences for Undergraduates	mystic-aquarium-research-experiences-for-undergraduates-ticaquar	University of Connecticut	https://www.mysticaquarium.org/learn/for-students-and-parents/collegiate/research-experiences-for-undergraduates/	www.mysticaquarium.org	403		HTTP 403
FAIL	Mystic Aquarium - Research Experiences for Undergraduates	mystic-aquarium-research-experiences-for-undergraduates	Mystic Aquarium	https://www.mysticaquarium.org/learn/for-students-and-parents/collegiate/research-experiences-for-undergraduates/	www.mysticaquarium.org	403		HTTP 403
WARN	NACME Administered Scholarships	nacme-administered-scholarships	National Action Council for Minorities in Engineering (NACME)	http://www.nacme.org/scholarships#PreEngScholarships	www.nacme.org	200	Scholarships	title match 1/3
WARN	The Alfred P. Sloan Foundation's Minority Ph.D. Program	the-alfred-p-sloan-foundation-s-minority-ph-d-program	National Action Council for Minorities in Engineering (NACME)	https://www.nacme.org/engage-graduate	www.nacme.org	200	Engage Graduate	title match 0/5
WARN	The Nakajima Foundation	the-nakajima-foundation-se	The Nakajima Foundation	http://www.nakajimafound.or.jp/	www.nakajimafound.or.jp	200	top&nbsp;-&nbsp;	title match 0/2
WARN	NASA's Space Life Sciences Training Program Summer Internship	nasa-s-space-life-sciences-training-program-summer-internship	NASA Ames Research Center	https://www.nasa.gov/learning-resources/internship-programs/	www.nasa.gov	200	NASA Internship Programs - NASA	title match 2/6
WARN	Gulf Research Program Science Policy Fellowship	gulf-research-program-science-policy-fellowship	National Academies, The	https://www.nationalacademies.org/index.php/programs	www.nationalacademies.org	200	Fellowships, Grants, and Awards	title match 1/5
WARN	Petcavage Seed Conservation Internship (Framingham, MA)	petcavage-seed-conservation-internship-framingham-ma	Native Plant Trust	https://www.nativeplanttrust.org/about/jobs-internships/?highlight=Internship	www.nativeplanttrust.org	200	Jobs + Internships
        
         - 
        Native Plant Trust	title match 1/4
WARN	Teaching Chinese to Speakers of Other Languages — Ningbo University (Master's)	teaching-chinese-to-speakers-of-other-languages-ningbo-university-master-s	Ningbo University	https://www.nbu.edu.cn/	www.nbu.edu.cn	200	首页 - 宁波大学	title match 0/8
WARN	Japanese — Ningbo University (Bachelor's)	japanese-ningbo-university-bachelor-s	Ningbo University	https://www.nbu.edu.cn/	www.nbu.edu.cn	200	首页 - 宁波大学	title match 0/4
WARN	Law — Ningbo University (Bachelor's)	law-ningbo-university-bachelor-s	Ningbo University	https://www.nbu.edu.cn/	www.nbu.edu.cn	200	首页 - 宁波大学	title match 0/3
WARN	Vice Chancellors International Scholarships - Postgraduate Awards at Newcastle University 2026	vice-chancellors-international-scholarships-postgraduate-awards-at-newcastle-university-2026	Newcastle University, UK	https://www.ncl.ac.uk/postgraduate/fees-funding/search-funding/?code=vcis26	www.ncl.ac.uk	200	Postgraduate Funding Search | Newcastle University	title match 3/7
WARN	Step Up to STEM	step-up-to-stem	North Carolina School of Science and Mathematics	https://www.ncssm.edu/summer/step-up-to-stem	www.ncssm.edu	202		no <title> in page
WARN	Chinese Language Program — Nanchang University (Non-degree)	chinese-language-program-nanchang-university-non-degree	Nanchang University	https://www.ncu.edu.cn/	www.ncu.edu.cn	200	南昌大学	title match 0/6
WARN	Pollination Nation Undergraduate Summer Research Program	pollination-nation-undergraduate-summer-research-program	North Dakota State University	https://www.ndsu.edu/biology/research/pollination_nation/	www.ndsu.edu	200	Pollination Nation	title match 2/6
WARN	Summer Undergraduate Research Experience (SURE): Research program for chemistry, Materials Science and Chemical Engineering	summer-undergraduate-research-experience-sure-research-program-for-chemistry-materials-science-and-chemical-engineering	North Dakota State University	https://www.ndsu.edu/cpm/undergraduate/summer_undergraduate_research_experience/	www.ndsu.edu	200	Summer Undergraduate Research Experience	title match 5/11
WARN	Computer Science and Technology — Northeast Petroleum University (Bachelor's)	computer-science-and-technology-northeast-petroleum-university-bachelor-s	Northeast Petroleum University	https://www.nepu.edu.cn/en/International/Admission_Website.htm	www.nepu.edu.cn	200	Admission Website-Northeast Petroleum University	title match 3/7
WARN	NASA Nebraska Space Grant & EPSCoR, Mini-Grants, Fellowships, Internships	nasa-nebraska-space-grant-epscor-mini-grants-fellowships-internships	College of Saint Mary	https://www.nespacegrant.org/opportunities	www.nespacegrant.org	200	NASA Nebraska Space Grant	title match 3/7
WARN	NASA Nebraska Space Grant & EPSCoR, Mini-Grants, Fellowships, Internships	nasa-nebraska-space-grant-epscor-mini-grants-fellowships-internships-larships	Nebraska Indian Community College	https://www.nespacegrant.org/opportunities	www.nespacegrant.org	200	NASA Nebraska Space Grant	title match 3/7
WARN	Nevis Labs Experimental High-Energy Physics REU	nevis-labs-experimental-high-energy-physics-reu	Columbia University	http://www.nevis.columbia.edu/~reu/	www.nevis.columbia.edu	200	Nevis Labs REU Program	title match 1/4
FAIL	Professor Beryl Nashar Scholarship for Excellence in Geology at the University of Newcastle 2026	professor-beryl-nashar-scholarship-for-excellence-in-geology-at-the-university-of-newcastle-2026	The University of Newcastle, Australia	https://www.newcastle.edu.au/scholarships/EXT_185	www.newcastle.edu.au	403		HTTP 403
FAIL	International Excellence Scholarship (Information Technology and Computer Science) at University of Newcastle 2025	international-excellence-scholarship-information-technology-and-computer-science-at-university-of-newcastle-2025	The University of Newcastle, Australia	https://www.newcastle.edu.au/scholarships#filter=type_international&sort=sort_az	www.newcastle.edu.au	403		HTTP 403
FAIL	Postbaccalaureate Intramural Research Training Award (IRTA) Program	postbaccalaureate-intramural-research-training-award-irta-program	National Institutes of Health (NIH)	https://www.niaid.nih.gov/about/postbaccalaureate-research-training	www.niaid.nih.gov	403		HTTP 403
FAIL	NIH NIAID Technology Transfer Fellowship Program	nih-niaid-technology-transfer-fellowship-program-transfer	Oak Ridge Institute for Science and Education	https://www.niaid.nih.gov/research/technology-transfer-fellowship-program	www.niaid.nih.gov	403		HTTP 403
FAIL	National Institute of Environmental Health Services-Scholars Connect Program	national-institute-of-environmental-health-services-scholars-connect-program	National Institutes of Health (NIH)	https://www.niehs.nih.gov/careers/research/scholars/index.cfm	www.niehs.nih.gov	403		HTTP 403
WARN	Academic Department Scholarships at New Jersey Institute of Technology 2026	academic-department-scholarships-at-new-jersey-institute-of-technology-2026	New Jersey Institute of Technology (NJIT)	https://www.njit.edu/financialaid/merit-based-scholarships	www.njit.edu	200	Merit-Based Scholarships | Financial Aid	title match 1/6
WARN	Honors Residential Scholarship at New Jersey Institute of Technology 2026	honors-residential-scholarship-at-new-jersey-institute-of-technology-2026	New Jersey Institute of Technology (NJIT)	https://www.njit.edu/financialaid/merit-based-scholarships	www.njit.edu	200	Merit-Based Scholarships | Financial Aid	title match 1/6
WARN	Clinical Medicine — Nanjing Medical University (Bachelor's)	clinical-medicine-nanjing-medical-university-bachelor-s	Nanjing Medical University	https://www.njmu.edu.cn/	www.njmu.edu.cn	200	南京医科大学	title match 0/6
WARN	National Library of Medicine Associate Fellowship	national-library-of-medicine-associate-fellowship	National Institutes of Health (NIH)	https://www.nlm.nih.gov/about/training/associate/proginfo.html	www.nlm.nih.gov	200	About the Associate Fellowship Program	title match 2/5
WARN	International Postgraduate Scholarships at University of Nottingham 2026	international-postgraduate-scholarships-at-university-of-nottingham-2026	The University of Nottingham	https://www.nottingham.ac.uk/studywithus/international-applicants/scholarships-funding-finance/international-postgraduate-scholarships.aspx	www.nottingham.ac.uk	200	International Postgraduate Masters Scholarship	title match 2/5
WARN	High Achievers Scholarship at University of Nottingham Malaysia 2026	high-achievers-scholarship-at-university-of-nottingham-malaysia-2026	University of Nottingham Malaysia Campus	https://www.nottingham.edu.my/Study/Fees-and-Scholarships/Scholarships/Foundation-undergraduate-scholarships.aspx#HAS	www.nottingham.edu.my	200	Foundation and Undergraduate scholarships	title match 1/5
WARN	Deans Excellence Scholarship at University of Nottingham 2026	deans-excellence-scholarship-at-university-of-nottingham-2026	The University of Nottingham	https://www.nottingham.edu.my/Study/Fees-and-Scholarships/Scholarships/Foundation-undergraduate-scholarships.aspx#Deans	www.nottingham.edu.my	200	Foundation and Undergraduate scholarships	title match 1/5
FAIL	Graduate Fellowships for STEM Diversity	graduate-fellowships-for-stem-diversity	Graduate Fellowships for STEM Diversity	http://www.npsc.org/	www.npsc.org	403		HTTP 403
FAIL	Young Scientists Summer Fellowships	young-scientists-summer-fellowships	International Institute for Applied Systems Analysis	https://www.nsf.gov/od/oia/ia/summer-scholars-internship-program#:~:text=The%20Quality%20Education%20for%20Minorities,opportunities%20offered%20by%20NSF%2C%20including:	www.nsf.gov	403		HTTP 403
FAIL	Mathematical Sciences Postdoctoral Research Fellowships (MSPRF)	mathematical-sciences-postdoctoral-research-fellowships-msprf	National Science Foundation (NSF)	http://www.nsf.gov/funding/pgm_summ.jsp?pims_id=5301&org=NSF&sel_org=NSF&from=fund	www.nsf.gov	403		HTTP 403
WARN	DAAD/NSTC- Sandwich- Scholarship Programme	daad-nstc-sandwich-scholarship-programme-daad	DAAD	https://www.nstc.gov.tw/folksonomy/list/ad854ec5-b3d9-4e50-a521-7919449925f2?l=en	www.nstc.gov.tw	200	NSTC-International Cooperation Programs	title match 0/3
WARN	Taiwan Summer Institute Programme	taiwan-summer-institute-programme-daad	DAAD	https://www.nstc.gov.tw/folksonomy/list/ad854ec5-b3d9-4e50-a521-7919449925f2?l=en	www.nstc.gov.tw	200	NSTC-International Cooperation Programs	title match 0/4
WARN	Anglo-Norse Society Scholarship at NTNU	anglo-norse-society-scholarship-at-ntnu-no	Norwegian University of Science and Technology (NTNU)	https://www.ntnu.edu/studies/financing-and-scholarships	www.ntnu.edu	200	Studies - Financing and scholarships - NTNU	title match 1/4
WARN	GSEP Scholarship for Sustainable Energy at NTNU	gsep-scholarship-for-sustainable-energy-at-ntnu-no	Global Sustainable Electricity Partnership (GSEP) / NTNU	https://www.ntnu.edu/studies/financing-and-scholarships	www.ntnu.edu	200	Studies - Financing and scholarships - NTNU	title match 1/3
FAIL	Taiwan Scholarship at Nottingham Trent University 2026	taiwan-scholarship-at-nottingham-trent-university-2026	Nottingham Trent University	https://www.ntu.ac.uk/international/scholarships-and-fees/scholarships#scholarships	www.ntu.ac.uk	403		HTTP 403
FAIL	NTU International Merit Scholarships 2026	ntu-international-merit-scholarships-2026	Nottingham Trent University	https://www.ntu.ac.uk/international/scholarships#scholarships	www.ntu.ac.uk	403		HTTP 403
FAIL	CN Yang Scholars Programme Scholarship at NTU 2025	cn-yang-scholars-programme-scholarship-at-ntu-2025	Nanyang Technological University, Singapore (NTU)	https://www.ntu.edu.sg/admissions/undergraduate/scholarships/cn-yang-scholars-programme-scholarship-(cnysps)	www.ntu.edu.sg	404		HTTP 404
FAIL	E. W. Barker Scholarship at NTU 2026	e-w-barker-scholarship-at-ntu-2026	Nanyang Technological University, Singapore (NTU)	https://www.ntu.edu.sg/admissions/undergraduate/scholarships/ewbarkerscholarship	www.ntu.edu.sg	404		HTTP 404
WARN	College Scholarship at Nanyang Technological University 2026	college-scholarship-at-nanyang-technological-university-2026	Nanyang Technological University, Singapore (NTU)	https://www.ntu.edu.sg/soh/admissions/undergraduate/chinese/ntu-chinese-programme-scholarship/college-scholarship	www.ntu.edu.sg	200	College Scholarship&#160; | School of Humanities | NTU Singapore	title match 2/5
WARN	Chinese Language Program — Sanquan Medical College (Non-degree)	chinese-language-program-sanquan-medical-college-non-degree	Sanquan Medical College	http://www.nxmu.edu.cn/ywz/	www.nxmu.edu.cn	200	School of international education Ningxia Medical University	title match 1/7
WARN	Clinical Medicine — Sanquan Medical College (Bachelor's)	clinical-medicine-sanquan-medical-college-bachelor-s	Sanquan Medical College	http://www.nxmu.edu.cn/ywz/	www.nxmu.edu.cn	200	School of international education Ningxia Medical University	title match 1/6
WARN	New York Consortium in Evolutionary Primatology (NYCEP)	new-york-consortium-in-evolutionary-primatology-nycep	American Museum of Natural History	http://www.nycep.org/applicants	www.nycep.org	200	For Applicants | NYCEP	title match 1/4
WARN	New York Consortium in Evolutionary Primatology (NYCEP)	new-york-consortium-in-evolutionary-primatology-nycep-matology	City University of New York (CUNY) System	http://www.nycep.org/applicants	www.nycep.org	200	For Applicants | NYCEP	title match 1/4
WARN	New York State Military Enhanced Recognition Incentive and Tribute (MERIT) Scholarship at New York Institute of Technology (NYIT) 2025	new-york-state-military-enhanced-recognition-incentive-and-tribute-merit-scholarship-at-new-york-institute-of-technology-nyit-2025	New York Institute of Technology (NYIT), United States	https://www.nyit.edu/admissions/costs-and-aid/financial-aid/scholarships-and-grants/new-york-state/	www.nyit.edu	200	New York State Awards | New York Tech	title match 1/10
WARN	Graduate Assistantships at New York Institute of Technology (NYIT) 2025	graduate-assistantships-at-new-york-institute-of-technology-nyit-2025	New York Institute of Technology (NYIT), United States	https://www.nyit.edu/admissions/costs-and-aid/financial-aid/scholarships-and-grants/graduate/	www.nyit.edu	200	Graduate Scholarships and Financial Aid | New York Tech	title match 1/4
WARN	CSIT Nanyang Scholarship at Nanyang Polytechnic 2026	csit-nanyang-scholarship-at-nanyang-polytechnic-2026	Nanyang Polytechnic	https://www.nyp.edu.sg/student/study/scholarships-financial-matters/scholarships-study-awards	www.nyp.edu.sg	200	NYP Scholarships	title match 1/4
FAIL	OAS Scholarship and Training Programs 2026	oas-scholarship-and-training-programs-2026	The Organization of American States (OAS)	https://www.oas.org/en/scholarships/	www.oas.org	403		HTTP 403
FAIL	ESQ Postdoc Fellowship programme in Austria 2026	esq-postdoc-fellowship-programme-in-austria-2026	Austrian Academy of Sciences	https://www.oeaw.ac.at/esq/home/esq-postdocs/esq-fellowship-information	www.oeaw.ac.at	403		HTTP 403
FAIL	OAW International Incoming Fellowship 2026	oaw-international-incoming-fellowship-2026	Austrian Academy of Sciences	https://www.oeaw.ac.at/foerderungen/incoming-fellowship	www.oeaw.ac.at			TypeError: fetch failed
WARN	OHSU Postbaccalaureate Research Education Program	ohsu-postbaccalaureate-research-education-program	Oregon Health &amp; Science University	https://www.ohsu.edu/postbaccalaureate-research-education-program/propel-application-2026	www.ohsu.edu	200	PROPEL Application | OHSU	title match 0/4
WARN	EDUFI Doctoral Fellowships in Finland	edufi-doctoral-fellowships-in-finland-s4d	EDUFI	https://www.oph.fi/en/development/edufi-fellowship	www.oph.fi	200	EDUFI Fellowship | Finnish National Agency for Education	title match 1/4
FAIL	International Alumni Legacy Scholarship at Oklahoma University 2026	international-alumni-legacy-scholarship-at-oklahoma-university-2026	Oklahoma State University	https://www.orangeconnection.org/s/860/18/interior.aspx?sid=860&gid=1&calcid=24532&calpgid=9077&pgid=252&ecid=24533&crid=0#:~:text=Children%20and%20grandchildren%20of%20OSU,per%20year%20for%20four%20years.	www.orangeconnection.org	403		HTTP 403
FAIL	University of Otago International Masters Research Scholarship 2026	university-of-otago-international-masters-research-scholarship-2026	University of Otago	https://www.otago.ac.nz/study/scholarships/database/otago014691.html	www.otago.ac.nz	403		HTTP 403
FAIL	University of Otago International Academic Excellence Scholarships at University of Otago 2026	university-of-otago-international-academic-excellence-scholarships-at-university-of-otago-2026	University of Otago	https://www.otago.ac.nz/international/future-students/fees-scholarships/international-scholarships	www.otago.ac.nz	403		HTTP 403
FAIL	University of Oulu Tuition Fee Waivers for International Students	university-of-oulu-tuition-fee-waivers-for-international-students-s4d	University of Oulu	http://www.oulu.fi/degree/scholarships	www.oulu.fi	404		HTTP 404
FAIL	Oxford-Creat Group Graduate Scholarships at University of Oxford 2025	oxford-creat-group-graduate-scholarships-at-university-of-oxford-2025	University of Oxford	https://www.ox.ac.uk/admissions/graduate/fees-and-funding/fees-funding-and-scholarship-search/scholarships-a-z-listing	www.ox.ac.uk	403		HTTP 403
FAIL	Optiver Foundation Scholarships at University of Oxford 2026	optiver-foundation-scholarships-at-university-of-oxford-2026	University of Oxford	https://www.ox.ac.uk/admissions/graduate/fees-and-funding/fees-funding-and-scholarship-search/optiver-foundation-scholarships	www.ox.ac.uk	403		HTTP 403
FAIL	James W Stoudt Memorial Scholarship 2026	james-w-stoudt-memorial-scholarship-2026	Pennsylvania Bar Foundation	https://www.pabar.org/site/Foundation/What-We-Do/James-W-Stoudt-Memorial-Scholarship	www.pabar.org			TypeError: fetch failed
WARN	Pace Incentive Award at Pace University 2026	pace-incentive-award-at-pace-university-2026	Pace University	https://www.pace.edu/financial-aid/types-of-financial-aid/institutional-scholarships-and-grants#freshman-admitted-students	www.pace.edu	200	Institutional Scholarships and Grants | Pace University New York	title match 1/3
WARN	Trustee Recognition Award at Pace University 2025	trustee-recognition-award-at-pace-university-2025	Pace University	https://www.pace.edu/financial-aid/types-of-financial-aid/institutional-scholarships-and-grants#freshman-admitted-students	www.pace.edu	200	Institutional Scholarships and Grants | Pace University New York	title match 1/4
WARN	Athlete Scholarships for International Students at USA 2025	athlete-scholarships-for-international-students-at-usa-2025	University of the Pacific (UOP), Stockton	https://www.pacific.edu/financial-aid/scholarships	www.pacific.edu	200	Scholarships | University of the Pacific	title match 1/4
WARN	Parivartan ECSS Programme - Undergraduate Courses (Merit-cum-Need Based) 2026-27	parivartan-ecss-programme-undergraduate-courses-merit-cum-need-based-2026-27	HDFC Bank	https://www.parivartanecss.com/	www.parivartanecss.com	200	Parivartan ECSS Programme 2025-26	title match 2/6
WARN	Foundation of the Berlin House of Representatives: Grant Programme	foundation-of-the-berlin-house-of-representatives-grant-programme-daad	Foundation of the Berlin House of Representatives	http://www.parlament-berlin.de/de/Das-Parlament/Studienstiftung	www.parlament-berlin.de	200	Studienstiftung – Abgeordnetenhaus Berlin	title match 1/6
WARN	REU in Physics, Optics and Astrophysics	reu-in-physics-optics-and-astrophysics	University of Rochester	https://www.pas.rochester.edu/undergraduate/reu/index.html	www.pas.rochester.edu	200	Research Experience for Undergraduates (REU) : Undergraduate Program : Department of Physics and Astronomy : University of Rochester	title match 1/3
FAIL	PEO International Peace Scholarships for Women	peo-international-peace-scholarships-for-women-s4d	PEO	http://www.peointernational.org/about-peo-international-peace-scholarship-ips	www.peointernational.org	403		HTTP 403
WARN	Physics Research Experience for Undergraduates (REU): Interactions of Matter, Light and Learning	physics-research-experience-for-undergraduates-reu-interactions-of-matter-light-and-learning	Kansas State University	https://www.phys.ksu.edu/reu/	www.phys.ksu.edu	200	Research Experiences for Undergraduates (REU) | K-State | Kansas State University	title match 3/8
WARN	REU: Experimental and Computational Methods for Materials Discovery	reu-experimental-and-computational-methods-for-materials-discovery	University of Florida	http://www.phys.ufl.edu/reu/index.shtml	www.phys.ufl.edu	200	REU Home &#8211; The Biswas Lab	title match 0/5
WARN	International Advocate Scholarship at PSU 2026	international-advocate-scholarship-at-psu-2026	Pittsburg State University (PSU)	https://www.pittstate.edu/admission/scholarships-financial-assistance.html	www.pittstate.edu	200	Scholarships and Financial Assistance | Pittsburg State University	title match 1/3
FAIL	SUNY Plattsburgh Transfer Scholarship and Grant 2026	suny-plattsburgh-transfer-scholarship-and-grant-2026	State University of New York SUNY Plattsburgh	https://www.plattsburgh.edu/cost-aid/scholarships/transfer-awards.html	www.plattsburgh.edu	403		HTTP 403
FAIL	Academic Merit Scholarship (First-Year) at SUNY 2025	academic-merit-scholarship-first-year-at-suny-2025	State University of New York SUNY Plattsburgh	https://www.plattsburgh.edu/admissions/international/scholarships.html	www.plattsburgh.edu	403		HTTP 403
WARN	Young Carer Bursary at University of Portsmouth 2025	young-carer-bursary-at-university-of-portsmouth-2025	University of Portsmouth, Portsmouth	https://www.port.ac.uk/study/undergraduate/undergraduate-fees-and-student-finance/scholarships-and-bursaries#youngcarers	www.port.ac.uk	200	Scholarships and bursaries | University of Portsmouth	title match 2/5
WARN	Premier Postdoctoral Opportunities in Health Science	premier-postdoctoral-opportunities-in-health-science	University of Pittsburgh	https://www.postdoc.pitt.edu/welcome	www.postdoc.pitt.edu	200	Welcome | Postdoctoral Training | University of Pittsburgh	title match 1/5
WARN	POSTECH International Student Scholarships	postech-international-student-scholarships-kr	POSTECH (Pohang University of Science and Technology)	https://www.postech.ac.kr/eng/admission-aid/scholarship_information.do	www.postech.ac.kr	200	Scholarship | POSTECH	title match 1/4
WARN	Prussian Cultural Heritage Foundation: Grant Programme	prussian-cultural-heritage-foundation-grant-programme-daad	Prussian Cultural Heritage Foundation	http://www.preussischer-kulturbesitz.de/schwerpunkte/wissenschaft-und-forschung/forschungsunterstuetzung/stipendienprogramm.html	www.preussischer-kulturbesitz.de	200	Stipendienprogramm der Stiftung Preußischer Kulturbesitz - Stiftung Preußischer Kulturbesitz	title match 0/6
WARN	Iowa Summer Institute in Biostatistics (ISIB)	iowa-summer-institute-in-biostatistics-isib	University of Iowa	https://www.public-health.uiowa.edu/about-isib/	www.public-health.uiowa.edu	200	About the Institute &#8211; University of Iowa College of Public Health	title match 1/3
WARN	Summer Research Opportunity Program (SROP)	summer-research-opportunity-program-srop	Purdue University	https://www.purdue.edu/gradschool/diversity/programs/summer-research-opportunities-program/	www.purdue.edu	200	Purdue University	title match 0/4
WARN	Purdue Indian Emerging Scholar Scholarship,  2025	purdue-indian-emerging-scholar-scholarship-2025	Purdue University, Indiana	https://www.purdue.edu/india/students-and-faculty/scholar-fund.php	www.purdue.edu	200	Purdue University	title match 1/5
WARN	Long-term Chinese Language Program — Qingdao University (Non-degree)	long-term-chinese-language-program-qingdao-university-non-degree	Qingdao University	https://www.qdu.edu.cn/	www.qdu.edu.cn	200	青岛大学 QINGDAO UNIVERSITY	title match 2/6
WARN	Bachelor's Program of Chinese Language — Qingdao University (Bachelor's)	bachelor-s-program-of-chinese-language-qingdao-university-bachelor-s	Qingdao University	https://www.qdu.edu.cn/	www.qdu.edu.cn	200	青岛大学 QINGDAO UNIVERSITY	title match 2/7
WARN	PwC’s Flying Start Financial Bursary at Queen Mary University of London 2026	pwc-s-flying-start-financial-bursary-at-queen-mary-university-of-london-2026	Queen Mary University of London (QMUL), England	https://www.qmul.ac.uk/scholarships/items/bursary---pwcs-flying-start-financial-bursary.html#:~:text=If%20you%20meet%20the%20criteria,four%20years%20of%20the%20degree.	www.qmul.ac.uk	200	items - Queen Mary University of London	title match 3/7
WARN	QMUL Children of Alumni Award 2026	qmul-children-of-alumni-award-2026	Queen Mary University of London (QMUL), England	https://www.qmul.ac.uk/scholarships/items/children-of-alumni-award.html	www.qmul.ac.uk	200	items - Queen Mary University of London	title match 0/3
WARN	Queens Family Scholarship 2026	queens-family-scholarship-2026	Queens University Belfast	https://www.qub.ac.uk/Study/international-students/international-scholarships/terms-and-conditions/queens-family-scholarship-terms-and-conditions/	www.qub.ac.uk	202		no <title> in page
WARN	International Undergraduate Scholarship at Queens University Belfast 2026	international-undergraduate-scholarship-at-queens-university-belfast-2026	Queens University Belfast	https://www.qub.ac.uk/Study/funding-scholarships/Non-facultydepartments/international-office/international-office-undergraduate-scholarship.html#apply	www.qub.ac.uk	202		no <title> in page
FAIL	QUT Postgraduate Research Award (QUTPRA) 2026	qut-postgraduate-research-award-qutpra-2026	Queensland University of Technology (QUT)	https://www.qut.edu.au/study/fees-and-scholarships/scholarships/qut-postgraduate-research-award-qutpra	www.qut.edu.au	403		HTTP 403
FAIL	International Merit Scholarship at Queensland University of Technology 2025	international-merit-scholarship-at-queensland-university-of-technology-2025	Queensland University of Technology (QUT)	https://www.qut.edu.au/study/fees-and-scholarships/scholarships/international-merit-scholarship	www.qut.edu.au	403		HTTP 403
FAIL	Summer Research Opportunity Program for undergraduates	summer-research-opportunity-program-for-undergraduates	University of Michigan	http://www.rackham.umich.edu/student_life/diversity/community/srop/	www.rackham.umich.edu	403		HTTP 403
WARN	The RCA UK Disabled Students Scholarship 2026	the-rca-uk-disabled-students-scholarship-2026	Royal College of Art	https://www.rca.ac.uk/study/apply-to-study/funding-your-studies/rca-scholarships-and-awards/	www.rca.ac.uk	200	RCA scholarships | Royal College of Art	title match 1/3
WARN	Built Environment Undergraduate Scholarships at University of Reading 2026	built-environment-undergraduate-scholarships-at-university-of-reading-2026	University of Reading	https://www.reading.ac.uk/ready-to-study/study/Fees-and-funding/undergraduate-scholarships	www.reading.ac.uk	200	Undergraduate scholarships	title match 2/6
WARN	Alumni Masters scholarships at University of Reading 2026	alumni-masters-scholarships-at-university-of-reading-2026	University of Reading	https://www.reading.ac.uk/ready-to-study/study/Fees-and-funding/masters-scholarships	www.reading.ac.uk	200	Master&#39;s scholarships	title match 1/5
FAIL	Will Conard fashion scholarship at Regents University London 2026	will-conard-fashion-scholarship-at-regents-university-london-2026	International Textile and Apparel Association (ITAA)	https://www.regents.ac.uk/study/scholarships-funding-and-bursaries/will-conard-scholarships-for-fashion-design-and-fashion-merchandising#overview	www.regents.ac.uk	403		HTTP 403
FAIL	Regent’s Alumni Scholarship at Regents University 2025	regent-s-alumni-scholarship-at-regents-university-2025	Regent's University London	https://www.regents.ac.uk/study/scholarships-funding-and-bursaries/regents-postgraduate-progression-scholarships	www.regents.ac.uk	403		HTTP 403
WARN	Ministry for Science, Culture, Federal and European Affairs of Mecklenburg-West Pomerania: PhD Scholarships and Caspar-David-Friedrich Scholarships (CDF)	ministry-for-science-culture-federal-and-european-affairs-of-mecklenburg-west-pomerania-ph-daad	Ministry for Science, Culture, Federal and European Affairs of Mecklenburg-West Pomerania	https://www.regierung-mv.de/Landesregierung/wkm/Wissenschaft/Studium/Hochschulstipendien/	www.regierung-mv.de	200	Hochschulstipendien - Regierungsportal M-V	title match 0/13
FAIL	Bilateral Exchange of Academics (to Germany)	bilateral-exchange-of-academics-to-germany-daad	DAAD	https://www.research-in-germany.org/en.html	www.research-in-germany.org			TypeError: fetch failed
FAIL	Study Visits for Academics - Artists and Architects	study-visits-for-academics-artists-and-architects-daad	DAAD	https://www.research-in-germany.org/en.html	www.research-in-germany.org			TypeError: fetch failed
WARN	Rhodes Scholarships at Oxford University for International Students	rhodes-scholarships-at-oxford-university-for-international-students-s4d	Rhodes Scholarship Fund	https://www.rhodeshouse.ox.ac.uk/scholarships/the-rhodes-scholarship/	www.rhodeshouse.ox.ac.uk	200	The Rhodes Scholarship | Rhodes Trust	title match 1/6
WARN	Liberal Arts Academic Excellence Award at Richmond American University London 2025	liberal-arts-academic-excellence-award-at-richmond-american-university-london-2025	Richmond, The American International University	https://www.richmond.ac.uk/undergraduate-student-tuition-fees-and-funding/international-undergrad-student-finance/#fall-2024--spring-2025	www.richmond.ac.uk	200	International Undergraduate Scholarships &amp; Funding - Richmond London	title match 2/8
WARN	Masters Recognition of Excellence Award at Richmond American International University 2026	masters-recognition-of-excellence-award-at-richmond-american-international-university-2026	Richmond, The American International University	https://www.richmond.ac.uk/postgraduate-tuition-fees/international/#int-scholarships	www.richmond.ac.uk	200	International Postgraduate Scholarships &amp; Funding - Richmond London	title match 2/8
WARN	RIT Alumni Referral Award at Swinburne University of Technology 2026	rit-alumni-referral-award-at-swinburne-university-of-technology-2026	Rochester Institute of Technology (RIT), USA	https://www.rit.edu/admissions/aid/merit-based-scholarships	www.rit.edu	200	Merit-Based Scholarships | Admissions and Aid | RIT	title match 0/6
FAIL	Science Teachers Enrichment Program (STEP)	science-teachers-enrichment-program-step	Massachusetts Institute of Technology (MIT)	https://www.rle.mit.edu/tjr-lab/outreach/	www.rle.mit.edu			TypeError: fetch failed
FAIL	PhD scholarship in Distributed Optimisation with Applications to Federated Learning at RMIT University 2025	phd-scholarship-in-distributed-optimisation-with-applications-to-federated-learning-at-rmit-university-2025	RMIT University, Melbourne City campus	https://www.rmit.edu.au/students/careers-opportunities/scholarships/research/phd-scholarship-in-distributed-optimisation-with-applications-to-federated-learning	www.rmit.edu.au	404		HTTP 404
WARN	PTK Scholarship at Rollins College 2026	ptk-scholarship-at-rollins-college-2026	Rollins College	https://www.rollins.edu/scholarships-aid/scholarships/academic/	www.rollins.edu	200	Academic Scholarships	title match 1/3
WARN	Bonner Leaders Program at Rollins College 2026	bonner-leaders-program-at-rollins-college-2026	Rollins College	https://www.rollins.edu/scholarships-aid/scholarships/academic/	www.rollins.edu	200	Academic Scholarships	title match 0/5
WARN	Rosa Luxemburg Foundation: Scholarship Programme for International Doctoral Students	rosa-luxemburg-foundation-scholarship-programme-for-international-doctoral-students-daad	Rosa Luxemburg Foundation	https://www.rosalux.de/stiftung/studienwerk/stipendien/promotionsstipendium	www.rosalux.de	200	Promotionsstipendium - Rosa-Luxemburg-Stiftung	title match 1/7
WARN	Rosa Luxemburg Stiftung Scholarships for International Students	rosa-luxemburg-stiftung-scholarships-for-international-students-s4d	Rosa Luxemburg Stiftung	https://www.rosalux.de/en/foundation/studienwerk	www.rosalux.de	200	Scholarship Department - Rosa-Luxemburg-Stiftung	title match 2/5
FAIL	A.C.T. Award at Royal Roads University 2026	a-c-t-award-at-royal-roads-university-2026	Royal Roads University, Canada	https://www.royalroads.ca/act-award	www.royalroads.ca	403		HTTP 403
WARN	RVC Humanitarian Scholarship at The Royal Veterinary College 2026	rvc-humanitarian-scholarship-at-the-royal-veterinary-college-2026	Royal Veterinary College	https://www.rvc.ac.uk/study/scholarships-and-bursaries/postgraduate/all-postgraduate	www.rvc.ac.uk	200	RVC Scholarships for Postgraduates - All courses	title match 1/5
WARN	Scholarships for Doctoral Students at RWTH Aachen University 2026	scholarships-for-doctoral-students-at-rwth-aachen-university-2026	RWTH Aachen University	https://www.rwth-aachen.de/go/id/bgzk?lidx=1#aaaaaaaaaaagzyr	www.rwth-aachen.de	200	RWTH Graduate Support | RWTH Aachen University | EN	title match 2/5
WARN	Sabanci University Full Scholarship 2025-26	sabanci-university-full-scholarship-2025-26	Sabancı University	https://www.sabanciuniv.edu/en/graduate-scholarships	www.sabanciuniv.edu	200	Graduate Scholarships | Sabancı Üniversitesi	title match 1/3
WARN	Global Citizen Award at Saint Leo University 2025-26	global-citizen-award-at-saint-leo-university-2025-26	Saint Leo University	https://www.saintleo.edu/university-campus-grants-scholarships	www.saintleo.edu	200	Campus Grants &amp; Scholarships | Saint Leo University	title match 2/5
WARN	John Howard Scholars for Students at Samford University 2025	john-howard-scholars-for-students-at-samford-university-2025	Samford University	https://www.samford.edu/arts-and-sciences/scholars-programs#clark-scholars	www.samford.edu	200	Be Part of a Scholars Program in Howard College of Arts and Sciences	title match 2/5
WARN	Sandia National Laboratories Postdoctoral Programs	sandia-national-laboratories-postdoctoral-programs	Sandia National Laboratories	https://www.sandia.gov/careers/career-possibilities/students-and-postdocs/internships-co-ops/postdoctoral-positions/	www.sandia.gov	200	Postdoctoral Positions &#8211; Careers	title match 1/5
WARN	Post Doctoral Opportunities in Medical and Behavioral Science	post-doctoral-opportunities-in-medical-and-behavioral-science	Yale University	https://www.sandia.gov/careers/career-possibilities/students-and-postdocs/internships-co-ops/postdoctoral-positions/	www.sandia.gov	200	Postdoctoral Positions &#8211; Careers	title match 1/5
FAIL	Sanskriti - Madhobi Chatterji Memorial Fellowships in India, 2026	sanskriti-madhobi-chatterji-memorial-fellowships-in-india-2026	Sanskriti Foundation	http://www.sanskritifoundation.org/Madhobi-Chatterji-Memorial.htm	www.sanskritifoundation.org	403		HTTP 403
FAIL	Sanskriti - Mani Mann Fellowship 2026	sanskriti-mani-mann-fellowship-2026	Sanskriti Foundation	http://www.sanskritifoundation.org/Mani-Mann-Fellowship.htm	www.sanskritifoundation.org	403		HTTP 403
WARN	University of British Columbia GMAT (GRE/GRK) Scholarship 2026	university-of-british-columbia-gmat-gre-grk-scholarship-2026	UBC Sauder School of Business	https://www.sauder.ubc.ca/programs/masters-degrees/ubc-international-mba/admissions-finance/scholarships	www.sauder.ubc.ca	200	Scholarships - International MBA | UBC Sauder School of Business	title match 1/4
WARN	SAWISE Angus Scholarship 2026	sawise-angus-scholarship-2026	The Association of South African Women in Science and Engineering (SA WISE)	http://www.sawise.uct.ac.za/sawise/scholarships	www.sawise.uct.ac.za	200	Overview | South African Women in Science and Engineering	title match 0/3
FAIL	SCAD Academic Scholarship 2026	scad-academic-scholarship-2026	Savannah College of Art and Design (SCAD), Savannah	https://www.scad.edu/admission/financial-aid-and-scholarships/scholarships/entering-students	www.scad.edu	403		HTTP 403
FAIL	SCAD Achievement Scholarship 2026	scad-achievement-scholarship-2026	Savannah College of Art and Design (SCAD), Savannah	https://www.scad.edu/admission/financial-aid-and-scholarships/scholarships	www.scad.edu	403		HTTP 403
WARN	Advancing Earthquake Science Through Student Internships	advancing-earthquake-science-through-student-internships	University of Southern California	https://www.scec.org/internships/	www.scec.org	200	SCEC Internships &#8211; Statewide California Earthquake Center	title match 2/6
WARN	SCEC Supported Opportunities for Undergraduates and Researchers to Collaborate on Earthquake Science (SOURCES)	scec-supported-opportunities-for-undergraduates-and-researchers-to-collaborate-on-earthquake-science-sources	University of Southern California	https://www.scec.org/internships/	www.scec.org	200	SCEC Internships &#8211; Statewide California Earthquake Center	title match 1/8
WARN	Scientia Scholarship at University of New South Wales 2026	scientia-scholarship-at-university-of-new-south-wales-2026	University of New South Wales (UNSW)	https://www.scholarships.unsw.edu.au/scholarships/id/102	www.scholarships.unsw.edu.au	200	Scientia Scholarship | Scholarships	title match 2/5
WARN	Schwarzman Scholars Program at Tsinghua University 2026	schwarzman-scholars-program-at-tsinghua-university-2026	Schwarzman Scholars	https://www.schwarzmanscholars.org/	www.schwarzmanscholars.org	200	Home - Schwarzman Scholars	title match 2/5
WARN	SCU Provost Scholarship for first year undergraduates 2026	scu-provost-scholarship-for-first-year-undergraduates-2026	Santa Clara University	https://www.scu.edu/financialaid/types-of-aid/scholarships-and-grants/merit-scholarships/	www.scu.edu	200	Merit Scholarships - Financial Aid - Santa Clara University	title match 1/4
FAIL	Vice Chancellor’s International Diversification Scholarship at Southern Cross University 2026	vice-chancellor-s-international-diversification-scholarship-at-southern-cross-university-2026	Southern Cross University	https://www.scu.edu.au/scholarships/international-student-scholarships/vice-chancellors-international-diversification-scholarship/	www.scu.edu.au	404		HTTP 404
WARN	Business Administration — Shandong Jianzhu University (Bachelor's)	business-administration-shandong-jianzhu-university-bachelor-s	Shandong Jianzhu University	https://www.sdjzu.edu.cn/	www.sdjzu.edu.cn	200	山东建筑大学	title match 0/6
WARN	Thermal Energy and Power Engineering — Shandong Jianzhu University (Bachelor's)	thermal-energy-and-power-engineering-shandong-jianzhu-university-bachelor-s	Shandong Jianzhu University	https://www.sdjzu.edu.cn/	www.sdjzu.edu.cn	200	山东建筑大学	title match 0/8
WARN	Chinese and Culture Program — Shandong Polytechnic College (Non-degree)	chinese-and-culture-program-shandong-polytechnic-college-non-degree	Shandong Polytechnic College	https://www.sdpu.edu.cn/	www.sdpu.edu.cn	200	山东理工职业学院--山东省高等教育特色名校	title match 0/7
WARN	Foundation of German Business (sdw): Academic study sponsorship	foundation-of-german-business-sdw-academic-study-sponsorship-daad	Foundation of German Business (sdw)	https://www.sdw.org/studienfoerderwerk	www.sdw.org	200	Angebote für Studierende und Promovierende - Stiftung der Deutschen Wirtschaft	title match 0/6
WARN	Foundation of German Business (sdw): Support for doctoral candidates	foundation-of-german-business-sdw-support-for-doctoral-candidates-daad	Foundation of German Business (sdw)	https://www.sdw.org/studienfoerderwerk	www.sdw.org	200	Angebote für Studierende und Promovierende - Stiftung der Deutschen Wirtschaft	title match 0/6
WARN	Electronic Commerce (International Trade) — Shandong Water Conservancy Vocational College (Associate)	electronic-commerce-international-trade-shandong-water-conservancy-vocational-college-asso	Shandong Water Conservancy Vocational College	https://www.sdwcvc.edu.cn/	www.sdwcvc.edu.cn	200	山东水利职业学院	title match 0/10
WARN	Marine Science Expeditions on SeaKeepers' DISCOVERY Yacht Fleet	marine-science-expeditions-on-seakeepers-discovery-yacht-fleet	International SeaKeepers Society	https://www.seakeepers.org/discovery-yacht-program/	www.seakeepers.org	200	DISCOVERY Program | SeaKeepers	title match 2/7
WARN	Catholic School Special Tuition Grant at Seattle University 2025	catholic-school-special-tuition-grant-at-seattle-university-2025	Seattle University (SU)	https://www.seattleu.edu/admissions-aid/financial-aid--scholarships/scholarships--grants/scholarships/	www.seattleu.edu	200	Financial Aid & Scholarships | Admissions & Aid | Seattle University	title match 2/7
WARN	Doctor of Philosophy (PhD) in Cell/Molecular Biology Fellowship Program	doctor-of-philosophy-phd-in-cell-molecular-biology-fellowship-program	SENS Research Foundation	https://www.sens.org/education-opportunities/graduate-programs/#masters-program	www.sens.org	200	Home lifespan | Lifespan Research Institute	title match 0/6
WARN	Doctor of Philosophy (PhD) in Cell/Molecular Biology Fellowship Program	doctor-of-philosophy-phd-in-cell-molecular-biology-fellowship-program-encesphd	University of Toledo	https://www.sens.org/education-opportunities/graduate-programs/#masters-program	www.sens.org	200	Home lifespan | Lifespan Research Institute	title match 0/6
FAIL	J C Bose National Fellowship 2026	j-c-bose-national-fellowship-2026	Science and Engineering Research Board (SERB), India	https://www.serbonline.in/SERB/jcbose_fellowship	www.serbonline.in	404		HTTP 404
FAIL	Astrobiology REU	astrobiology-reu-obiology	SETI Institute	http://www.seti.org/reu	www.seti.org			TypeError: fetch failed
FAIL	Astrobiology REU	astrobiology-reu	NASA Ames Research Center	http://www.seti.org/reu	www.seti.org			TypeError: fetch failed
WARN	The Instars Program : A Mentoring Opportunity for Undergrad Students from Under-represented groups interested Freshwater Science	the-instars-program-a-mentoring-opportunity-for-undergrad-students-from-under-represented-groups-interested-freshwater-science	Georgia Southern University	https://www.sfsemerge.org/apply	www.sfsemerge.org	200	Apply | NSF's Emerge Program	title match 1/12
FAIL	Postdoc Research Fellow at Institute of Nanotechnology, Spectroscopy and Quantum Chemistry (INSpeQ), 2017	postdoc-research-fellow-at-institute-of-nanotechnology-spectroscopy-and-quantum-chemistry-inspeq-2017	Siberian Federal University (SibFU)	http://www.sfu-kras.ru/node/9657	www.sfu-kras.ru			TypeError: fetch failed
WARN	Connaught International Scholarship at University of Toronto 2026	connaught-international-scholarship-at-university-of-toronto-2026	University of Toronto	https://www.sgs.utoronto.ca/programs/	www.sgs.utoronto.ca	200	Programs &#8211; School of Graduate Studies	title match 0/5
WARN	SGU Commonwealth Jubilee Scholarship Program	sgu-commonwealth-jubilee-scholarship-program-s4d	St. George’s University	http://www.sgu.edu/financial-services/jubilee-scholarship-program.html	www.sgu.edu	200	Scholarships for MD Students | St. George’s University	title match 1/4
FAIL	Södertörn University scholarships	s-dert-rn-university-scholarships-se	Södertörn University	https://www.sh.se/english/sodertorn-university/student/prospective-students/scholarships	www.sh.se	404		HTTP 404
WARN	Cosmic-Ray Muons in Different Applications at University of Sheffield 2026	cosmic-ray-muons-in-different-applications-at-university-of-sheffield-2026	University of Sheffield	https://www.sheffield.ac.uk/postgraduate/phd/projects	www.sheffield.ac.uk	200	PhD project directory | Postgraduate study | The University of Sheffield	title match 2/6
WARN	Integrative Systems of Carbon Removal Technologies PhD Scholarship at University of Sheffield 2026	integrative-systems-of-carbon-removal-technologies-phd-scholarship-at-university-of-sheffield-2026	University of Sheffield	https://www.sheffield.ac.uk/postgraduate/phd/projects	www.sheffield.ac.uk	200	PhD project directory | Postgraduate study | The University of Sheffield	title match 2/8
FAIL	Internships at the Smithsonian	internships-at-the-smithsonian	Smithsonian Institution	https://www.si.edu/ofi	www.si.edu	403		HTTP 403
FAIL	Simons-NSBP Scholars Program	simons-nsbp-scholars-program-scholars	Princeton University	https://www.simonsfoundation.org/simons-nsbp-summer-program-snsp/program-details	www.simonsfoundation.org	404		HTTP 404
FAIL	Simons-NSBP Scholars Program	simons-nsbp-scholars-program	National Society of Black Physicists (NSBP)	https://www.simonsfoundation.org/simons-nsbp-summer-program-snsp/program-details	www.simonsfoundation.org	404		HTTP 404
WARN	Flatiron Institute at Simons Foundation: Research Fellows and Associates, Research and Data Scientists	flatiron-institute-at-simons-foundation-research-fellows-and-associates-research-and-data-scientists	Simons Foundation	Https://www.simonsfoundation.org/flatiron/careers/	www.simonsfoundation.org	200	Careers	title match 0/9
FAIL	Meridian Scholarship at Southern Illinois University Edwardsville 2026	meridian-scholarship-at-southern-illinois-university-edwardsville-2026	Southern Illinois University Edwardsville	https://www.siue.edu/financial-aid/types-of-aid/list-feed/meridian-scholarship.shtml	www.siue.edu	404		HTTP 404
WARN	Paul D. Brown Memorial Scholarship Endowment at San Jose State University 2026	paul-d-brown-memorial-scholarship-endowment-at-san-jose-state-university-2026	San Jose State University (SJSU)	https://www.sjsu.edu/chhs/students/scholarships.php	www.sjsu.edu	200	Scholarships | College of Health and Human Sciences	title match 1/6
WARN	Simon Dominguez Scholarship Fund at San Jose State University 2026	simon-dominguez-scholarship-fund-at-san-jose-state-university-2026	San Jose State University (SJSU)	https://www.sjsu.edu/chhs/students/scholarships.php	www.sjsu.edu	200	Scholarships | College of Health and Human Sciences	title match 1/5
WARN	(School of Humanities)Chinese (International Chinese Language Education) — Shanghai Jiao Tong University (Bachelor's)	school-of-humanities-chinese-international-chinese-language-education-shanghai-jiao-tong-u	Shanghai Jiao Tong University	https://www.sjtu.edu.cn/	www.sjtu.edu.cn	200	上海交通大学中文主页门户网站	title match 0/10
WARN	Master in Management (Grand Ecole) Programme Award at SKEMA Business School 2025	master-in-management-grand-ecole-programme-award-at-skema-business-school-2025	SKEMA Business School, Dubai	https://www.skema.edu/en/financial-support	www.skema.edu	200		no <title> in page
FAIL	Sloan Foundation Research Fellowship	sloan-foundation-research-fellowship	Sloan Foundation	http://www.sloan.org/sloan-research-fellowships/	www.sloan.org	403		HTTP 403
WARN	Silesian University Merit-based Scholarships in Czech Republic, 2025	silesian-university-merit-based-scholarships-in-czech-republic-2025	University of Silesia in Katowice	https://www.slu.cz/opf/en/feesandscholarships	www.slu.cz	200	Making sure you&#39;re not a bot!	title match 0/7
FAIL	Swedish University of Agricultural Sciences scholarships	swedish-university-of-agricultural-sciences-scholarships-se	Swedish University of Agricultural Sciences	https://www.slu.se/en/education/application-and-admission/tuition-fees-and-scholarships/	www.slu.se	404		HTTP 404
WARN	Science, Mathematics And Research for Transformation Scholarship for Service Program	science-mathematics-and-research-for-transformation-scholarship-for-service-program	U.S. Department of Defense	https://www.smartscholarship.org/smart	www.smartscholarship.org	200	DoW STEM Scholarships - SMART Scholarship	title match 1/7
FAIL	Charles and Barbara Bickford International Scholarship at SNHU 2026	charles-and-barbara-bickford-international-scholarship-at-snhu-2026	Southern New Hampshire University (SNHU)	https://www.snhu.edu/tuition-and-financial-aid/paying-for-college/ways-to-save	www.snhu.edu	403		HTTP 403
FAIL	Charles Wallace India Fellowship 2026	charles-wallace-india-fellowship-2026	Charles Wallace India Trust (CWIT)	https://www.soas.ac.uk/study/student-life/finance/scholarships/soas-charles-wallace-india-fellowship	www.soas.ac.uk	403		HTTP 403
WARN	Special Presidents Research Grant on Motherhood  at Sofia University 2026	special-presidents-research-grant-on-motherhood-at-sofia-university-2026	Sofia University, California	https://www.sofia.edu/the-presidents-research-grant-on-motherhood/	www.sofia.edu	200	Exploring the Maternal Experience Through Research | Sofia University	title match 3/7
WARN	Equity, Inclusion, Diversity, and Accessibility Scholarship at Sofia University 2026	equity-inclusion-diversity-and-accessibility-scholarship-at-sofia-university-2026	Sofia University, California	https://www.sofia.edu/admissions/financial-aid/scholarships/	www.sofia.edu	200	Grants &amp; Scholarships | Sofia University	title match 3/7
FAIL	Admission Scholarship at SolBridge International School of Business 2026	admission-scholarship-at-solbridge-international-school-of-business-2026	SolBridge International School of Business	https://www.solbridge.ac.kr/story/page/index.jsp?code=solbridge_n070103a	www.solbridge.ac.kr			TypeError: fetch failed
WARN	The Oxford Thatcher Graduate Scholarships 2026	the-oxford-thatcher-graduate-scholarships-2026	University of Oxford	https://www.some.ox.ac.uk/funding-and-opportunities/graduate-scholarships/the-oxford-thatcher-graduate-scholarships/	www.some.ox.ac.uk	200		no <title> in page
FAIL	University of South Wales International office scholarships 2026	university-of-south-wales-international-office-scholarships-2026	University of South Wales, Cardiff or Prifysgol De Cymru	https://www.southwales.ac.uk/international/fees-scholarships/international-scholarships/	www.southwales.ac.uk	403		HTTP 403
FAIL	University of South Wales International Students Progressing to Masters 2026	university-of-south-wales-international-students-progressing-to-masters-2026	University of South Wales, Cardiff or Prifysgol De Cymru	https://www.southwales.ac.uk/international/fees-scholarships/international-scholarships/	www.southwales.ac.uk	403		HTTP 403
WARN	Merit Scholarships at SP Jain School of Global Management 2026	merit-scholarships-at-sp-jain-school-of-global-management-2026	SP Jain School of Global Management, Australia	https://www.spjain.org/programs/postgraduate/scholarships	www.spjain.org	200	Scholarships for postgraduate programs at SP Jain	title match 1/5
WARN	The SP Jain Global Diversity Scholarship 2026	the-sp-jain-global-diversity-scholarship-2026	SP Jain School of Global Management, Dubai	https://www.spjain.org/programs/postgraduate/scholarships#:~:text=GLOBAL%20DIVERSITY%20SCHOLARSHIP	www.spjain.org	200	Scholarships for postgraduate programs at SP Jain	title match 1/3
WARN	Society of Physics Students Summer Internship Program	society-of-physics-students-summer-internship-program	American Institute of Physics (AIP)	https://www.spsnational.org/programs/internships	www.spsnational.org	202		no <title> in page
WARN	Talent Scholarship for Creative Program at SRH University Berlin 2026	talent-scholarship-for-creative-program-at-srh-university-berlin-2026	SRH Berlin University of Applied Sciences or SRH Hochschule Berlin	https://www.srh-berlin.de/en/study-at-srh/financing-your-studies/	www.srh-berlin.de	200	Student Financing | SRH University	title match 1/6
WARN	Space Science and Engineering Center (SSEC) Summer Programming Internship Program	space-science-and-engineering-center-ssec-summer-programming-internship-program	University of Wisconsin, Madison	https://www.ssec.wisc.edu/summer-internships/	www.ssec.wisc.edu	200	Summer Internships	title match 2/8
FAIL	Donor-Funded Scholarships at Stetson University 2026	donor-funded-scholarships-at-stetson-university-2026	Stetson University	https://www.stetson.edu/administration/financial-aid/scholarships/	www.stetson.edu	403		HTTP 403
FAIL	Stetson Young Scholars Program Scholarship at Stetson University 2026	stetson-young-scholars-program-scholarship-at-stetson-university-2026	Stetson University	https://www.stetson.edu/administration/financial-aid/scholarships/	www.stetson.edu	403		HTTP 403
WARN	Financial Aid for Studies Abroad (Studienbeihilfe)	financial-aid-for-studies-abroad-studienbeihilfe-cf	Studienbeihilfenbehörde	https://www.stipendium.at/stipendien/studieren-im-ausland#header-ce-302	www.stipendium.at	200	Studieren im Ausland - Stipendium.at	title match 0/4
WARN	Global Excellence Scholarship at Stony Brook University 2026	global-excellence-scholarship-at-stony-brook-university-2026	Stony Brook University	https://www.stonybrook.edu/commcms/finaid/scholarships/International.php?accordion=content-d19e106	www.stonybrook.edu	200	International Students | Financial Aid	title match 0/6
WARN	Dr. W. Burghardt Turner Fellowship Program (SUNY Graduate Diversity Fellowship Program)	dr-w-burghardt-turner-fellowship-program-suny-graduate-diversity-fellowship-program	State University of New York (SUNY), Stony Brook	https://www.stonybrook.edu/commcms/cie/turner/funding-information/Prospective-Fellows/turnerfellowship	www.stonybrook.edu	200	Turner Fellowship | Center for Inclusive Education	title match 3/8
WARN	German National Academic Foundation: Leo Baeck Fellowship Programme	german-national-academic-foundation-leo-baeck-fellowship-programme-daad	German National Academic Foundation	https://www.studienstiftung.de/stipendium/stipendienprogramme/leo-baeck-fellowship	www.studienstiftung.de	200	Leo Baeck Fellowship | Studienstiftung des deutschen Volkes	title match 2/7
WARN	German Academic Scholarship Foundation: Scholarships for Students	german-academic-scholarship-foundation-scholarships-for-students-daad	German Academic Scholarship Foundation	https://www.studienstiftung.de/studienfoerderung/	www.studienstiftung.de	200	Bewerbung und Auswahl | Studienstiftung des deutschen Volkes	title match 0/6
FAIL	Study Scholarships - Master Studies for All Academic Disciplines	study-scholarships-master-studies-for-all-academic-disciplines-daad	DAAD	https://www.study-in-germany.de/en/	www.study-in-germany.de			TypeError: fetch failed
FAIL	Study Scholarships - Postgraduate Studies in the Field of the Performing Arts	study-scholarships-postgraduate-studies-in-the-field-of-the-performing-arts-daad	DAAD	https://www.study-in-germany.de/en/	www.study-in-germany.de			TypeError: fetch failed
FAIL	Finland Scholarships for Foreign Students	finland-scholarships-for-foreign-students-s4d	Not specified	http://www.studyinfinland.fi/what_to_study/study_programmes_database	www.studyinfinland.fi	404		HTTP 404
WARN	Government of Flanders Master Mind Scholarships for International Students	government-of-flanders-master-mind-scholarships-for-international-students-s4d	Government of Flanders	https://www.studyinflanders.be/scholarships/master-mind-scholarships	www.studyinflanders.be	200	Master Mind Scholarship - Study in Flanders	title match 2/6
FAIL	MENA Scholarship Programme (MSP) for Professionals from Middle East and North Africa	mena-scholarship-programme-msp-for-professionals-from-middle-east-and-north-africa-s4d	Netherlands Government	https://www.studyinholland.nl/scholarships/scholarships-administered-by-nuffic/mena-scholarship-programme	www.studyinholland.nl	404		HTTP 404
FAIL	Netherlands Fellowship Program for Short Courses	netherlands-fellowship-program-for-short-courses-s4d	Netherlands Government	https://www.studyinholland.nl/scholarships/scholarships-administered-by-nuffic/netherlands-fellowship-programmes	www.studyinholland.nl	404		HTTP 404
WARN	Belt and Road Scholarship (Designated Countries) by The Government of Hong Kong 2025	belt-and-road-scholarship-designated-countries-by-the-government-of-hong-kong-2025	Government of Hong Kong	https://www.studyinhongkong.edu.hk/en/hong-kong-education/scholarships.php	www.studyinhongkong.edu.hk	200	Study in Hong Kong	title match 0/4
WARN	Norway Tuition Free Universities and Scholarships for International Students	norway-tuition-free-universities-and-scholarships-for-international-students-s4d	Not specified	http://www.studyinnorway.no	www.studyinnorway.no	200	Home | Study in Norway	title match 1/6
FAIL	Stockholm University scholarships	stockholm-university-scholarships-se	Stockholm University	https://www.su.se/english/education/how-to-apply/fees-and-scholarships	www.su.se	404		HTTP 404
WARN	Scholarships for International Commercial Arbitration Law at Stockholm University	scholarships-for-international-commercial-arbitration-law-at-stockholm-university-se	Scholarships for International Commercial Arbitration Law at Stockholm University	https://www.su.se/english/education/course-catalogue/ji/jic1m	www.su.se	200	JIC1M - Stockholms universitet	title match 1/6
FAIL	Robson Art and Design Scholarship at University of Sunderland 2026	robson-art-and-design-scholarship-at-university-of-sunderland-2026	University of Sunderland, Sunderland	https://www.sunderland.ac.uk/study/scholarships-discounts-and-specialised-grants/pg/	www.sunderland.ac.uk	404		HTTP 404
WARN	Alumni Loyalty Scheme at University of Sunderland 2026	alumni-loyalty-scheme-at-university-of-sunderland-2026	University of Sunderland, Sunderland	https://www.sunderland.ac.uk/study/scholarships-discounts-and-specialised-grants/international/	www.sunderland.ac.uk	200	University scholarships and bursaries | University of Sunderland	title match 2/5
WARN	Voice Research Training Program	voice-research-training-program	University of Wisconsin, Madison	https://www.surgery.wisc.edu/education-training/training-for-researchers/voice-research-training-program/	www.surgery.wisc.edu	202		no <title> in page
WARN	Physician Associate Bursary at the University of Surrey 2026	physician-associate-bursary-at-the-university-of-surrey-2026	University of Surrey	https://www.surrey.ac.uk/fees-and-funding/scholarships-and-bursaries/physician-associate-bursary	www.surrey.ac.uk	200	Scholarships and bursaries | University of Surrey	title match 2/5
WARN	MPA Tuition Waivers at Southern Utah University 2027	mpa-tuition-waivers-at-southern-utah-university-2027	Southern Utah University (SUU)	https://www.suu.edu/hss/polscj/mpa/tuition-waiver.html	www.suu.edu	200	MPA Tuition Waiver Information - SUU	title match 1/4
FAIL	St. Vincent de Paul Scholarships 2025	st-vincent-de-paul-scholarships-2025	Society of Saint Vincent de Paul	https://www.svdpgb.org/scholarship-application	www.svdpgb.org	403		HTTP 403
WARN	Butex International Scholarships at Swinburne University of Technology 2025	butex-international-scholarships-at-swinburne-university-of-technology-2025	Swinburne University of Technology	https://www.swinburne.edu.au/life-at-swinburne/study-abroad-exchange/fee-help-scholarships-for-studying-overseas/	www.swinburne.edu.au	200	Overseas Program Fee Help &amp; Scholarships | Swinburne	title match 2/6
WARN	Giles Family Foundation Study Abroad Program at Swinburne University of Technology 2027	giles-family-foundation-study-abroad-program-at-swinburne-university-of-technology-2027	Swinburne University of Technology	https://www.swinburne.edu.au/life-at-swinburne/study-abroad-exchange/fee-help-scholarships-for-studying-overseas/	www.swinburne.edu.au	200	Overseas Program Fee Help &amp; Scholarships | Swinburne	title match 2/9
FAIL	Computer Science and Technology — Southwest University of Science and Technology (Bachelor's)	computer-science-and-technology-southwest-university-of-science-and-technology-bachelor-s	Southwest University of Science and Technology	https://www.swust.edu.cn/	www.swust.edu.cn			TypeError: fetch failed
FAIL	Mechanical Engineering — Southwest University of Science and Technology (Master's)	mechanical-engineering-southwest-university-of-science-and-technology-master-s	Southwest University of Science and Technology	https://www.swust.edu.cn/	www.swust.edu.cn			TypeError: fetch failed
FAIL	Physics — Southwest University of Science and Technology (Master's)	physics-southwest-university-of-science-and-technology-master-s	Southwest University of Science and Technology	https://www.swust.edu.cn/	www.swust.edu.cn			TypeError: fetch failed
WARN	Process Equipment and Control Engineering — Shenyang University of Chemical Technology (Bachelor's)	process-equipment-and-control-engineering-shenyang-university-of-chemical-technology-bache	Shenyang University of Chemical Technology	https://www.syuct.edu.cn/gjjy/info/1099/1091.htm	www.syuct.edu.cn	200	Setting and Implementation of Scholarship and Subsidy for International Students in Shenyang University of Chemical Technology   -国际教育学院	title match 4/9
WARN	NSF REU: Cyberinfrastructure Research 4 Social Change	nsf-reu-cyberinfrastructure-research-4-social-change	University of Texas, Austin	https://www.tacc.utexas.edu/education/undergraduates-graduates/reu/	www.tacc.utexas.edu	200	Research Experience for Undergraduates	title match 1/4
FAIL	Paid NSF Doctoral Fellowship in Coastal Resiliency	paid-nsf-doctoral-fellowship-in-coastal-resiliency	Texas A&amp;M University, Corpus Christi	https://www.tamucc.edu/engineering/research/crest/fellows-information.php	www.tamucc.edu	404		HTTP 404
WARN	USDA Research and Extension Experiences for Undergraduates (REEU) Research and Extension Experience in Energy and the Environment across Agriculture Disciplines (RE2AD)	usda-research-and-extension-experiences-for-undergraduates-reeu-research-and-extension-experience-in-energy-and-the-environment-across-agriculture-disciplines-re2ad	Texas A&amp;M University, Kingsville	https://www.tamuk.edu/engineering/institutes-research/USDA-REEU/index.html	www.tamuk.edu	200	U.S. Department of Agriculture - REEU | Texas A&amp;M University Kingsville	title match 1/13
WARN	Academic Merit Award at Taylor University 2026	academic-merit-award-at-taylor-university-2026	Taylor University, Indiana	https://www.taylor.edu/admissions/tuition-funding/scholarships	www.taylor.edu	200	Available Scholarships for Taylor Students | Taylor University Upland, IN	title match 2/5
WARN	University of Sydney - Sydney International Student Award at TaylorsCollege 2026	university-of-sydney-sydney-international-student-award-at-taylorscollege-2026	Taylors College Sydney (TC)	https://www.taylorssydney.edu.au/how-apply/awards-scholarships/	www.taylorssydney.edu.au	200	Awards and Scholarships - Taylors College	title match 1/7
WARN	Future Leaders Award at taylorsCollege 2026	future-leaders-award-at-taylorscollege-2026	Taylors College Sydney (TC)	https://www.taylorssydney.edu.au/how-apply/awards-scholarships/	www.taylorssydney.edu.au	200	Awards and Scholarships - Taylors College	title match 1/4
WARN	Postgraduate Ussher Fellowships, Trinity College Dublin 2026	postgraduate-ussher-fellowships-trinity-college-dublin-2026	Trinity College Dublin	https://www.tcd.ie/study/international/scholarships/postgraduate/ussher.php	www.tcd.ie	202		no <title> in page
WARN	The Seamus McDermott Entrepreneurship Scholarship at Trinity College Dublin 2026	the-seamus-mcdermott-entrepreneurship-scholarship-at-trinity-college-dublin-2026	Trinity College Dublin	https://www.tcd.ie/business/programmes/mba/full-time-mba/fees--scholarships/	www.tcd.ie	202		no <title> in page
WARN	DAAD-TEV-Master's degree scholarships	daad-tev-master-s-degree-scholarships-daad	DAAD	http://www.tev.org.tr	www.tev.org.tr	200	TEV | Türk Eğitim Vakfı	title match 0/3
WARN	Tourism Employees Welfare Scholarship 2026	tourism-employees-welfare-scholarship-2026	Tourism Employees Welfare Fund (TEWF)	http://www.tewf.mu/scholarship/	www.tewf.mu	200	Scholarship &#8211; TEWF	title match 1/4
WARN	STIBET Scholarship Fund at Deggendorf Institute of Technology 2026	stibet-scholarship-fund-at-deggendorf-institute-of-technology-2026	German Academic Exchange Service (DAAD)	https://www.th-deg.de/en/study-with-us/funding	www.th-deg.de	200	Funding | DIT	title match 0/5
WARN	Fond International Scholarship Fund at Deggendorf institute of technology 2025	fond-international-scholarship-fund-at-deggendorf-institute-of-technology-2025	Deggendorf Institute of Technology (DIT) (Technische Hochschule Deggendorf)	https://www.th-deg.de/en/study-with-us/funding	www.th-deg.de	200	Funding | DIT	title match 0/5
FAIL	World Citizen Talent Scholarship for International Students	world-citizen-talent-scholarship-for-international-students-s4d-2	The Hague University of Applied Sciences	https://www.thehagueuniversity.com/study-choice/masters-professional-courses/scholarships/world-citizen-talent-scholarship	www.thehagueuniversity.com	404		HTTP 404
WARN	AICPA Foundation CPA Exam Grant 2026	aicpa-foundation-cpa-exam-grant-2026	American Institute of Certified Public Accountants (AICPA) Foundation	https://www.thiswaytocpa.com/education/scholarship-search/	www.thiswaytocpa.com	200	National Scholarship Search : ThisWayToCPA : AICPA	title match 1/3
WARN	Links to Scholarship Programs of the World’s Top 100 Universities	links-to-scholarship-programs-of-the-world-s-top-100-universities-s4d	Not specified	https://www.timeshighereducation.com/world-university-rankings/2020/world-ranking	www.timeshighereducation.com	200	World University Rankings 2020 | Times Higher Education (THE)	title match 1/5
WARN	Tio talent scholarship at Tio Business School 2026	tio-talent-scholarship-at-tio-business-school-2026	Tio University (Tio Business School), Netherlands	https://www.tio.nl/en/studychoice/scholarships/	www.tio.nl	200	Tio scholarships for foreign students	title match 1/4
WARN	Tio super talent scholarship at Tio Business School 2026	tio-super-talent-scholarship-at-tio-business-school-2026	Tio University (Tio Business School), Netherlands	https://www.tio.nl/en/studychoice/scholarships/	www.tio.nl	200	Tio scholarships for foreign students	title match 1/5
FAIL	Tianjin University University Scholarship 2025	tianjin-university-university-scholarship-2025	China Scholarship Council (CSC)	http://www.tju.edu.cn/sie/en/jxj/tjdxjxj/	www.tju.edu.cn	404		HTTP 404
WARN	Tianjin University Bachelor’s Program Scholarship Of In Environment And Energy	tianjin-university-bachelor-s-program-scholarship-of-in-environment-and-energy	China Scholarship Council (CSC)	https://www.tju.edu.cn/	www.tju.edu.cn	200	天津大学	title match 0/7
WARN	Tianjin University Bachelor Scholarships In Chemical Engineering 2025	tianjin-university-bachelor-scholarships-in-chemical-engineering-2025	China Scholarship Council (CSC)	https://www.tju.edu.cn/	www.tju.edu.cn	200	天津大学	title match 0/6
WARN	MGM—Master of Global Management — School of Economics and Management, Tongji University (Master's)	mgm-master-of-global-management-school-of-economics-and-management-tongji-university-maste	School of Economics and Management, Tongji University	https://www.tongji.edu.cn/	www.tongji.edu.cn	200	同济大学	title match 0/9
WARN	MGM-Master of Global Management(Corporate Management) — School of Economics and Management, Tongji University (Master's)	mgm-master-of-global-management-corporate-management-school-of-economics-and-management-to	School of Economics and Management, Tongji University	https://www.tongji.edu.cn/	www.tongji.edu.cn	200	同济大学	title match 0/11
FAIL	25+ International Scholarships offered by the World’s Top Universities	25-international-scholarships-offered-by-the-world-s-top-universities-s4d	Not specified	https://www.topuniversities.com/university-rankings/world-university-rankings/2018	www.topuniversities.com	403		HTTP 403
WARN	Ted Rogers School Graduate Entrance Scholarship at Toronto Metropolitan University 2026	ted-rogers-school-graduate-entrance-scholarship-at-toronto-metropolitan-university-2026	Toronto Metropolitan University, TMU Ryerson University	https://www.torontomu.ca/mba/admissions/funding/	www.torontomu.ca	200	Funding - Master of Business Administration - Toronto Metropolitan University (TMU)	title match 3/8
FAIL	Postbaccalaureate Intramural Research Training Award (IRTA)	postbaccalaureate-intramural-research-training-award-irta	National Institutes of Health (NIH)	https://www.training.nih.gov/programs/postbac_irta	www.training.nih.gov	403		HTTP 403
FAIL	Individual Graduate Partnerships Program	individual-graduate-partnerships-program	National Institutes of Health (NIH)	http://www.training.nih.gov/programs/gpp/IndividualPartnership	www.training.nih.gov	403		HTTP 403
FAIL	Trent University Entrance Scholarships 2026	trent-university-entrance-scholarships-2026	Trent University	https://www.trentu.ca/futurestudents/international/tuition-awards/scholarships#deadlines	www.trentu.ca	404		HTTP 404
WARN	The Jorge Campos Award for Studies in Canada at Thompson Rivers University 2026	the-jorge-campos-award-for-studies-in-canada-at-thompson-rivers-university-2026	Thompson Rivers University, Canada	https://www.tru.ca/truworld/future-students/scholarships/jorge-campos-award.html	www.tru.ca	200	Jorge Campos Award	title match 3/8
WARN	KOSPIE Combined study and practice stays for engineers from developing countries Tunisia	kospie-combined-study-and-practice-stays-for-engineers-from-developing-countries-tunisia-daad	DAAD	https://www.tu-chemnitz.de/etit/messtech/index.php.en	www.tu-chemnitz.de	200	Professorship | Measurement and Sensor Technology | Faculty of Electrical Engineering and Information Technology | TU Chemnitz	title match 0/9
FAIL	John Paul Construction Awards at Technological University Dublin 2026	john-paul-construction-awards-at-technological-university-dublin-2026	Technological University Dublin (TU Dublin)	https://www.tudublin.ie/connect/the-tu-dublin-foundation/scholarships/john-paul-construction-awards/	www.tudublin.ie	404		HTTP 404
WARN	Loschge Scholarship at Technical University of Munich 2026	loschge-scholarship-at-technical-university-of-munich-2026	Technical University of Munich (TUM or TU Munich), Germany	https://www.tum.de/en/studies/fees-and-financial-aid/scholarships/tum-scholarships/loschge-scholarship	www.tum.de	200	Loschge Scholarship - TUM	title match 2/5
FAIL	The Friends Of The Turnbull Library Research Grant 2027	the-friends-of-the-turnbull-library-research-grant-2027	The Friends of the Turnbull Library	http://www.turnbullfriends.org.nz/research-grant/	www.turnbullfriends.org.nz			TypeError: fetch failed
FAIL	Forestry and Natural Resources Summer Program	forestry-and-natural-resources-summer-program	Tuskegee University	https://www.tuskegee.edu/programs-courses/colleges-schools/caens/conferences-workshops/fnr-summer-program	www.tuskegee.edu	404		HTTP 404
FAIL	AgDiscovery Summer Program	agdiscovery-summer-program	Tuskegee University	https://www.tuskegee.edu/programs-courses/colleges-schools/caens/conferences-workshops/agritrekscitrek	www.tuskegee.edu	404		HTTP 404
WARN	Verizon Innovative Learning for Minority Males	verizon-innovative-learning-for-minority-males	Tuskegee University	https://www.tuskegee.edu/Summer-Programs.html	www.tuskegee.edu	200	Summer Programs | Tuskegee University	title match 0/5
WARN	REU Site: Research Experience in Cold Climate Engineering and Science	reu-site-research-experience-in-cold-climate-engineering-and-science	University of Alaska, Anchorage	https://www.uaa.alaska.edu/academics/college-of-engineering/departments/mechanical-engineering/reu.cshtml	www.uaa.alaska.edu	200	REU Site | Mechanical Engineering | University of Alaska Anchorage	title match 1/5
WARN	Blazing to Biomedical Career: A Bridges to Baccalaureate Degree Program	blazing-to-biomedical-career-a-bridges-to-baccalaureate-degree-program-zebiomed	Lawson State Community College	https://www.uab.edu/cord/bbc	www.uab.edu	200	Blazing to Biomedical Career | Center for Community Outreach Development	title match 3/7
WARN	Summer Research Opportunity for Undergraduates in Neuroscience	summer-research-opportunity-for-undergraduates-in-neuroscience	University of Alabama, Birmingham	https://www.uab.edu/medicine/home/education/undergraduate-programs/summer-programs	www.uab.edu	200	Summer Programs | Heersink School of Medicine	title match 1/5
WARN	Merit Fellowship Award for Newly Admitted Students at United Arab Emirates University 2026	merit-fellowship-award-for-newly-admitted-students-at-united-arab-emirates-university-2026	United Arab Emirates University (UAEU)	https://www.uaeu.ac.ae/en/cgs/chancellorfellowship.shtml	www.uaeu.ac.ae	200	Request Rejected	title match 0/9
WARN	Entrepreneurs Fellowship Award at United Arab Emirates University 2026	entrepreneurs-fellowship-award-at-united-arab-emirates-university-2026	United Arab Emirates University (UAEU)	https://www.uaeu.ac.ae/en/cgs/chancellorfellowship.shtml	www.uaeu.ac.ae	200	Request Rejected	title match 0/6
WARN	Research and Teaching Assistantships in Oceanography	research-and-teaching-assistantships-in-oceanography	University of Alaska, Fairbanks	https://www.uaf.edu/gradschool/current-students/assistantships.php	www.uaf.edu	200	Graduate assistantships | UAF | Graduate School &amp; Interdisciplinary Studies	title match 1/4
WARN	University of Alberta Graduate Recruitment Scholarship 2027	university-of-alberta-graduate-recruitment-scholarship-2027	University of Alberta, Canada	https://www.ualberta.ca/graduate-studies/awards-and-funding/scholarships/recruitment-scholarship.html	www.ualberta.ca	202		no <title> in page
WARN	Pansy and George Strange Graduate Scholarship at University of Alberta 2026	pansy-and-george-strange-graduate-scholarship-at-university-of-alberta-2026	University of Alberta, Canada	https://www.ualberta.ca/graduate-studies/awards-and-funding/scholarships/department-awards/pansy-and-george-strange-graduate-scholarship.html	www.ualberta.ca	202		no <title> in page
WARN	Undergraduate Freshman Grant at University of Barcelona 2026	undergraduate-freshman-grant-at-university-of-barcelona-2026	University of Barcelona	https://www.ub.edu/beques/en/grants/graduate/first.htm	www.ub.edu	200	Universitat de Barcelona	title match 1/5
FAIL	Merit Scholarship for Undergraduate Program, 2026	merit-scholarship-for-undergraduate-program-2026	University of Coimbra	https://www.uc.pt/international-applicants/oportunidades/funding/ei	www.uc.pt	403		HTTP 403
WARN	UCA Merit Scholarship (September 2025 and January 2026)	uca-merit-scholarship-september-2025-and-january-2026	University for the Creative Arts (UCA)	https://www.uca.ac.uk/study-at-uca/scholarships/	www.uca.ac.uk	200	Scholarships | University for the Creative Arts	title match 1/4
WARN	Southeast Asia (SEA) Regional Grant at University Canada West 2026	southeast-asia-sea-regional-grant-at-university-canada-west-2026	University Canada West (UCW), Canada	https://www.ucanwest.ca/admissions/awards-scholarships/#1aaea5f335539e552	www.ucanwest.ca	200	Awards &amp; Scholarships | University Canada West	title match 2/5
FAIL	PGT International Scholarship for Nigerian Applicants at Northumbria University 2027	pgt-international-scholarship-for-nigerian-applicants-at-northumbria-university-2027	Northumbria University, Newcastle	https://www.ucas.com/explore/scholarships-and-bursaries/0e3b9390-34de-4176-963d-bf6c1280e8fe/2026-27-pgt-international-scholarship-for-nigerian-applicants	www.ucas.com	403		HTTP 403
WARN	UCD International Foundation Year Pathway at University College Dublin 2026	ucd-international-foundation-year-pathway-at-university-college-dublin-2026	University College Dublin UCD	https://www.ucd.ie/global/study-at-ucd/scholarshipsfinances/scholarships/ucdifyscholarships/	www.ucd.ie	200	UCD IFY Scholarships - UCD Global	title match 0/6
WARN	Universitas 21 Alumni Scholarship at University College Dublin 2026	universitas-21-alumni-scholarship-at-university-college-dublin-2026	University College Dublin UCD	https://www.ucd.ie/global/study-at-ucd/scholarshipsfinances/scholarships/	www.ucd.ie	200	Scholarships - UCD Global	title match 1/6
WARN	Additional Merit Scholarship in USA at University of Colorado Denver 2026	additional-merit-scholarship-in-usa-at-university-of-colorado-denver-2026	University of Colorado Denver	https://www.ucdenver.edu/international-admissions/costs-financial-aid/undergraduate	www.ucdenver.edu	200	Undergraduate (Bachelor Degree)	title match 0/6
WARN	Automatic Merit Scholarship at University of Colorado Denver 2026	automatic-merit-scholarship-at-university-of-colorado-denver-2026	University of Colorado Denver	https://www.ucdenver.edu/international-admissions/costs-financial-aid/undergraduate	www.ucdenver.edu	200	Undergraduate (Bachelor Degree)	title match 0/6
FAIL	UCL Undergraduate Bursary 2026	ucl-undergraduate-bursary-2026	University College London (UCL)	https://www.ucl.ac.uk/scholarships/ucl-undergraduate-bursary	www.ucl.ac.uk	403		HTTP 403
FAIL	UCL Accommodation Bursary at the University College London 2026	ucl-accommodation-bursary-at-the-university-college-london-2026	University College London (UCL)	https://www.ucl.ac.uk/scholarships/ucl-accommodation-bursary	www.ucl.ac.uk	403		HTTP 403
WARN	University of Central Lancashire Articulation Scholarship 2026	university-of-central-lancashire-articulation-scholarship-2026	University of Central Lancashire	https://www.uclan.ac.uk/study/fees-and-finance/bursaries-and-scholarships/articulation-scholarship	www.uclan.ac.uk	200	Articulation Scholarship	title match 2/5
WARN	University of Central Oklahoma Graduate Merit Global Scholar 2026	university-of-central-oklahoma-graduate-merit-global-scholar-2026	University of Central Oklahoma	https://www.uco.edu/student-resources/oga/scholarships#:~:text=GRADUATE%20MERIT%20GLOBAL%20SCHOLAR	www.uco.edu	200	UCO: Scholarships and Financial Assistance	title match 1/7
WARN	University of Central Oklahoma Distinguished Graduate Scholar 2026	university-of-central-oklahoma-distinguished-graduate-scholar-2026	University of Central Oklahoma	https://www.uco.edu/student-resources/oga/scholarships#:~:text=DISTINGUISHED%20GRADUATE%20SCHOLAR	www.uco.edu	200	UCO: Scholarships and Financial Assistance	title match 1/6
WARN	Undergraduate Clinical Scholars Program	undergraduate-clinical-scholars-program	University of Pennsylvania	http://www.ucspinfo.org/	www.ucspinfo.org	200	UCSP - Home	title match 0/4
WARN	Single parent family discount at University of Andorra 2025	single-parent-family-discount-at-university-of-andorra-2025	University of Andorra	https://www.uda.ad/en/choose-the-uda/grants-discounts-and-prices/	www.uda.ad	200	Grants, discounts and prices - Universitat d&#039;Andorra	title match 2/6
WARN	Large Family Discount at University of Andorra 2025	large-family-discount-at-university-of-andorra-2025	University of Andorra	https://www.uda.ad/en/choose-the-uda/grants-discounts-and-prices/	www.uda.ad	200	Grants, discounts and prices - Universitat d&#039;Andorra	title match 2/5
WARN	Native American Congressional Internship	native-american-congressional-internship	Udall Foundation	https://www.udall.gov/OurPrograms/Internship/Internship.aspx	www.udall.gov	200	Udall Foundation	title match 0/4
WARN	Siblings and Spouses Scholarships at University of Europe for Applied Sciences 2026	siblings-and-spouses-scholarships-at-university-of-europe-for-applied-sciences-2026	University of Europe for Applied Sciences, Germany	https://www.ue-germany.com/study-with-us/fees-and-finance/ue-scholarships	www.ue-germany.com	200	Scholarships ▶ Financing your Studies in Germany✓	title match 1/7
WARN	Digital pioneer scholarship at University of Europe for Applied Sciences 2026	digital-pioneer-scholarship-at-university-of-europe-for-applied-sciences-2026	University of Europe for Applied Sciences, Germany	https://www.ue-germany.com/study-with-us/fees-and-finance/ue-scholarships	www.ue-germany.com	200	Scholarships ▶ Financing your Studies in Germany✓	title match 1/7
FAIL	International PG Merit Scholarship B at the University of East Anglia 2026	international-pg-merit-scholarship-b-at-the-university-of-east-anglia-2026	University of East Anglia	https://www.uea.ac.uk/study/fees-and-funding/scholarships/international-pg-merit-scholarship-b-2025	www.uea.ac.uk	405		HTTP 405
FAIL	International UG Merit Scholarship at the University of East Anglia 2026	international-ug-merit-scholarship-at-the-university-of-east-anglia-2026	University of East Anglia	https://www.uea.ac.uk/study/fees-and-funding/scholarships/international-ug-merit-scholarship	www.uea.ac.uk	405		HTTP 405
WARN	Craftsman Collision Annual Entrance Scholarship at University of the Fraser Valley 2026	craftsman-collision-annual-entrance-scholarship-at-university-of-the-fraser-valley-2026	University of the Fraser Valley, Canada	https://www.ufv.ca/fineaid/awards/ufv-entrance-scholarships/ufv-trades-entrance-scholarships/	www.ufv.ca	200	Awards, Scholarships &amp; Bursaries > UFV Entrance Scholarships > UFV Trades Entrance Scholarships | UFV.ca	title match 2/8
WARN	Dhami Family Endowment Leadership Award for Transferring Chandigarh Students at University of the Fraser Valley 2026	dhami-family-endowment-leadership-award-for-transferring-chandigarh-students-at-university-of-the-fraser-valley-2026	University of the Fraser Valley, Canada	https://www.ufv.ca/fineaid/awards/ufv-scholarships/international-student-awards/	www.ufv.ca	200	Awards, Scholarships &amp; Bursaries > UFV Scholarships &amp; Leadership Awards > International Student Awards | UFV.ca	title match 2/11
WARN	South Asia Scholarship at University of the Highlands and Islands 2026	south-asia-scholarship-at-university-of-the-highlands-and-islands-2026	University of the Highlands and Islands (UHI)	https://www.uhi.ac.uk/en/studying-at-uhi/how-much-will-it-cost/funding-your-studies/bursaries-and-scholarships/south-asia-scholarship.html	www.uhi.ac.uk	200	Funding - Scholarships, Bursaries, Awards and Discretionary Funds - South Asia Scholarship	title match 2/5
FAIL	Invitation to Idaho Scholarship at University of Idaho 2026	invitation-to-idaho-scholarship-at-university-of-idaho-2026	University of Idaho	https://www.uidaho.edu/financial-aid/scholarships/international	www.uidaho.edu	404		HTTP 404
WARN	Catholic High School Scholarship at University of The Incarnate World 2026	catholic-high-school-scholarship-at-university-of-the-incarnate-world-2026	University of the Incarnate Word	https://www.uiw.edu/admissions/resources/scholarships.html	www.uiw.edu	200	New Student Scholarships and Aid Opportunities | Resources	title match 1/6
WARN	Sibling Discount at University of The Incarnate Word 2024/25	sibling-discount-at-university-of-the-incarnate-word-2024-25	University of the Incarnate Word	https://www.uiw.edu/admissions/internationaladmissions/scholarships.html	www.uiw.edu	200	Scholarships | International Admissions	title match 0/4
FAIL	Faculty of Science and Engineering Scholarships at University of Limerick 2026	faculty-of-science-and-engineering-scholarships-at-university-of-limerick-2026	University of Limerick	https://www.ul.ie/gps/international-student/scholarships-international-students/faculty-of-science-and-engineering-scholarships	www.ul.ie	404		HTTP 404
FAIL	Study Abroad Scholarship at Ulster University 2025	study-abroad-scholarship-at-ulster-university-2025	Ulster University, Belfast	https://www.ulster.ac.uk/global/apply/scholarships/study-abroad-scholarship	www.ulster.ac.uk	403		HTTP 403
FAIL	Leadership Academy Online Summer Program	leadership-academy-online-summer-program	University of Massachusetts, Amherst	https://www.umass.edu/diversitysciences/leadership-academy	www.umass.edu	403		HTTP 403
FAIL	Summer Pre-College Program Funding and Scholarships	summer-pre-college-program-funding-and-scholarships	University of Massachusetts, Amherst	https://www.umass.edu/uww/pre-college	www.umass.edu	403		HTTP 403
FAIL	First-Year Merit Scholarship (Maize & Blue Merit Scholarship) at University of Michigan - Flint 2026	first-year-merit-scholarship-maize-blue-merit-scholarship-at-university-of-michigan-flint-2026	University of Michigan-Flint	https://www.umflint.edu/admissions/paying-for-college/first-year-merit-scholarship/	www.umflint.edu	403		HTTP 403
WARN	Deans Scholarship Program at University of Massachusetts Lowell 2026	deans-scholarship-program-at-university-of-massachusetts-lowell-2026	University of Massachusetts Lowell	https://www.uml.edu/thesolutioncenter/financial-aid/Scholarships/Freshmen.aspx#Non-Mass	www.uml.edu	200	Scholarships for First-Year Students | Merit Scholarships | My Financial Aid | The Solution Center | UMass Lowell	title match 2/6
WARN	Geo-Launchpad	geo-launchpad	EarthScope Consortium	https://www.unavco.org/education/student-internships/geo-launchpad/	www.unavco.org	200	Student Internships | EarthScope Consortium	title match 0/1
WARN	Geo-Launchpad	geo-launchpad-aunchpad	New Mexico Institute of Mining and Technology	https://www.unavco.org/education/student-internships/geo-launchpad/	www.unavco.org	200	Student Internships | EarthScope Consortium	title match 0/1
WARN	Universit&auml;t Hamburg: Merit Scholarships for International Students	universitandauml-t-hamburg-merit-scholarships-for-international-students-daad	Universit&auml;t Hamburg	http://www.uni-hamburg.de/internationales/studieren-an-der-uhh/finanzierung-des-studiums/leistungsstipendien.html	www.uni-hamburg.de	200	Leistungsstipendien : UHH : Universität Hamburg	title match 2/6
WARN	University of Basel Final-Phase Partial Scholarships	university-of-basel-final-phase-partial-scholarships-ch	University of Basel	https://www.unibas.ch/en/Studies/Advice-and-Support/Funding/Scholarships/Funding-From-the-University-of-Basel.html	www.unibas.ch	200	Funding from the University of Basel | University of Basel	title match 2/6
WARN	Unibo Action 1 & 2 Scholarships for International Students	unibo-action-1-and-2-scholarships-for-international-students-it	University of Bologna	https://www.unibo.it/en/study/study-grants-and-subsidies	www.unibo.it	200	Study grants and subsidies — University of Bologna	title match 0/5
WARN	Bocconi Award - Artificial Intelligence 2026	bocconi-award-artificial-intelligence-2026	Bocconi University	https://www.unibocconi.eu/wps/wcm/connect/bocconi/sitopubblico_en/navigation+tree/home/programs/current+students/services/funding/2023-2024+bocconi+international+award+graduate	www.unibocconi.eu	200	Funding | Bocconi University	title match 1/4
WARN	UNIL Master’s Grants in Switzerland for Foreign Students	unil-master-s-grants-in-switzerland-for-foreign-students-s4d	University of Lausanne	https://www.unil.ch/unil/en/home/menuinst/etudier/mobilite-et-echange/etudiantes-et-etudiants-internationaux/etudiantes-internationaux-reguliers/bourse-de-master.html	www.unil.ch	200	Unil Master&#039;s Scholarship	title match 1/5
WARN	International Research Tuition Scholarship (IRTS) at University of South Australia 2025	international-research-tuition-scholarship-irts-at-university-of-south-australia-2025	University Of South Australia UniSA	https://www.unisa.edu.au/research/degrees/scholarships/university-wide-scholarships-for-international-applicants/	www.unisa.edu.au	200	Research scholarships | Adelaide University	title match 3/7
WARN	The William T. Southcott Scholarship at University of South Australia 2025	the-william-t-southcott-scholarship-at-university-of-south-australia-2025	University Of South Australia UniSA	https://www.unisa.edu.au/research/degrees/Scholarships/The-William-T-Southcott-Scholarship/	www.unisa.edu.au	200	Research scholarships | Adelaide University	title match 2/6
FAIL	HSG Excellence Scholarships	hsg-excellence-scholarships-ch	University of St. Gallen (HSG)	https://www.unisg.ch/en/studying/orientation/advice-and-support/financing-your-studies/hsg-funds-and-excellence-scholarships/	www.unisg.ch			AbortError: This operation was aborted
WARN	Minerva Scholarship Fund at Leiden University 2026	minerva-scholarship-fund-at-leiden-university-2026	Leiden University	https://www.universiteitleiden.nl/en/scholarships/sea/minerva-scholarship-fund	www.universiteitleiden.nl	200	Toegang geblokkeerd / Access Blocked	title match 0/4
WARN	Leiden University Excellence Scholarship (LExS) 2026	leiden-university-excellence-scholarship-lexs-2026	Leiden University	https://www.universiteitleiden.nl/en/scholarships/sea/leiden-university-excellence-scholarship-lexs	www.universiteitleiden.nl	200	Toegang geblokkeerd / Access Blocked	title match 0/4
WARN	Undergraduate Merit Scholarships in the College of Arts, Social Sciences and Celtic Studies at University of Galway 2026	undergraduate-merit-scholarships-in-the-college-of-arts-social-sciences-and-celtic-studies-at-university-of-galway-2026	University of Galway	https://www.universityofgalway.ie/internationalscholarships/	www.universityofgalway.ie	200	Scholarships for Global Students - University of Galway	title match 3/10
FAIL	Tom and Janet Miller Scholarship at UNO 2026	tom-and-janet-miller-scholarship-at-uno-2026	University of Nebraska Omaha	https://www.unomaha.edu/international-at-uno/student-support/scholarships-and-funding.php#c	www.unomaha.edu	403		HTTP 403
FAIL	The International Academic Excellence Scholarship for Undergraduates at University of Nebraska Omaha 2026	the-international-academic-excellence-scholarship-for-undergraduates-at-university-of-nebraska-omaha-2026	University of Nebraska Omaha	https://www.unomaha.edu/international-at-uno/student-support/scholarships-and-funding.php#c	www.unomaha.edu	403		HTTP 403
WARN	Anita B. Lawrence PhD Scholarship in Acoustics at University of New South Wales (UNSW) 2026	anita-b-lawrence-phd-scholarship-in-acoustics-at-university-of-new-south-wales-unsw-2026	University of New South Wales (UNSW)	https://www.unsw.edu.au/research/hdr/scholarships	www.unsw.edu.au	200	HDR scholarships | UNSW Sydney	title match 1/7
WARN	NDARC Scholarships at University of New South Wales 2025	ndarc-scholarships-at-university-of-new-south-wales-2025	University of New South Wales (UNSW)	https://www.unsw.edu.au/research/ndarc/research-impact/postgraduate-research/scholarships-at-ndarc	www.unsw.edu.au	200	Scholarships at NDARC | National Drug &amp; Alcohol Research Centre - UNSW Sydney - UNSW Sydney	title match 2/5
WARN	Elena Grothier Memorial Scholarship at University of Guelph 2026	elena-grothier-memorial-scholarship-at-university-of-guelph-2026	University of Guelph, Guelph, Ridgetown, Humber	https://www.uoguelph.ca/registrar/studentfinance/apps/grawards?id=I5032	www.uoguelph.ca	200	Graduate Award Search | Student Financial Services	title match 0/6
WARN	Faculty of Engineering Dean's Merit Scholarship at University of Ottawa, Canada	2026	faculty-of-engineering-dean-s-merit-scholarship-at-university-of-ottawa-canada-2026	University of Ottawa, Canada	https://www.uottawa.ca/study/fees-financial-support/scholarships-awards-overview	www.uottawa.ca	200	Scholarships and awards - Overview | Study	title match 1/7
WARN	Faculty of Social Sciences Deans Excellence Award 2025	faculty-of-social-sciences-deans-excellence-award-2025	University of Ottawa, Canada	https://www.uottawa.ca/study/fees-financial-support/scholarships-awards-overview	www.uottawa.ca	200	Scholarships and awards - Overview | Study	title match 1/6
FAIL	Global Start India Scholarship at University of Wollongong 2026	global-start-india-scholarship-at-university-of-wollongong-2026	University of Wollongong (UOW), Australia	https://www.uow.edu.au/study/scholarships/international/global-start-india-scholarship/	www.uow.edu.au	404		HTTP 404
WARN	English Language Bursaries for International Students at University of Wollongong 2026	english-language-bursaries-for-international-students-at-university-of-wollongong-2026	University of Wollongong (UOW), Australia	https://www.uowcollege.edu.au/support-resources/student-services/fees/international/	www.uowcollege.edu.au	200	International fees and scholarships - UOW College Australia	title match 1/7
FAIL	Academic Merit Scholarship for New Masters Students at University of Wollongong Dubai 2026	academic-merit-scholarship-for-new-masters-students-at-university-of-wollongong-dubai-2026	University of Wollongong (UOW), Dubai	https://www.uowdubai.ac.ae/join-uowd/scholarships/master-scholarships-for-new-students#ApplicationProceduresspan	www.uowdubai.ac.ae	403		HTTP 403
FAIL	Academic Merit Scholarship for Continuing Students at University of Wollongong Dubai 2026	academic-merit-scholarship-for-continuing-students-at-university-of-wollongong-dubai-2026	University of Wollongong (UOW), Dubai	https://www.uowdubai.ac.ae/join-uowd/scholarships/bachelor-scholarships-for-continuing-students	www.uowdubai.ac.ae	403		HTTP 403
FAIL	Post-baccalaureate Research Education Program (PREP Program)	post-baccalaureate-research-education-program-prep-program	University of Rochester	https://www.urmc.rochester.edu/education/graduate/prep-program.aspx	www.urmc.rochester.edu	404		HTTP 404
WARN	Postdoctoral Fellowship in Environmental Health Biostatistics	postdoctoral-fellowship-in-environmental-health-biostatistics	University of Rochester	https://www.urmc.rochester.edu/biostat/training-grant.aspx	www.urmc.rochester.edu	200	Training Grant - Department of Biostatistics and Computational Biology - URochester Medicine	title match 1/5
WARN	Green and Gold Presidential Waiver Award at USF 2027	green-and-gold-presidential-waiver-award-at-usf-2027	University of South Florida (USF)	https://www.usf.edu/admissions/international/admission-information/cost-of-attendance/scholarships.aspx	www.usf.edu	200	International Scholarships | University of South Florida	title match 0/4
FAIL	U.S. Geological Survey Mendenhall Postdoctoral Research Fellowships, Various Locations	u-s-geological-survey-mendenhall-postdoctoral-research-fellowships-various-locations	American Geophysical Union (AGU)	https://www.usgs.gov/centers/mendenhall-research-fellowship-program/additional-employment-information	www.usgs.gov	405		HTTP 405
FAIL	ESA-USGS Cooperative Summer Internship Program	esa-usgs-cooperative-summer-internship-program	Ecological Society of America (ESA)	https://www.usgs.gov/science-support/osqi/youth-education-science/cooperative-summer-internship-programs	www.usgs.gov	405		HTTP 405
WARN	USI Merit Scholarships (Foundation for the Lugano Faculties)	usi-merit-scholarships-foundation-for-the-lugano-faculties-ch	Università della Svizzera italiana (USI)	https://www.usi.ch/en/education/tuition-and-scholarships	www.usi.ch	200		no <title> in page
FAIL	Vice-Chancellor’s International Postgraduate Scholarships at University of Southern Queensland	vice-chancellor-s-international-postgraduate-scholarships-at-university-of-southern-queens-s4d	University of Southern Queensland	http://www.usq.edu.au/scholarships/usq/vice-chancellors-international-postgraduate	www.usq.edu.au	404		HTTP 404
WARN	Chancellors Excellence Scholarship at University of Southern Queensland 2026	chancellors-excellence-scholarship-at-university-of-southern-queensland-2026	University of Southern Queensland	https://www.usq.edu.au/scholarships/chancellors-excellence-scholarship	www.usq.edu.au	200	Chancellor&#39;s Excellence Scholarship | UniSQ	title match 2/6
WARN	Mining Engineering — University of Science and Technology Beijing (Bachelor's)	mining-engineering-university-of-science-and-technology-beijing-bachelor-s	University of Science and Technology Beijing	https://www.ustb.edu.cn/	www.ustb.edu.cn	200	北京科技大学	title match 0/7
WARN	Materials Science and Engineering — University of Science and Technology Beijing (Bachelor's)	materials-science-and-engineering-university-of-science-and-technology-beijing-bachelor-s	University of Science and Technology Beijing	https://www.ustb.edu.cn/	www.ustb.edu.cn	200	北京科技大学	title match 0/8
WARN	German — University of Science and Technology Beijing (Bachelor's)	german-university-of-science-and-technology-beijing-bachelor-s	University of Science and Technology Beijing	https://www.ustb.edu.cn/	www.ustb.edu.cn	200	北京科技大学	title match 0/6
WARN	International Nonresident Tuition Waiver (HB118) at Utah State University 2026	international-nonresident-tuition-waiver-hb118-at-utah-state-university-2026	Utah State University(USU)	https://www.usu.edu/admissions/international/undergraduate-costs#scholarships	www.usu.edu	200	Undergraduate Costs | International Admissions | USU	title match 1/7
WARN	International Student Alumni Legacy Nonresident Waiver at Utah State University 2026	international-student-alumni-legacy-nonresident-waiver-at-utah-state-university-2026	Utah State University(USU)	https://www.usu.edu/admissions/international/undergraduate-costs#scholarships	www.usu.edu	200	Undergraduate Costs | International Admissions | USU	title match 1/8
FAIL	Tasmania Graduate Research Scholarship, 2026	tasmania-graduate-research-scholarship-2026	University of Tasmania	https://www.utas.edu.au/research/degrees/scholarships-and-fees#Major-scholarships	www.utas.edu.au	403		HTTP 403
FAIL	Postgraduate Alumni Scholarship at University of Tasmania 2025	postgraduate-alumni-scholarship-at-university-of-tasmania-2025	University of Tasmania	https://www.utas.edu.au/study/scholarships-fees-and-costs/international-scholarships/10-tuition-fee-discounts	www.utas.edu.au	403		HTTP 403
WARN	Research Experience for Undergraduates in Chihuahuan Desert Biodiversity	research-experience-for-undergraduates-in-chihuahuan-desert-biodiversity	University of Texas, El Paso	https://www.utep.edu/couri/programs/cdb-reu/	www.utep.edu	200	Page Redirection	title match 0/6
WARN	UTEP ROADS Post-baccalaureate program	utep-roads-post-baccalaureate-program	University of Texas, El Paso	https://www.utep.edu/science/ramp/	www.utep.edu	200	RaMP	title match 0/3
WARN	NSURP (Neuroscience Summer Undergraduate Research Program)	nsurp-neuroscience-summer-undergraduate-research-program	University of Texas Medical Branch	https://www.utmb.edu/dnb/nsurp	www.utmb.edu	200	NSURP	title match 1/6
WARN	International Rocket Award at The University of Toledo 2025/26	international-rocket-award-at-the-university-of-toledo-2025-26	The University of Toledo	https://www.utoledo.edu/admission/international/scholarships.html	www.utoledo.edu	200	Page Redirected	title match 0/5
FAIL	Uppsala University scholarships	uppsala-university-scholarships-se	Uppsala University	https://www.uu.se/en/admissions/scholarships/	www.uu.se	404		HTTP 404
WARN	UV-AUIP Scholarships for Master's Studies	uv-auip-scholarships-for-master-s-studies-es	University of Valencia (UV)	https://www.uv.es/uvcooperation/en/scholarships-grants-awards/students-cooperation-countries/uv-auip-scholarships/2026-2027.html	www.uv.es	200	SIUV - En manteniment	title match 0/3
WARN	Presidential Scholarships at The University of Vermont 2026	presidential-scholarships-at-the-university-of-vermont-2026	University of Vermont	https://www.uvm.edu/studentfinancialservices/scholarships-prospective-out-state-resident-and-international-students	www.uvm.edu	200	Scholarships for Prospective Out-of-State Resident and...	title match 1/4
WARN	Ecosystem modeling PhD assistantship	ecosystem-modeling-phd-assistantship	University of Vermont	https://www.uvm.edu/rsenr/profile/mark-henderson	www.uvm.edu	200	Mark Henderson | Rubenstein School of Environment and...	title match 0/3
WARN	Michael W. Ayris Millennium Scholarship at University of Windsor 2026	michael-w-ayris-millennium-scholarship-at-university-of-windsor-2026	University of Windsor, Canada	https://www.uwindsor.ca/studentawards/awards-search/list?PS_URL=prompt_uniquepromptname%3DAID_YEAR%2CACAD_CAREER%2CAWARD_NAME%2CUW_FAC%2CUW_ACAD_DEPT%2CUW_PROG%2CUW_APP_DEADLINE%2CUW_INT109_CRSLD%2CUW_MIN_ACAD_LVL%2CUW_CDN_PR_PP_FLG%2CUW_US_CITZ_FLG%2CUW_INTL_STU_FLG%2CUW_ONT_RES_FLG%2CUW_WIN_RES_FL	www.uwindsor.ca	200	Awards Search Results | Student Awards and Financial Aid	title match 0/6
WARN	Automatic Open Entrance Scholarships at University of Windsor 2026	automatic-open-entrance-scholarships-at-university-of-windsor-2026	University of Windsor, Canada	https://www.uwindsor.ca/studentawards/entering-students	www.uwindsor.ca	200	Entering Students | Student Awards and Financial Aid	title match 0/5
WARN	Winnipeg President’s Scholarships for World Leaders	winnipeg-president-s-scholarships-for-world-leaders-s4d	University of Winnipeg	https://www.uwinnipeg.ca/graduate-studies/funding/presidents-scholarship-for-world-leaders-international.html	www.uwinnipeg.ca	202		no <title> in page
WARN	Van Andel Institute Graduate School’s Summer Internship Programs for Undergraduates	van-andel-institute-graduate-school-s-summer-internship-programs-for-undergraduates	Van Andel Research Institute	https://www.vai.org/graduate-school/research-internships/?tabUrl=tab-2	www.vai.org	200	Research Internships &#8211; Van Andel Institute	title match 3/8
WARN	Visiting Advanced Joint Research Faculty Scheme (VAJRA) 2026	visiting-advanced-joint-research-faculty-scheme-vajra-2026	Science and Engineering Research Board (SERB), India	https://www.vajra-india.in/index.php/about-vajra	www.vajra-india.in	200	About VAJRA	title match 1/7
WARN	REU Site: Nanoscale Materials Science and Engineering	reu-site-nanoscale-materials-science-and-engineering	Vanderbilt University	https://www.vanderbilt.edu/vinse/research-experience-for-undergraduates/apply-for-reu/	www.vanderbilt.edu	200	Apply for REU | VINSE | Vanderbilt University	title match 0/4
WARN	Senior Clinical Training Scholarship Anaesthesia at University of Cambridge 2026	senior-clinical-training-scholarship-anaesthesia-at-university-of-cambridge-2026	University of Cambridge	https://www.vet.cam.ac.uk/study/vet/howtoapply	www.vet.cam.ac.uk	200	How to apply | Department of Veterinary Medicine	title match 0/7
WARN	Dr. P. Mikell and Mary Cheek Hall Davis Endowed Professorship in Beef Cattle Herd Health and Reproduction Management at Mississippi State University 2026	dr-p-mikell-and-mary-cheek-hall-davis-endowed-professorship-in-beef-cattle-herd-health-and-reproduction-management-at-mississippi-state-university-2026	Mississippi State University	https://www.vetmed.msstate.edu/alumni-friends/opportunities-for-giving#scholarships	www.vetmed.msstate.edu	200	Scholarships | College of Veterinary Medicine | Mississippi State University	title match 3/12
FAIL	VLIR-UOS Training Scholarships for Developing Countries	vlir-uos-training-scholarships-for-developing-countries-s4d	VLIR-UOS Training	http://www.vliruos.be/en/project-funding/programdetail/international-training-programme-itp_3958/	www.vliruos.be	404		HTTP 404
WARN	Summer Research Program for Undergraduates, Networked Ventures for Collaborative Biological Discovery	summer-research-program-for-undergraduates-networked-ventures-for-collaborative-biological-discovery	State University of New York (SUNY), Albany	http://www.wadsworth.org/educate/molcel.htm	www.wadsworth.org	200	Public Health Lab Academy | New York State Department of Health, Wadsworth Center	title match 0/9
WARN	Summer Research Program for Undergraduates, Networked Ventures for Collaborative Biological Discovery	summer-research-program-for-undergraduates-networked-ventures-for-collaborative-biological-discovery-llbiosci	Wadsworth Center, New York State Department of Health	http://www.wadsworth.org/educate/molcel.htm	www.wadsworth.org	200	Public Health Lab Academy | New York State Department of Health, Wadsworth Center	title match 0/9
FAIL	IWC Water Leadership Program scholarships 2026	iwc-water-leadership-program-scholarships-2026	International Water Centre	https://www.watercentre.org/study/scholarships/iwc-water-leadership-program-scholarship/	www.watercentre.org	404		HTTP 404
WARN	AUWCL Global Talent Development Scholarship 2026	auwcl-global-talent-development-scholarship-2026	American University Washington College of Law	https://www.wcl.american.edu/academics/degrees/llm/how-to-apply/scholarships/gender.cfm	www.wcl.american.edu	200	LL.M. in Gender, International and Comparative Law | American University, Washington, DC	title match 0/5
WARN	Vanderbilt University Scholarship 2026	vanderbilt-university-scholarship	Scholarship 2026 --> --> Log in Sign up Log in Sign up Close	https://www.wemakescholars.com/education-loan/study-abroad	www.wemakescholars.com	200	Education Loan For Abroad Studies​ | Overseas Education Loan 2026.	title match 0/3
WARN	Education Future International Scholarship - USA & Non-USA 2026	education-future-international-scholarship	Education Future	https://www.wemakescholars.com/education-loan/study-abroad	www.wemakescholars.com	200	Education Loan For Abroad Studies​ | Overseas Education Loan 2026.	title match 1/4
WARN	Vice-Chancellors Academic Excellence Postgraduate Scholarships at Western Sydney University 2025	vice-chancellors-academic-excellence-postgraduate-scholarships-at-western-sydney-university-2025	Western Sydney University	https://www.westernsydney.edu.au/international/applying/fees-and-costs/scholarships/academic-excellence-pg-scholarships	www.westernsydney.edu.au	200	PG International Merit Based Scholarship | Western Sydney Uni	title match 2/8
WARN	Emerging Economy Fellowships at Wharton Business School	emerging-economy-fellowships-at-wharton-business-school-s4d	Wharton Business School	http://www.wharton.upenn.edu/mba/admissions/wharton-fellowship-program.cfm	www.wharton.upenn.edu	200	MBA Application Timelines &amp; Deadlines | Wharton MBA	title match 1/6
WARN	International Economics and Trade — Wuhan Polytechnic University (Bachelor's)	international-economics-and-trade-wuhan-polytechnic-university-bachelor-s	Wuhan Polytechnic University	https://www.whpu.edu.cn/	www.whpu.edu.cn	200	武汉轻工大学	title match 0/7
WARN	Wichita State University Freshmen Merit Scholarships 2026	wichita-state-university-freshmen-merit-scholarships-2026	Wichita State University	https://www.wichita.edu/administration/financial_aid/scholarships/merit/Freshmen_FAQ2.php	www.wichita.edu	200		no <title> in page
FAIL	Alfried Krupp Wissenschaftskolleg Greifswald: Alfried Krupp Fellowships	alfried-krupp-wissenschaftskolleg-greifswald-alfried-krupp-fellowships-daad	Alfried Krupp Wissenschaftskolleg Greifswald	https://www.wiko-greifswald.de/fellows/alfried-krupp-fellowships/ausschreibung-2026/2027/	www.wiko-greifswald.de	404		HTTP 404
WARN	Summer Research Experience in Data Science	summer-research-experience-in-data-science	Worcester Polytechnic Institute	https://www.wpi.edu/academics/departments/data-science/reu-program	www.wpi.edu	200	REU Program | Worcester Polytechnic Institute	title match 0/4
FAIL	State Programme – Education of Azerbaijani Youth Abroad	state-programme-education-of-azerbaijani-youth-abroad-se	State Programme – Education of Azerbaijani Youth Abroad	http://www.xaricdetehsil.edu.gov.az/	www.xaricdetehsil.edu.gov.az			TypeError: fetch failed
WARN	Civil Engineering — Xi'an Shiyou University (Bachelor's)	civil-engineering-xi-an-shiyou-university-bachelor-s	Xi'an Shiyou University	https://www.xsyu.edu.cn/	www.xsyu.edu.cn	200	西安石油大学	title match 0/5
WARN	International Economics & Trade — Xi'an Shiyou University (Bachelor's)	international-economics-trade-xi-an-shiyou-university-bachelor-s	Xi'an Shiyou University	https://www.xsyu.edu.cn/	www.xsyu.edu.cn	200	西安石油大学	title match 0/6
WARN	Undergraduate international students at York St John University 2026	undergraduate-international-students-at-york-st-john-university-2026	York St John University (YSJ), York, England	https://www.yorksj.ac.uk/international/funding-scholarships-and-paying-tuition-fees/#international-undergraduate-scholarship	www.yorksj.ac.uk	200	Funding, scholarships and paying tuition fees | York St John University	title match 1/4
WARN	United States-Mexico-Canada Agreement (USMCA) Bursary at Yorkville University 2026	united-states-mexico-canada-agreement-usmca-bursary-at-yorkville-university-2026	Yorkville University	https://www.yorkvilleu.ca/scholarships-bursaries/	www.yorkvilleu.ca	200	Scholarships and Bursaries | Yorkville University	title match 2/9
WARN	Alfred Toepfer Stiftung &amp; Studienstiftung des deutschen Volkes: You and Europe Scholarship Programme	alfred-toepfer-stiftung-andamp-studienstiftung-des-deutschen-volkes-you-and-europe-scholar-daad	Alfred Toepfer Stiftung &amp; Studienstiftung des deutschen Volkes	http://www.you-and-europe.de	www.you-and-europe.de	200	You and Europe | Alfred Toepfer Stiftung F.V.S.	title match 4/9
WARN	Selkirk First Nation Leadership Award at yukon University 2027	selkirk-first-nation-leadership-award-at-yukon-university-2027	Yukon College (Yukon University), Canada	https://www.yukonu.ca/current-students/money-matters/yukon-university-student-awards	www.yukonu.ca	200	Yukon University Student Financial Awards | Yukon University	title match 3/7
WARN	Naganainlyaa Kitanahee - Follow Your Dream Award at Yukon University 2027	naganainlyaa-kitanahee-follow-your-dream-award-at-yukon-university-2027	Yukon College (Yukon University), Canada	https://www.yukonu.ca/current-students/money-matters/yukon-university-student-awards	www.yukonu.ca	200	Yukon University Student Financial Awards | Yukon University	title match 3/7
WARN	German-Czech Fund for the Future: Grants for Study Stays of German and Czech Students in the Neighbour Countries	german-czech-fund-for-the-future-grants-for-study-stays-of-german-and-czech-students-in-th-daad	German-Czech Fund for the Future	https://www.zukunftsfonds.cz/projektforderung/stipendien/	www.zukunftsfonds.cz	200	Stipendien &#8211; Deutsch-Tschechischer Zukunftsfonds	title match 0/11
WARN	Textile Material and Textiles Design — Zhongyuan University of Technology (Master's)	textile-material-and-textiles-design-zhongyuan-university-of-technology-master-s	Zhongyuan University of Technology	https://www.zut.edu.cn/	www.zut.edu.cn	200	中原工学院	title match 0/8
WARN	Computer Science and Technology — Zhongyuan University of Technology (Master's)	computer-science-and-technology-zhongyuan-university-of-technology-master-s	Zhongyuan University of Technology	https://www.zut.edu.cn/	www.zut.edu.cn	200	中原工学院	title match 0/7
WARN	Zhengzhou University President Scholarship 2025	zhengzhou-university-president-scholarship-2025	China Scholarship Council (CSC)	https://www.zzu.edu.cn/	www.zzu.edu.cn	200	郑州大学	title match 0/4
WARN	Information and Computing Science — Zhengzhou University of Light Industry (Master's)	information-and-computing-science-zhengzhou-university-of-light-industry-master-s	Zhengzhou University of Light Industry	https://www.zzuli.edu.cn/	www.zzuli.edu.cn	200	郑州轻工业大学欢迎您	title match 0/8
WARN	Information and Computing Science — Zhengzhou University of Light Industry (Bachelor's)	information-and-computing-science-zhengzhou-university-of-light-industry-bachelor-s	Zhengzhou University of Light Industry	https://www.zzuli.edu.cn/	www.zzuli.edu.cn	200	郑州轻工业大学欢迎您	title match 0/8
WARN	Chinese Language Program — Zhengzhou University of Light Industry (Non-degree)	chinese-language-program-zhengzhou-university-of-light-industry-non-degree	Zhengzhou University of Light Industry	https://www.zzuli.edu.cn/	www.zzuli.edu.cn	200	郑州轻工业大学欢迎您	title match 0/8
WARN	Undergraduate EU Scholarship at University of Essex 2026	undergraduate-eu-scholarship-at-university-of-essex-2026	University of Essex	https://www1.essex.ac.uk/fees-and-funding/ug/scholarships/eu-scholarship.aspx	www1.essex.ac.uk	200		no <title> in page
FAIL	Munich Aerospace PhD Scholarships 2026	munich-aerospace-phd-scholarships-2026	Munich Aerospace	https://www2.daad.de/deutschland/stipendium/datenbank/en/21148-scholarship-database/?detail=10000231	www2.daad.de			TypeError: fetch failed
FAIL	Caspar-David-Friedrich Scholarships (CDF) at DAAD 2025	caspar-david-friedrich-scholarships-cdf-at-daad-2025	German Academic Exchange Service (DAAD)	https://www2.daad.de/deutschland/stipendium/datenbank/en/21148-scholarship-database/?detail=10000107	www2.daad.de			TypeError: fetch failed
WARN	(NSF) CREST Center for the Integrated Study of Coastal Ecosystem Processes and Dynamics (CREST-CISCEP	nsf-crest-center-for-the-integrated-study-of-coastal-ecosystem-processes-and-dynamics-crest-ciscep	University of Maryland, Eastern Shore	https://wwwcp.umes.edu/crest/crest-ciscep-at-a-glance/	wwwcp.umes.edu	200	CREST-CISCEP At a Glance | CREST	title match 3/10
WARN	International Major Entrance Scholarship at University of British Columbia 2026	international-major-entrance-scholarship-at-university-of-british-columbia-2026	University of British Columbia	http://you.ubc.ca/financial-planning/scholarships-awards-international-students/	you.ubc.ca	200	Scholarships and awards for international students | UBC | Undergraduate Programs and Admissions	title match 2/7
WARN	DAAD Konrad Zuse School of Excellence in Reliable Artificial Intelligence (relAI): Scholarship for Master's Students	daad-konrad-zuse-school-of-excellence-in-reliable-artificial-intelligence-relai-scholarshi-daad	DAAD Konrad Zuse School of Excellence in Reliable Artificial Intelligence (relAI)	https://zuseschoolrelai.de/application/	zuseschoolrelai.de	200	Application	title match 0/10
