title	slug	provider	url	host	http	pageTitle	reason
DREAM (Diversity Recruitment through Education and Mentoring) Summer Fellowship Program	dream-diversity-recruitment-through-education-and-mentoring-summer-fellowship-program	American Association of Physicists in Medicine (AAPM)	https://aapm.secure-platform.com/gaf/page/DREAM	aapm.secure-platform.com	200	American Association of Physicists in Medicine - DREAM - Driving Recruitment through Education and Mentoring Program	title match 6/9
AAPM Summer Undergraduate Fellowship Program	aapm-summer-undergraduate-fellowship-program	American Association of Physicists in Medicine (AAPM)	https://aapm.secure-platform.com/gaf/page/SFP	aapm.secure-platform.com	200	American Association of Physicists in Medicine - 2026 Summer Undergraduate Fellowship Program	title match 4/4
Accessible Sharks Summer Undergraduate Research Opportunity	accessible-sharks-summer-undergraduate-research-opportunity-lesharks	University of Florida	https://accessiblesharks.wordpress.com/	accessiblesharks.wordpress.com	200	Accessible Sharks REU &#8211; Interdisciplinary Summer Research Experience for Undergraduates with Disabilities	title match 5/6
Accessible Sharks Summer Undergraduate Research Opportunity	accessible-sharks-summer-undergraduate-research-opportunity	Harvard University	https://accessiblesharks.wordpress.com/	accessiblesharks.wordpress.com	200	Accessible Sharks REU &#8211; Interdisciplinary Summer Research Experience for Undergraduates with Disabilities	title match 5/6
Mary Curran Scholarship at Australian Catholic University 2027	mary-curran-scholarship-at-australian-catholic-university-2027	Australian Catholic University (ACU)	https://acu.smapply.io/prog/mary_curran_scholarship/	acu.smapply.io	200	Mary Curran Scholarship - Australian Catholic University Scholarships	title match 5/5
UdeMs Exemption Scholarship for International Students 2026	udems-exemption-scholarship-for-international-students-2026	University of Montreal or Universite de Montreal	https://admission.umontreal.ca/en/scholarship-for-international-students/	admission.umontreal.ca	200	UdeM exemption scholarship for international students - Université de Montréal - Admissions	title match 4/5
Green and Gold Scholarships for Non-Residents at Colorado State University 2026	green-and-gold-scholarships-for-non-residents-at-colorado-state-university-2026	Colorado State University	https://admissions.colostate.edu/cost-financial-aid/financial-aid-scholarships/green-gold-scholarships-nonresidents/	admissions.colostate.edu	200	Green and Gold Scholarships for Nonresidents | Admissions | Colorado State University	title match 6/6
Fang Family Scholarship for Undergraduate Scholarships at Duke Kunshan University 2026	fang-family-scholarship-for-undergraduate-scholarships-at-duke-kunshan-university-2026	Duke Kunshan University	https://admissions.dukekunshan.edu.cn/en/scholarship-sources/#:~:text=The%20fund%20was%20created%20through,and%20rapidly%20changing%20social%20realities.	admissions.dukekunshan.edu.cn	200	Scholarship Sources - International Admissions - Duke Kunshan University	title match 3/6
Bond Scholarship at Duke Kunshan University 2025	bond-scholarship-at-duke-kunshan-university-2025	Duke Kunshan University	https://admissions.dukekunshan.edu.cn/en/scholarship-sources/	admissions.dukekunshan.edu.cn	200	Scholarship Sources - International Admissions - Duke Kunshan University	title match 3/3
Epoka University Master scholarships 2026	epoka-university-master-scholarships-2026	Epoka University (EU)	https://admissions.epoka.edu.al/content/NTQw/Scholarships/Master-Study-Programs	admissions.epoka.edu.al	200	Master Study Programs | Scholarships | EPOKA University	title match 4/4
Undergraduate & Integrated Study Program Scholarships at Epoka University 2025	undergraduate-integrated-study-program-scholarships-at-epoka-university-2025	Epoka University (EU)	https://admissions.epoka.edu.al/content/NTM4/Scholarships/Bachelor-Integrated-Study-Programs	admissions.epoka.edu.al	200	Bachelor/ Integrated Study Programs | Scholarships | EPOKA University	title match 6/7
Hon Ping Entrance Scholarship Nigerian Students at University of Hong Kong 2026	hon-ping-entrance-scholarship-nigerian-students-at-university-of-hong-kong-2026	University of Hong Kong (HKU)	https://admissions.hku.hk/fees-and-scholarships/scholarships/hon-ping-entrance-scholarship-for-nigerian-students	admissions.hku.hk	200	Hon Ping Entrance Scholarship for Nigerian Students | Admissions Office, the Registry	title match 4/5
Stamps Scholarship at University of Miami 2026	stamps-scholarship-at-university-of-miami-2026	University of Miami	https://admissions.miami.edu/undergraduate/financial-aid/scholarships/stamps/index.html	admissions.miami.edu	200	Stamps Scholarship | Undergraduate Admission | University of Miami	title match 4/4
Honors College Excellence Scholarship at Michigan State University 2026	honors-college-excellence-scholarship-at-michigan-state-university-2026	Michigan State University(MSU)	https://admissions.msu.edu/cost-aid/scholarships/international	admissions.msu.edu	200	International student scholarships | Admissions | Michigan State University	title match 4/7
TCU Chancellor’s Scholarship 2026	tcu-chancellor-s-scholarship-2026	Texas Christian University	https://admissions.tcu.edu/afford/scholarship-aid/index.php#chancellor	admissions.tcu.edu	200	Scholarships &amp; Financial Aid | Texas Christian University	title match 1/2
Founders Scholarship at TCU 2026	founders-scholarship-at-tcu-2026	Texas Christian University	https://admissions.tcu.edu/afford/scholarship-aid/index.php	admissions.tcu.edu	200	Scholarships &amp; Financial Aid | Texas Christian University	title match 1/2
International Space Weather Camp (ISWC)	international-space-weather-camp-iswc	Alabama A&amp;M University	https://alabamaphysics.com/international-space-weather-camp/	alabamaphysics.com	200	International Space Weather Camp (ISWC) - Alabama Physics	title match 3/3
International Space Weather Camp (ISWC)	international-space-weather-camp-iswc-llejswsc	Oakwood University	https://alabamaphysics.com/international-space-weather-camp/	alabamaphysics.com	200	International Space Weather Camp (ISWC) - Alabama Physics	title match 3/3
Alaska Sea Grant State Fellowship Program	alaska-sea-grant-state-fellowship-program	National Oceanic and Atmospheric Administration (NOAA)	https://alaskaseagrant.org/education/awards-fellowships/state-fellowship/	alaskaseagrant.org	200	Alaska Sea Grant: Alaska Sea Grant State Fellowship Program	title match 5/5
Alaska Sea Grant State Fellowship Program	alaska-sea-grant-state-fellowship-program-eagrfell	University of Alaska, Fairbanks	https://alaskaseagrant.org/education/awards-fellowships/state-fellowship/	alaskaseagrant.org	200	Alaska Sea Grant: Alaska Sea Grant State Fellowship Program	title match 5/5
Dr Maury Van Vliet Athletic/Academic Scholarship at University of Alberta 2026	dr-maury-van-vliet-athletic-academic-scholarship-at-university-of-alberta-2026	University of Alberta, Canada	https://alberta.academicworks.ca/opportunities/21711	alberta.academicworks.ca	200	Dr Maury Van Vliet Athletic/Academic Scholarship - University of Alberta	title match 7/7
Graduate Student Scholarships by Alberta Innovates 2026	graduate-student-scholarships-by-alberta-innovates-2026	Alberta Innovates - Health Solutions (AIHS)	https://albertainnovates.ca/funding/graduate-student-scholarships/	albertainnovates.ca	200	Graduate Student Scholarships - Alberta Innovates	title match 5/5
English Scholarship at Alexander college 2026	english-scholarship-at-alexander-college-2026	Alexander College, Vancouver and Burnaby	https://alexandercollege.ca/registration/academic-scholarships/	alexandercollege.ca	200	Academic Scholarships &#8211; Alexander College	title match 3/4
Chancellor’s Award at Algoma University 2026	chancellor-s-award-at-algoma-university-2026	Algoma University	https://algomau.ca/students/awards-scholarships/entrance-awards/international-scholarships/	algomau.ca	200	International Scholarships - Algoma University	title match 2/4
Algoma University Alumni Entrance Award II 2026	algoma-university-alumni-entrance-award-ii-2026	Algoma University	https://algomau.ca/students/tuition-scholarships-financial-aid/awards-scholarships/entrance-scholarships/	algomau.ca	200	Entrance Scholarships - Algoma University	title match 3/5
The Align Farms Agriculture Scholarship 2026	the-align-farms-agriculture-scholarship-2026	Align Farms, New Zealand	https://alignfarms.co.nz/align-scholarships/	alignfarms.co.nz	200	Align Scholarships - Align Farms	title match 3/4
Powering Education Scholarship	powering-education-scholarship	Alpha One	http://alphaonenow.org/Powering_Education_Scholarship.htm	alphaonenow.org	200	Powering Education Scholarship &mdash; Alpha OneAlpha One	title match 3/3
The Amgen Scholars Program	the-amgen-scholars-program-scholars	California Institute of Technology	https://amgenscholars.com/university/university-of-california-los-angeles/	amgenscholars.com	200	University of California, Los Angeles &#8211; Amgen Scholars	title match 2/3
The Amgen Scholars Program	the-amgen-scholars-program	Barnard College	https://amgenscholars.com/university/university-of-california-los-angeles/	amgenscholars.com	200	University of California, Los Angeles &#8211; Amgen Scholars	title match 2/3
Research Experiences for Undergraduates in Animal Behavior	research-experiences-for-undergraduates-in-animal-behavior	Indiana University, Bloomington	https://animalbehavior.indiana.edu/research/reu/index.html	animalbehavior.indiana.edu	200	NSF Research Experience for Undergraduates:&#160;Research:&#160;Center for the Integrative Study of Animal Behavior:&#160;Indiana University Bloomington	title match 4/5
Bob Ackerman Endowed Graduate Fellowship at Washington State University 2026	bob-ackerman-endowed-graduate-fellowship-at-washington-state-university-2026	Washington State University (WSU), Pullman	https://anthro.wsu.edu/scholarships/bob-ackerman-endowed-graduate-fellowship/	anthro.wsu.edu	200	Bob Ackerman Endowed Graduate Fellowship | Department of Anthropology |  Washington State University	title match 7/7
Janet Friedman Memorial Fellowship at Washington State University 2026	janet-friedman-memorial-fellowship-at-washington-state-university-2026	Washington State University (WSU), Pullman	https://anthro.wsu.edu/scholarships/janet-friedman-memorial-fellowship/	anthro.wsu.edu	200	Janet Friedman Memorial Fellowship | Department of Anthropology |  Washington State University	title match 7/7
Anant Fellowship Program 2026	anant-fellowship-program-2026	Anant National University, Ahmedabad	https://anu.edu.in/programme/anant-fellowship/	anu.edu.in	200	Anant Fellowship - Anant National University	title match 2/3
Anant Fellowship 2026	anant-fellowship-2026	Anant National University, Ahmedabad	https://anu.edu.in/programme/admissions/	anu.edu.in	200	Admissions - Anant National University	title match 1/2
APIA Scholarship Program	apia-scholarship-program	Asian &amp; Pacific Islander American Scholarship Fund (APIASF)	https://apiascholars.org/scholarship/apia-scholarship/	apiascholars.org	200	Asian Pacific Islander Scholarships - APIA Scholars	title match 1/2
Visual and Performing Arts Scholarship at Coe College 2026	visual-and-performing-arts-scholarship-at-coe-college-2026	Coe College	https://apply.coe.edu/register/?id=da23aef0-06ab-4c34-a9f3-70bf7db0b1c2	apply.coe.edu	200	Visual &amp; Performing Arts Scholarship	title match 3/4
Emory University Woodruff Scholarship 2026	emory-university-woodruff-scholarship-2026	Emory University	https://apply.emory.edu/financial-aid/types-of-aid/scholar-program.html	apply.emory.edu	200	Emory University Scholar Programs | Emory University | Atlanta GA	title match 2/4
Emory University Scholar Programs	emory-university-scholar-programs-s4d	Emory University	https://apply.emory.edu/financial-aid/types-of-aid/scholar-program.html	apply.emory.edu	200	Emory University Scholar Programs | Emory University | Atlanta GA	title match 4/4
Unicaf Scholarship Programme 2026	unicaf-scholarship-programme-2026	UNICAF	https://apply.unicaf.org/unicaf-multipartner/uu-uos-ljmu/nigeria?utm_source=GlobalDMP-Africa-Wemakescholars&utm_campaign=GlobalDMP-Africa-Wemakescholars-09-20&utm_content=scholarshiplisting-09-20-Wemakescholars&utm_medium=listing	apply.unicaf.org	200	Complete to earn a Unicaf Scholarship	title match 2/3
Summer Research Opportunities Program	summer-research-opportunities-program	Committee on Institutional Cooperation (CIC)	https://apps.btaa.org/srop/apply	apps.btaa.org	200	Big Ten Academic Alliance SROP - Summer Research Opportunities Program (SROP)	title match 4/4
Diversity Fellowship Program	diversity-fellowship-program	American Political Science Association	https://apsanet.org/diversity/diversity-fellowship-program/	apsanet.org	200	Diversity Fellowship Program - American Political Science Association (APSA)	title match 3/3
Arden University PG Regional Pricing for Postgraduate Programmes 2026	arden-university-pg-regional-pricing-for-postgraduate-programmes-2026	Arden University, Berlin	https://arden.ac.uk/berlin/admissions/fees/international-scholarships-berlin	arden.ac.uk	200	Scholarships and PG Regional Pricing at our Berlin Campus | Arden University	title match 4/6
Arden University Berlin Merit Scholarship 2025	arden-university-berlin-merit-scholarship-2025	Arden university, England, UK	https://arden.ac.uk/berlin/admissions/fees/international-scholarships-berlin	arden.ac.uk	200	Scholarships and PG Regional Pricing at our Berlin Campus | Arden University	title match 4/5
Summer Undergraduate Research Opportunity with The Artificial and Natural Intelligence Institute (ARNI)	summer-undergraduate-research-opportunity-with-the-artificial-and-natural-intelligence-institute-arni	Columbia University	https://arni-institute.org/summer-research-opportunity-2026/	arni-institute.org	200	Summer Undergraduate Research Opportunity 2026 &#8211; ARNI	title match 4/8
Interdisciplinary Research Experience for Undergraduates in Atmospheric and Geological Hazards	interdisciplinary-research-experience-for-undergraduates-in-atmospheric-and-geological-hazards	State University of New York (SUNY), Buffalo	https://arts-sciences.buffalo.edu/geological-and-climate-hazards/projects/Interdisciplinary-REU-in-Atmospheric-and-Geological-Hazards.html	arts-sciences.buffalo.edu	200	Interdisciplinary Research Experience for Undergraduates in Atmospheric and Geological Hazards - Center for Geological and Climate Hazards - University at Buffalo	title match 7/7
Interdisciplinary Renewable and Environmental Chemistry IREC REU Program	interdisciplinary-renewable-and-environmental-chemistry-irec-reu-program-enewchem	University of North Dakota	https://arts-sciences.und.edu/academics/chemistry/und-reu-irec/index.html	arts-sciences.und.edu	200	Interdisciplinary Renewable and Environmental Collaborative REU Program | University of North Dakota	title match 4/5
Interdisciplinary Renewable and Environmental Chemistry IREC REU Program	interdisciplinary-renewable-and-environmental-chemistry-irec-reu-program	Turtle Mountain Community College	https://arts-sciences.und.edu/academics/chemistry/und-reu-irec/index.html	arts-sciences.und.edu	200	Interdisciplinary Renewable and Environmental Collaborative REU Program | University of North Dakota	title match 4/5
Research Experiences for Undergraduates in Mathematics	research-experiences-for-undergraduates-in-mathematics	Texas A&amp;M University	https://artsci.tamu.edu/mathematics/academics/undergraduate/reu-index.html	artsci.tamu.edu	200	REU - Research Experience for Undergraduates | Texas A&amp;M University College of Arts and Sciences	title match 2/4
Marion B. Sewer Distinguished Scholarship for Undergraduates	marion-b-sewer-distinguished-scholarship-for-undergraduates	American Society for Biochemistry and Molecular Biology (ASBMB)	http://asbmb.org/MinorityAffairs/Undergraduatescholarship/	asbmb.org	200	Marion B. Sewer Distinguished Scholarship for Undergraduates	title match 5/5
Rare Plant RaMP Conservation Research Opportunity	rare-plant-ramp-conservation-research-opportunity	Atlanta Botanical Garden	https://atlantabg.org/conservation-research/outreach-education-and-training/ramp-post-baccalaureate-training-and-research-program-in-rare-plant-science-and-conservation/	atlantabg.org	200	Atlanta Botanical Garden | RaMP: Post-Baccalaureate Training and Research Program in Rare Plant Science and Conservation	title match 3/4
Rare Plant RaMP Conservation Research Opportunity	rare-plant-ramp-conservation-research-opportunity-rdenramp	California Botanic Garden	https://atlantabg.org/conservation-research/outreach-education-and-training/ramp-post-baccalaureate-training-and-research-program-in-rare-plant-science-and-conservation/	atlantabg.org	200	Atlanta Botanical Garden | RaMP: Post-Baccalaureate Training and Research Program in Rare Plant Science and Conservation	title match 3/4
Undergraduate and Postgraduate Progression Bursary at Arts University Bournemouth 2026	undergraduate-and-postgraduate-progression-bursary-at-arts-university-bournemouth-2026	Arts University Bournemouth (AUB)	https://aub.ac.uk/international/international-scholarships/international-progression-bursary#tab-1087550-foundation-to-undergraduate-studies	aub.ac.uk	200	AUB Progression Bursaries – AUB – Arts University Bournemouth	title match 3/6
International Post-Graduate Scholarship at Arts University Bournemouth 2026	international-post-graduate-scholarship-at-arts-university-bournemouth-2026	Arts University Bournemouth (AUB)	https://aub.ac.uk/international/international-scholarships/international-undergraduate-and-postgraduate-scholarships#tab-2392633-application-and-selection-process	aub.ac.uk	200	International Undergraduate and… – AUB – Arts University Bournemouth	title match 4/5
Babu Banarasi Das University Scholarships 2026	babu-banarasi-das-university-scholarships-2026	Babu Banarasi Das University	https://bbdu.ac.in/scholarships/	bbdu.ac.in	200	Scholarships | Babu Banarasi Das University	title match 3/3
Research Experience for Undergraduates (REU) Summer Program: alpine plant ecology	research-experience-for-undergraduates-reu-summer-program-alpine-plant-ecology	University of California, Berkeley	https://benjaminblonder.org/join/research-experience-for-undergraduates-reu-2026-alpine-plant-ecology/	benjaminblonder.org	200	Research Experience for Undergraduates (REU) 2026: alpine plant ecology &#8211; Macrosystems Ecology Laboratory	title match 6/8
Heilbronn AI Fellowships	heilbronn-ai-fellowships-daad	DAAD	https://bildungscampus.hn/en/	bildungscampus.hn	200	Bildungscampus Heilbronn: Bildungscampus	title match 1/2
Biology/Neuroscience Summer Internship Program (MSRP BIO)	biology-neuroscience-summer-internship-program-msrp-bio	Massachusetts Institute of Technology (MIT)	https://biology.mit.edu/outreach_initiatives/UG_summer_internship	biology.mit.edu	200	Bernard S. and Sophie G. Gould MIT Summer Research Program in Biology (BSG-MSRP-Bio) - MIT Department of Biology	title match 3/5
Biochemistry Summer Undergraduate Fellowship (BSURF) Program	biochemistry-summer-undergraduate-fellowship-bsurf-program	University of Iowa	https://bmb.medicine.uiowa.edu/summer-undergraduate-research-bsurf	bmb.medicine.uiowa.edu	200	Summer Undergraduate Research (BSURF) | Department of Biochemistry and Molecular Biology - Carver College of Medicine | The University of Iowa	title match 4/6
SiGuE: Success in Graduate Education	sigue-success-in-graduate-education	Ohio State University	https://bmb.natsci.msu.edu/graduate-program/post-baccalaureate-programs/sigue/	bmb.natsci.msu.edu	200	SiGuE: Success in Graduate Education - Biochemistry and Molecular Biology	title match 4/4
Research Experiences for Teachers in Biotechnology	research-experiences-for-teachers-in-biotechnology	Iowa State University	https://boec.biotech.iastate.edu/research-experience-for-teachers-ret/	boec.biotech.iastate.edu	200	Research Experiences at ISU - Biotechnology Outreach Education Center	title match 3/4
Bond University International Undergraduate Excellence Scholarship 2026	bond-university-international-undergraduate-excellence-scholarship-2026	Bond University	https://bond.edu.au/scholarship/international-undergraduate-excellence-scholarship	bond.edu.au	200	International Undergraduate Excellence Scholarship | Bond University | Gold Coast, Queensland, Australia	title match 5/5
Bond University Postgraduate Research Scholarship at Bond University	2026	bond-university-postgraduate-research-scholarship-at-bond-university-2026	Bond University	https://bond.edu.au/scholarship/bond-university-postgraduate-research-scholarship	bond.edu.au	200	Bond University Postgraduate Research Scholarship | Bond University | Gold Coast, Queensland, Australia	title match 5/5
Harvard University MBA Scholarship 2026	harvard-university-mba-scholarship-2026	Boustany Foundation	https://boustany-foundation.org/scholarship-programmes/mba-harvard/	boustany-foundation.org	200	Harvard University MBA Scholarship - Boustany Foundation	title match 3/3
Reverse Ecology: Computational Integration of Genomes, Organisms, and Environments	reverse-ecology-computational-integration-of-genomes-organisms-and-environments	Brown University	http://brown.edu/Research/IGERT-reverse-ecology/	brown.edu	200	Reverse Ecology | Computational Integration of Genomes, Organisms, and Environments	title match 7/7
University of Chicago PREP (Post-Baccalaureate Research Education Program)	university-of-chicago-prep-post-baccalaureate-research-education-program	University of Chicago	http://bsdprep.uchicago.edu/	bsdprep.uchicago.edu	200	PREP (Post-Baccalaureate Research Education Program) &#8211; PREP (Post-Baccalaureate Research Education Program)	title match 4/6
Engineering Fellowship and Scholarship Fund at the University of Buffalo 2026	engineering-fellowship-and-scholarship-fund-at-the-university-of-buffalo-2026	State University of New York at Buffalo (University at Buffalo (UB) or SUNY Buffalo)	https://buffalo.academicworks.com/opportunities/21247	buffalo.academicworks.com	200	Engineering Fellowship and Scholarship Fund - University at Buffalo Scholarship Portal	title match 5/5
UB Fund for the School of Engineering and Applied Sciences at the University of Buffalo 2026	ub-fund-for-the-school-of-engineering-and-applied-sciences-at-the-university-of-buffalo-2026	State University of New York at Buffalo (University at Buffalo (UB) or SUNY Buffalo)	https://buffalo.academicworks.com/opportunities/20686	buffalo.academicworks.com	200	UB Fund for the School of Engineering and Applied Sciences - University at Buffalo Scholarship Portal	title match 6/6
Swaran Vasu International Honors Engineering Scholarship at the Univesity of Buffalo 2026	swaran-vasu-international-honors-engineering-scholarship-at-the-univesity-of-buffalo-2026	State University of New York at Buffalo (University at Buffalo (UB) or SUNY Buffalo)	https://buffalo.academicworks.com/opportunities/20313	buffalo.academicworks.com	200	Swaran Vasu International Honors Engineering Scholarship - University at Buffalo Scholarship Portal	title match 6/7
Excel Scholarship Scheme at Dublin City University 2026	excel-scholarship-scheme-at-dublin-city-university-2026	Dublin City University	https://business.dcu.ie/scholarships/excel-scholarship-scheme/#toggle-id-1	business.dcu.ie	200	Excel Scholarship Scheme - DCU Business School	title match 3/5
Dean Excellence Business School Undergraduate UK Scholarships at University of Leeds 2026	dean-excellence-business-school-undergraduate-uk-scholarships-at-university-of-leeds-2026	University of Leeds	https://business.leeds.ac.uk/dir-record/lubs-scholarships/463/the-dean-s-business-school-excellence-scholarships-uk-eu	business.leeds.ac.uk	200	Dean&#039;s Excellence Business School Undergraduate UK Scholarships | Fees and Scholarships | Leeds University Business School | University of Leeds	title match 7/7
MBA Excellence Scholarship at Leeds University Business School 2026	mba-excellence-scholarship-at-leeds-university-business-school-2026	Leeds University Business School (University of Leeds)	https://business.leeds.ac.uk/faculty/dir-record/lubs-scholarships/853/mba-excellence-scholarships	business.leeds.ac.uk	200	MBA Excellence Scholarships | Fees and Scholarships | Leeds University Business School | University of Leeds	title match 6/6
Carson College of Business Janice Beckman Internship Scholarship at Washington State University 2026	carson-college-of-business-janice-beckman-internship-scholarship-at-washington-state-university-2026	Washington State University (WSU), Pullman	https://business.wsu.edu/beckman-internship-scholarship/	business.wsu.edu	200	Janice Beckman Internship Scholarship - Carson College of Business | Washington State University	title match 10/10
Carson College of Business Carson Edge Program at Washington State University 2026	carson-college-of-business-carson-edge-program-at-washington-state-university-2026	Washington State University (WSU), Pullman	https://business.wsu.edu/carson-edge/	business.wsu.edu	200	EDGE Program - Carson College of Business | Washington State University	title match 8/8
PRIDE Summer Institute in Cardiovascular Genetic Epidemiology	pride-summer-institute-in-cardiovascular-genetic-epidemiology	Washington University School of Medicine	https://cahsper.wustl.edu/items/pride-summer-institute-in-cardiovascular-disease-comorbidities-genetics-and-epidemiology/	cahsper.wustl.edu	200	PRIDE Summer Institute in Cardiovascular Disease Comorbidities, Genetics and Epidemiology | Center for Advancing Health Services, Policy &amp; Economics Research | Washington University in St. Louis	title match 6/6
Food Science Summer Scholars Program	food-science-summer-scholars-program	North Carolina State University	https://cals.ncsu.edu/food-bioprocessing-and-nutrition-sciences/students/food-science-summer-scholars-program/	cals.ncsu.edu	200	Food Science Summer Scholars Program | Food, Bioprocessing and Nutrition Sciences	title match 4/4
Plant Pathology REU - Kelman Scholars	plant-pathology-reu-kelman-scholars	North Carolina State University	https://cals.ncsu.edu/entomology-and-plant-pathology/students/undergraduate-courses/kelman-scholars/	cals.ncsu.edu	200	Kelman Scholars Program | Entomology and Plant Pathology	title match 4/4
Cal Teach Berkeley Summer Research Institute	cal-teach-berkeley-summer-research-institute	University of California System	https://calteach.berkeley.edu/scholarships-opportunities/summer-research-institute	calteach.berkeley.edu	200	Summer Research Institute | CalTeach Berkeley	title match 5/5
Charlotte Carter Fund at Cambrian College 2026	charlotte-carter-fund-at-cambrian-college-2026	Cambrian College	https://cambriancollege.ca/charlotte-carter	cambriancollege.ca	200	Charlotte Carter Fund | Cambrian College	title match 4/4
Joyce Goodey Entrance Bursary for Women in Trades at Camosun College 2027	joyce-goodey-entrance-bursary-for-women-in-trades-at-camosun-college-2027	Camosun College, Interurban and Lansdowne	https://camosun.ca/registration-records/financial-aid-awards/search-funding/joyce-goodey-entrance-bursary-women-trades	camosun.ca	200	Joyce Goodey Entrance Bursary for Women in Trades | Camosun College	title match 8/8
VanHall Trades Entrance Bursary at Camosun College 2027	vanhall-trades-entrance-bursary-at-camosun-college-2027	Camosun College, Interurban and Lansdowne	https://camosun.ca/registration-records/financial-aid-awards/search-funding/vanhall-trades-entrance-bursary	camosun.ca	200	VanHall Trades Entrance Bursary | Camosun College	title match 6/6
Indiana University Melvin and Bren Simon Comprehensive Cancer Center Summer Research Program Internship	indiana-university-melvin-and-bren-simon-comprehensive-cancer-center-summer-research-program-internship	Indiana University, Indianapolis	https://cancer.iu.edu/education/summer/index.html	cancer.iu.edu	200	Summer Programs: Education &amp; Training: Indiana University Melvin and Bren Simon  Comprehensive Cancer Center: Indiana University	title match 9/11
Diploma of Commerce at Canning College	diploma-of-commerce-at-canning-college	Canning College	https://canningcollege.wa.edu.au/academic-scholarships/	canningcollege.wa.edu.au	200	Information About Academic Scholarships - Canning College	title match 2/4
Cardiovascular Research Summer Program (WashU CardS)	cardiovascular-research-summer-program-washu-cards	Washington University	https://cardiovascularreu.wustl.edu/	cardiovascularreu.wustl.edu	200	About  | Cardiovascular Research Summer Program (CardS) | Washington University in St. Louis	title match 5/6
Carney Summer Scholars in Computational Neuroscience	carney-summer-scholars-in-computational-neuroscience	Brown University	https://carney.brown.edu/education-training/undergraduate/carney-summer-scholars	carney.brown.edu	200	Carney Summer Scholars | Carney Institute for Brain Science | Brown University	title match 3/5
CanSUR Program	cansur-program	Case Western Reserve University	https://case.edu/cancer/training-education/cansur	case.edu	200	Cancer-focused Summer Undergraduate Research (CanSUR) | Case Comprehensive Cancer Center	title match 1/2
Summer Undergraduate Research in Pharmacology	summer-undergraduate-research-in-pharmacology	Case Western Reserve University	https://case.edu/medicine/pharmacology/education-training/summer-undergraduate-research-program	case.edu	200	Summer Undergraduate Research Program (SURP) | Pharmacology | School of Medicine | Case Western Reserve University	title match 4/4
ANU College of Arts and Social Sciences Academic Excellence Masters Scholarship 2026	anu-college-of-arts-and-social-sciences-academic-excellence-masters-scholarship-2026	Australian National University (ANU)	https://cass.anu.edu.au/study/scholarships/international-academic-excellence-masters-scholarship	cass.anu.edu.au	200	ANU College of Arts and Social Sciences Academic Excellence Masters Scholarship | ANU College of Arts &amp; Social Sciences	title match 7/7
Global Scholarship at Kent State University 2026	global-scholarship-at-kent-state-university-2026	Kent State University	https://catalog.kent.edu/programs/	catalog.kent.edu	200	Search Majors and Degrees &lt; Kent State University	title match 2/4
NSF Center for Computer Assisted Synthesis (C-CAS) Summer Undergraduate Research Fellowship	nsf-center-for-computer-assisted-synthesis-c-cas-summer-undergraduate-research-fellowship-dameccas	California Institute of Technology	Https://ccas.nd.edu/outreach/surf-program/	ccas.nd.edu	200	SURF Program | Outreach | NSF Center for Computer Assisted Synthesis | University of Notre Dame	title match 4/8
Watershed Stewards Program	watershed-stewards-program	California Conservation Corps	https://ccc.ca.gov/ccc-watershed-stewards-program-smolt-trapping-and-tagging/	ccc.ca.gov	200	CCC Watershed Stewards Program Smolt Trapping and Tagging | California Conservation Corps	title match 3/3
Watershed Stewards Program	watershed-stewards-program-atershed	National Oceanic and Atmospheric Administration (NOAA)	https://ccc.ca.gov/ccc-watershed-stewards-program-smolt-trapping-and-tagging/	ccc.ca.gov	200	CCC Watershed Stewards Program Smolt Trapping and Tagging | California Conservation Corps	title match 3/3
Cell Manufacturing Technologies REU Program	cell-manufacturing-technologies-reu-program	Georgia Institute of Technology	https://cellmanufacturingusa.org/paid-summer-undergraduate-student-research-opportunities	cellmanufacturingusa.org	200	Paid Summer Undergraduate Student Research Opportunities | NSF Engineering Research Center for Cell Manufacturing Technologies (CMaT)	title match 2/3
Cell Manufacturing Technologies REU Program	cell-manufacturing-technologies-reu-program-anuftech	Universidad de Puerto Rico, Mayag&#252;ez	https://cellmanufacturingusa.org/paid-summer-undergraduate-student-research-opportunities	cellmanufacturingusa.org	200	Paid Summer Undergraduate Student Research Opportunities | NSF Engineering Research Center for Cell Manufacturing Technologies (CMaT)	title match 2/3
The CEMB Research Experience for Teachers (RET) program	the-cemb-research-experience-for-teachers-ret-program	University of Pennsylvania	https://cemb.upenn.edu/resources/stem-teacher-research-experiences/	cemb.upenn.edu	200	STEM Teacher Research Experiences &#8211; Center for Engineering MechanoBiology	title match 2/4
Research Experiences for Undergraduates in the College of Earth, Ocean, and Atmospheric Sciences	research-experiences-for-undergraduates-in-the-college-of-earth-ocean-and-atmospheric-sciences	Oregon State University	https://ceoas.oregonstate.edu/research/undergraduate/reu/	ceoas.oregonstate.edu	200	Summer Research Internships for Undergraduates | College of Earth, Ocean, and Atmospheric Sciences | Oregon State University	title match 7/8
Stengl-Wyer Postdoctoral Scholar - Biodiversity at UT Austin	stengl-wyer-postdoctoral-scholar-biodiversity-at-ut-austin	University of Texas, Austin	https://cns.utexas.edu/research/research-initiatives/stengl-wyer-scholars	cns.utexas.edu	200	Stengl-Wyer Scholars Program | Biodiversity Center	title match 3/5
Center for OLDest Ice EXploration (COLDEX) REU	center-for-oldest-ice-exploration-coldex-reu-eucoldex	Brown University	https://coldex.org/reu	coldex.org	200	COLDEX Research Experience for Undergraduates (REU) program &mdash; NSF Center for Oldest Ice Exploration	title match 4/4
Center for OLDest Ice EXploration (COLDEX) REU	center-for-oldest-ice-exploration-coldex-reu	American Meteorological Society	https://coldex.org/reu	coldex.org	200	COLDEX Research Experience for Undergraduates (REU) program &mdash; NSF Center for Oldest Ice Exploration	title match 4/4
Mayo Clinic International Colon and Rectal Surgery Fellowships (Minnesota) 2026	mayo-clinic-international-colon-and-rectal-surgery-fellowships-minnesota-2026	Mayo Foundation for Medical Education and Research (MFMER)	https://college.mayo.edu/academics/residencies-and-fellowships/international-colon-and-rectal-surgery-fellowship-minnesota/	college.mayo.edu	200	International Colon and Rectal Surgery Fellowship (Minnesota) - Residencies and Fellowships - Mayo Clinic College of Medicine & Science	title match 7/7
Scholarship Programs	scholarship-programs	American Indian College Fund	https://collegefund.org/students/scholarships/	collegefund.org	200	Scholarships | American Indian College Fund	title match 1/2
GeoScienceWorld Graduate Studies Award	geoscienceworld-graduate-studies-award	GeoScienceWorld	https://community.geoscienceworld.org/gsw-diversity-and-representation-award/	community.geoscienceworld.org	200	GSW Graduate Studies Award - GeoScienceWorld	title match 4/4
University Entrance Scholarship at Concordia University of Edmonton 2026	university-entrance-scholarship-at-concordia-university-of-edmonton-2026	Concordia University of Edmonton	https://concordia.ab.ca/scholarships/university-entrance-scholarship/	concordia.ab.ca	200	University Entrance Scholarship - Concordia University of Edmonton	title match 6/6
CERF Rising TIDES Program	cerf-rising-tides-program	Coastal &amp; Estuarine Research Federation	https://conference.cerf.science/rising-tides-program	conference.cerf.science	200	2025-2026 Rising TIDES Program	title match 3/3
Conservation Leadership Immersion Experience (CLIME) Program	conservation-leadership-immersion-experience-clime-program	Sonoma State University	https://conservationleadership.ucsc.edu/	conservationleadership.ucsc.edu	200	Conservation Leadership Immersion Experience &#8211; Global climate &amp; biodiversity crises call for multidisciplinary conservation	title match 4/6
Conservation Leadership Immersion Experience (CLIME) Program	conservation-leadership-immersion-experience-clime-program-adership	University of California, Santa Cruz	https://conservationleadership.ucsc.edu/	conservationleadership.ucsc.edu	200	Conservation Leadership Immersion Experience &#8211; Global climate &amp; biodiversity crises call for multidisciplinary conservation	title match 4/6
The Cowrie Scholarship Foundation 2026	the-cowrie-scholarship-foundation-2026	Cowrie Scholarship Foundation	https://cowriescholarshipfoundation.org/	cowriescholarshipfoundation.org	200	Scholarships for Black Students UK | Cowrie Scholarships	title match 2/3
NOAA Climate & Global Change Postdoctoral Fellowships	noaa-climate-global-change-postdoctoral-fellowships-techange	University Corporation for Atmospheric Research (UCAR)	https://cpaess.ucar.edu/cgc	cpaess.ucar.edu	200	Climate &amp; Global Change (C&amp;GC) Postdoctoral Program | Cooperative Programs for the Advancement of Earth System Science (CPAESS)	title match 4/5
NOAA Climate & Global Change Postdoctoral Fellowships	noaa-climate-global-change-postdoctoral-fellowships	National Oceanic and Atmospheric Administration (NOAA)	https://cpaess.ucar.edu/cgc	cpaess.ucar.edu	200	Climate &amp; Global Change (C&amp;GC) Postdoctoral Program | Cooperative Programs for the Advancement of Earth System Science (CPAESS)	title match 4/5
Research Experiences for Undergraduates: IDEA Incubator in Porous Materials	research-experiences-for-undergraduates-idea-incubator-in-porous-materials	University of Kansas	https://cpe.ku.edu/reu-idea	cpe.ku.edu	200	IDEA Incubator Research Experience for Undergraduates | Chemical &amp; Petroleum Engineering	title match 3/6
UD CPI (Center for Plastics Innovation) Summer Research Experience for Undergraduates	ud-cpi-center-for-plastics-innovation-summer-research-experience-for-undergraduates	University of Chicago	https://cpi.udel.edu/research-undergraduate/	cpi.udel.edu	200	Undergraduate Research | Center for Plastics Innovation	title match 4/7
Lowell Institute Scholarship at College of Professional Studies, Northeastern University 2026	lowell-institute-scholarship-at-college-of-professional-studies-northeastern-university-2026	Northeastern University, Boston	https://cps.northeastern.edu/admissions-aid/scholarships/lowell-institute-scholarship/	cps.northeastern.edu	200	Lowell Institute Scholarship | Northeastern University College of Professional Studies	title match 8/8
Professional Advancement Scholarship at College of Professional Studies, Northeastern University, Boston 2026	professional-advancement-scholarship-at-college-of-professional-studies-northeastern-university-boston-2026	Northeastern University, Boston	https://cps.northeastern.edu/admissions-aid/scholarships/professional-advancement-scholarship/	cps.northeastern.edu	200	Professional Advancement Scholarship | Northeastern University College of Professional Studies	title match 8/9
Center for Public Service Jim Runsdorf Excellence in Public Service Student Award at Tulane University 2026	center-for-public-service-jim-runsdorf-excellence-in-public-service-student-award-at-tulane-university-2026	Tulane University	https://cps.tulane.edu/student-awards-scholarships-and-grants	cps.tulane.edu	200	Student Awards, Scholarships and Grants | Tulane Center for Public Service	title match 8/11
McKesson Scholarship at University of Munster 2025	mckesson-scholarship-at-university-of-munster-2025	University of Munster	https://cs.cit.ie/mckesson-scholarship	cs.cit.ie	200	The McKesson Women in IT Scholarship programme	title match 2/4
Community Surface Dynamics Modeling System (CSDMS) Earth Surface Processes Institute (ESPIn)	community-surface-dynamics-modeling-system-csdms-earth-surface-processes-institute-espin	University of Colorado, Boulder	https://csdms.colorado.edu/wiki/ESPIn	csdms.colorado.edu	200	ESPIn • CSDMS: Community Surface Dynamics Modeling System. Explore Earth's surface with community software	title match 9/11
Monterey Bay Regional Ocean Science Research Experience for Undergraduates	monterey-bay-regional-ocean-science-research-experience-for-undergraduates	California State University, Monterey Bay	https://csumb.edu/marinescience/research/research-experiences-for-undergraduates/	csumb.edu	200	Research Experiences for Undergraduates | California State University Monterey Bay	title match 4/7
Monterey Bay Regional Ocean Science Research Experience for Undergraduates	monterey-bay-regional-ocean-science-research-experience-for-undergraduates-yoceansc	Monterey Bay Aquarium Research Institute	https://csumb.edu/marinescience/research/research-experiences-for-undergraduates/	csumb.edu	200	Research Experiences for Undergraduates | California State University Monterey Bay	title match 4/7
Common Themes in Reproductive Diversity Grant, an NIH Training Grant	common-themes-in-reproductive-diversity-grant-an-nih-training-grant	Indiana University, Bloomington	https://ctrd.indiana.edu/	ctrd.indiana.edu	200	Common Themes in Reproductive Diversity: Indiana University Bloomington	title match 4/7
CURB Research Experiences for Undergraduates (REU) Program	curb-research-experiences-for-undergraduates-reu-program	Texas A&amp;M University	https://curb.wustl.edu/engineering-workforce-development/research-experiences-for-undergraduates-program/	curb.wustl.edu	200	CURB Research Experiences for Undergraduates (REU) Program  | NSF CURB Engineering Research Center | Washington University in St. Louis	title match 4/4
CURB Research Experiences for Undergraduates (REU) Program	curb-research-experiences-for-undergraduates-reu-program-tonucurb	University of Delaware	https://curb.wustl.edu/engineering-workforce-development/research-experiences-for-undergraduates-program/	curb.wustl.edu	200	CURB Research Experiences for Undergraduates (REU) Program  | NSF CURB Engineering Research Center | Washington University in St. Louis	title match 4/4
Undergraduate Student Scholars Program (USSP)	undergraduate-student-scholars-program-ussp	University of Pennsylvania	https://curf.upenn.edu/content/department-medicine-undergraduate-student-scholars-program-ussp	curf.upenn.edu	200	Department of Medicine Undergraduate Student Scholars Program (USSP) | Penn CURF	title match 4/4
Curtin Singapore Academic Scholarship for International Students 2026	curtin-singapore-academic-scholarship-for-international-students-2026	Curtin University. Australia	https://curtin.edu.sg/scholarships/	curtin.edu.sg	200	Scholarships - Curtin Singapore	title match 3/6
Daiwa Scholarship by daiwa anglo japanese foundation 2027	daiwa-scholarship-by-daiwa-anglo-japanese-foundation-2027	Daiwa Anglo-Japanese Foundation	https://dajf.org.uk/scholarships/daiwa-scholarship	dajf.org.uk	200	Daiwa Scholarship: General information - Scholarships - 大和日英基金	title match 3/6
Rising Stars in Data Science	rising-stars-in-data-science	University of California, San Diego	https://datascience.uchicago.edu/research/postdoctoral-programs/rising-stars/	datascience.uchicago.edu	200	Rising Stars in Data Science | DSI	title match 3/3
INSIGHT Injury Science Summer Research Program	insight-injury-science-summer-research-program	University of Washington	https://depts.washington.edu/hiprc/education/insight/	depts.washington.edu	200	INSIGHT - Summer Research Training Program - Harborview Injury Prevention &amp; Research Center	title match 5/6
Center for Digital Agriculture REU	center-for-digital-agriculture-reu	University of Illinois, Urbana-Champaign	https://digitalag.illinois.edu/education/reu-program/	digitalag.illinois.edu	200	REU Program - Center for Digital Agriculture	title match 3/3
Massie Family Endowed Fellowship at Washington State University 2026	massie-family-endowed-fellowship-at-washington-state-university-2026	Washington State University (WSU), Everett	https://distinguishedscholarships.wsu.edu/other-awards/massie-fellowship	distinguishedscholarships.wsu.edu	200	Massie Family Endowed Fellowship | Distinguished Scholarships Program |  Washington State University	title match 7/7
Faculty Forward Post Doctoral and Visiting Scholars Program at University of New Mexico 2027	faculty-forward-post-doctoral-and-visiting-scholars-program-at-university-of-new-mexico-2027	University of New Mexico	https://diverse.unm.edu/affiliate-resources/post-doctoral/index.html	diverse.unm.edu	200	Faculty Forward Post Doctoral and Visiting Scholars Program :: 
    
            Division for Change and Empowerment (Di.C.E) | The University of New Mexico	title match 8/8
UMaine Darling Marine Center Summer Research Internships	umaine-darling-marine-center-summer-research-internships	Darling Marine Center, University of Maine	https://dmc.umaine.edu/category/undergraduate-internships/	dmc.umaine.edu	200	Undergraduate internships Archives  - Darling Marine Center - University of Maine	title match 4/7
Summit@Wharton	summit-wharton	University of Pennsylvania	https://doctoral.wharton.upenn.edu/iddeas/	doctoral.wharton.upenn.edu	200	SUMMIT - Doctoral	title match 1/2
Coastal Ocean Systems and Sustainability at the USC Wrigley Institute	coastal-ocean-systems-and-sustainability-at-the-usc-wrigley-institute-nsystems	Wrigley Institute for Environmental Studies, University of Southern California	https://dornsife-wrigley.usc.edu/education/undergraduate-internships/reu/	dornsife-wrigley.usc.edu	200	Summer Research Internships - Wrigley Institute for Environment and Sustainability	title match 3/6
Coastal Ocean Systems and Sustainability at the USC Wrigley Institute	coastal-ocean-systems-and-sustainability-at-the-usc-wrigley-institute	University of Southern California	https://dornsife-wrigley.usc.edu/education/undergraduate-internships/reu/	dornsife-wrigley.usc.edu	200	Summer Research Internships - Wrigley Institute for Environment and Sustainability	title match 3/6
Bridge UnderGraduate Science (BUGS) Program	bridge-undergraduate-science-bugs-program	University of Southern California	https://dornsife.usc.edu/bridge-institute/bugs-program/	dornsife.usc.edu	200	BUGS Program - USC Bridge Institute	title match 2/4
RISING Mid-Atlantic Postdoctoral Associate Position	rising-mid-atlantic-postdoctoral-associate-position-rkrising	Rutgers University	https://drive.google.com/file/d/1MGGH8yvBAXycktroQW7lm1XvfHH0XTGL/view?usp=drive_link	drive.google.com	200	RISING Postdoctoral Position Announcement.pdf - Google Drive	title match 3/5
RISING Mid-Atlantic Postdoctoral Associate Position	rising-mid-atlantic-postdoctoral-associate-position	George Washington University	https://drive.google.com/file/d/1MGGH8yvBAXycktroQW7lm1XvfHH0XTGL/view?usp=drive_link	drive.google.com	200	RISING Postdoctoral Position Announcement.pdf - Google Drive	title match 3/5
Drug Lawsuit Source College Scholarship 2026	drug-lawsuit-source-college-scholarship-2026	Drug Lawsuit Source	https://druglawsuitsource.com/scholarships/college/	druglawsuitsource.com	200	Drug Lawsuit Source College Fund Scholarship - Apply Today	title match 4/4
Eagleton Science and Politics Fellowship	eagleton-science-and-politics-fellowship	Rutgers University	https://eagleton.rutgers.edu/eagleton-science-and-politics-program-2/	eagleton.rutgers.edu	200	Eagleton Science and Politics Program - Eagleton Institute of Politics Institute of Politics	title match 3/4
Ronald E. McNair Postbaccalaureate Achievement Program	ronald-e-mcnair-postbaccalaureate-achievement-program	Earlham College	https://earlham.edu/mcnair-program/	earlham.edu	200	The Ronald E. McNair Program : Earlham College	title match 3/5
Master of Advanced Economics Scholarships at University of Queensland 2026	master-of-advanced-economics-scholarships-at-university-of-queensland-2026	University of Queensland (UQ)	https://economics.uq.edu.au/financial-support-scholarships-master-advanced-economics	economics.uq.edu.au	200	Financial support (scholarships) for the Master of Advanced Economics - School of Economics - University of Queensland	title match 6/6
EDF Climate Corps Fellow	edf-climate-corps-fellow	Environmental Defense Fund	http://edfclimatecorps.org/fellows/jump-start-your-sustainability-career	edfclimatecorps.org	200	Climate Corps Overview - EDF+Business	title match 2/3
Karolinska Institutet scholarships	karolinska-institutet-scholarships-se	Karolinska Institutet	https://education.ki.se/scholarships	education.ki.se	200	Scholarships for prospective master&#039;s students | Karolinska Institutet	title match 3/3
Emerging Researchers National (ERN) Conference in STEM Travel Awards	emerging-researchers-national-ern-conference-in-stem-travel-awards	National Science Foundation (NSF)	https://emerging-researchers.org/travel-awards/	emerging-researchers.org	200	2026 Travel Award Application Process - ERN: Emerging Researchers National Conference in STEM	title match 5/6
Law — SIAS University (Bachelor's)	law-sias-university-bachelor-s	SIAS University	https://en.sias.edu.cn/info/1053/4990.htm	en.sias.edu.cn	200	Scholarship Categories &amp; Financial Aid Policies-Sias University	title match 1/2
University of Toronto Indigenous Scholars Awards and Supplements Pilot Initiative (for CGS M applicants) 2026	university-of-toronto-indigenous-scholars-awards-and-supplements-pilot-initiative-for-cgs-m-applicants-2026	University of Toronto	https://enews.sgs.utoronto.ca/article/indigenous-scholars-awards-and-supplements-pilot-initiative-for-cgs-m-applicants/	enews.sgs.utoronto.ca	200	Indigenous Scholars Awards and Supplements Pilot Initiative (for CGS M applicants) &#8211; Gradschool eNews	title match 7/9
Bethel College Summer Science Institute	bethel-college-summer-science-institute	Bethel College	https://engage.bethelks.edu/portal/bcssi	engage.bethelks.edu	200	2026 Bethel College Summer Science Institute	title match 5/5
Lillian Gilbreth Postdoctoral Fellowships at Purdue Engineering	lillian-gilbreth-postdoctoral-fellowships-at-purdue-engineering	Purdue University	https://engineering.purdue.edu/Engr/Research/GilbrethFellowships#about	engineering.purdue.edu	200	Lillian Gilbreth Postdoctoral Fellowships at Purdue Engineering - College of Engineering - Purdue University	title match 6/6
Axxess Scholarship for the Jonsson School at University of Texas at Dallas 2026	axxess-scholarship-for-the-jonsson-school-at-university-of-texas-at-dallas-2026	University of Texas at Dallas (UTD)	https://engineering.utdallas.edu/academics/undergraduate-majors/scholarships/	engineering.utdallas.edu	200	Scholarships - Erik Jonsson School of Engineering &amp; Computer Science | The University of Texas at Dallas	title match 6/7
Vanderbilt University Scholarship 2026	vanderbilt-university-scholarship-2026	Vanderbilt University	https://engineering.vanderbilt.edu/academics/graduate/fellowships/	engineering.vanderbilt.edu	200	Graduate Fellowships - School of Engineering | School of Engineering | Vanderbilt University	title match 2/3
Plastic Surgery — Chongqing Medical University (Master's)	plastic-surgery-chongqing-medical-university-master-s	Chongqing Medical University	https://english.cqmu.edu.cn/Education/Scholarships.htm	english.cqmu.edu.cn	200	Scholarships-Chongqing medical university	title match 3/6
Botany — Chongqing Medical University (Master's)	botany-chongqing-medical-university-master-s	Chongqing Medical University	https://english.cqmu.edu.cn/Education/Scholarships.htm	english.cqmu.edu.cn	200	Scholarships-Chongqing medical university	title match 3/5
Pediatrics — Chongqing Medical University (PhD)	pediatrics-chongqing-medical-university-phd	Chongqing Medical University	https://english.cqmu.edu.cn/Education/Scholarships.htm	english.cqmu.edu.cn	200	Scholarships-Chongqing medical university	title match 3/4
University Of Jinan PhD Scholarship In Electrochemistry 2025	university-of-jinan-phd-scholarship-in-electrochemistry-2025	China Scholarship Council (CSC)	https://english.jnu.edu.cn/	english.jnu.edu.cn	200	Jinan University	title match 2/4
Northwest University CSC Scholarship 2026	northwest-university-csc-scholarship-2026	China Scholarship Council (CSC)	https://english.nwu.edu.cn/	english.nwu.edu.cn	200	Northwest University	title match 2/3
Emmett and Mary Avery Writing Awards at Washington State University 2026	emmett-and-mary-avery-writing-awards-at-washington-state-university-2026	Washington State University (WSU), Pullman	https://english.wsu.edu/undergraduate-studies/resources/scholarships/	english.wsu.edu	200	Scholarships and Awards | WSU Department of English |  Washington State University	title match 4/7
School of the Environment Boeing Environmental Endowed Grad Fellowship at Washington State University 2026	school-of-the-environment-boeing-environmental-endowed-grad-fellowship-at-washington-state-university-2026	Washington State University (WSU), Pullman	https://environment.wsu.edu/scholarships/	environment.wsu.edu	200	Scholarships | School of the Environment |  Washington State University	title match 5/9
Environmental Fellows Program	environmental-fellows-program-lfellows	University of Michigan	https://environmentalfellows.yale.edu/program-overview	environmentalfellows.yale.edu	200	Program Overview
 | Environmental Fellows Program	title match 3/3
ESA-SEEDS Spring National Field Trip	esa-seeds-spring-national-field-trip	Ecological Society of America (ESA)	https://esa.org/seeds/field-trip/national-field-trip/	esa.org	200	National Field Trips &#8211; SEEDS	title match 3/4
ETH Zurich Excellence Scholarship & Opportunity Programme (ESOP)	eth-zurich-excellence-scholarship-and-opportunity-programme-esop-ch	ETH Zurich	https://ethz.ch/students/en/studies/financial/scholarships/excellencescholarship.html	ethz.ch	200	Excellence Scholarship &amp; Opportunity Programme – Student portal | ETH Zurich	title match 5/5
Academic Excellence Scholarships at European University Cyprus 2025	academic-excellence-scholarships-at-european-university-cyprus-2025	European University Cyprus	https://euc.ac.cy/en/admissions/finance-aid/scholarship-aid/	euc.ac.cy	200	Scholarships and Financial Aid - European University Cyprus	title match 4/6
International Achievement Award at Washington State University 2026	international-achievement-award-at-washington-state-university-2026	Washington State University (WSU), Everett	https://everett.wsu.edu/admissions/financial-aid/scholarships/#wsu-everett-scholarships	everett.wsu.edu	200	Scholarships | Washington State University Everett |  Washington State University	title match 3/6
WSU Everett WUE Award at Washington State University 2026	wsu-everett-wue-award-at-washington-state-university-2026	Washington State University (WSU), Everett	https://everett.wsu.edu/admissions/financial-aid/scholarships/#wsu-everett-scholarships	everett.wsu.edu	200	Scholarships | Washington State University Everett |  Washington State University	title match 4/5
WU Executive Academy Global Executive MBA Scholarships 2026	wu-executive-academy-global-executive-mba-scholarships-2026	WU Executive Academy	https://executiveacademy.at/en/information-for/future-students/financing/scholarships-early-bird-bonus	executiveacademy.at	200	Early Bird Discount for Your Executive Education | WU Executive Academy	title match 3/5
Colorado/Arizona Out-of-State Tuition Discount at New Mexico State University 2026	colorado-arizona-out-of-state-tuition-discount-at-new-mexico-state-university-2026	New Mexico State University	https://fa.nmsu.edu/scholarships/renewal.html	fa.nmsu.edu	200	| New Mexico State University - BE BOLD. Shape the Future.	title match 4/8
135 Mile Out-of-State Tuition Discount for Students in USA at New Mexico State University 2026	135-mile-out-of-state-tuition-discount-for-students-in-usa-at-new-mexico-state-university-2026	New Mexico State University	https://fa.nmsu.edu/scholarships/	fa.nmsu.edu	200	Scholarships | New Mexico State University - BE BOLD. Shape the Future.	title match 4/7
The Smithsonian Institution Fellowship Program 2027	the-smithsonian-institution-fellowship-program-2027	Smithsonian Institute	https://fellowships.si.edu/SIFP	fellowships.si.edu	200	Smithsonian Institution Fellowship Program (SIFP) | Office of Academic Appointments and Internships	title match 4/4
Foundation For Excellence Scholarships in India 2026	foundation-for-excellence-scholarships-in-india-2026	Foundation for Excellence	https://ffe.org/	ffe.org	200	Foundation For Excellence	title match 2/4
Stamps Scholarship at University of Oregon 2026	stamps-scholarship-at-university-of-oregon-2026	University of Oregon	https://financialaid.uoregon.edu/stamps_scholarship	financialaid.uoregon.edu	200	Stamps Scholarship | Financial Aid &amp; Scholarships	title match 2/4
University Achievement Award at Washington State University 2026	university-achievement-award-at-washington-state-university-2026	Washington State University (WSU), Everett	https://financialaid.wsu.edu/washington-state-scholarships/	financialaid.wsu.edu	200	Washington State Scholarships | Student Financial Services |  Washington State University	title match 4/6
WUE Cougar Award at Washington State University 2026	wue-cougar-award-at-washington-state-university-2026	Washington State University (WSU), Everett	https://financialaid.wsu.edu/scholarships/#categories	financialaid.wsu.edu	200	Scholarships | Student Financial Services |  Washington State University	title match 3/5
FORCE High Pressure Summer School	force-high-pressure-summer-school	Arizona State University	https://force.asu.edu/high-pressure-summer-school/	force.asu.edu	200	High Pressure Summer School - FORCE: Facility for Open Research in a Compressed Environment	title match 4/4
Fulbright Foreign Student Program in USA	fulbright-foreign-student-program-in-usa-s4d	USA Government	http://foreign.fulbrightonline.org/applicants	foreign.fulbrightonline.org	200	Foreign Fulbright Program - New Apply Page	title match 3/4
AI4CI Scholarship – Avignon Université	ai4ci-scholarship-avignon-universit-cf	Avignon Université	https://formations.univ-avignon.fr/formation/master-informatique-artificial-intelligence-for-connected-industries-ai4ci/	formations.univ-avignon.fr	200	MASTER INFORMATIQUE &#8211; ARTIFICIAL INTELLIGENCE FOR CONNECTED INDUSTRIES (AI4CI) &#8211; Catalogue des formations d&#039;Avignon Université	title match 3/4
Dr. Kenneth L. and Ann K. Shaw Endowed Scholarship at FSU 2026	dr-kenneth-l-and-ann-k-shaw-endowed-scholarship-at-fsu-2026	Florida State University (FSU)	https://fsu.academicworks.com/opportunities/36214	fsu.academicworks.com	200	Dr. Kenneth L. and Ann K. Shaw Endowed Scholarship - FS4U	title match 3/3
Don Crisp Endowed Scholarship at FSU 2026	don-crisp-endowed-scholarship-at-fsu-2026	Florida State University (FSU)	https://fsu.academicworks.com/opportunities/36279	fsu.academicworks.com	200	Don Crisp Endowed Scholarship - FS4U	title match 3/3
Dempsey J. Barron Endowed Scholarship at FSU 2026	dempsey-j-barron-endowed-scholarship-at-fsu-2026	Florida State University (FSU)	https://fsu.academicworks.com/opportunities/36178	fsu.academicworks.com	200	Dempsey J. Barron Endowed Scholarship - FS4U	title match 4/4
Crown Prince Frederik Fund to Harvard Kennedy School 2027	crown-prince-frederik-fund-to-harvard-kennedy-school-2027	Fulbright Program	https://fulbrightcenter.dk/crown-prince-frederik-fund/	fulbrightcenter.dk	200	Crown Prince Frederik Fund - Fulbright Denmark	title match 3/6
Fulbright Scholarship	fulbright-scholarship-se	Fulbright	https://fulbrightscholars.org/	fulbrightscholars.org	200	Fulbright Scholars | Fellowships for Research &amp; Teaching Abroad	title match 1/2
Presidents Scholars of Excellence Program at University of Toronto 2026	presidents-scholars-of-excellence-program-at-university-of-toronto-2026	University of Toronto	https://future.utoronto.ca/scholarships/presidents-scholars-of-excellence-program/	future.utoronto.ca	200	President&#039;s Scholars of Excellence Program | Future Students. University of Toronto	title match 5/6
The Lester B. Pearson International Student Scholarships at University of Toronto 2026	the-lester-b-pearson-international-student-scholarships-at-university-of-toronto-2026	University of Toronto	https://future.utoronto.ca/pearson/about/	future.utoronto.ca	200	Lester B Pearson International Student Scholarships | Future Students. University of Toronto	title match 7/7
Dr. Harvey Young Education & Development Foundation’s Young Guts Scholars Program	dr-harvey-young-education-development-foundation-s-young-guts-scholars-program	American Gastroenterological Association	https://gastro.org/research-and-awards/apply-for-awards/award/aga-dr-harvey-young-education-development-foundations-young-guts-scholar-program/	gastro.org	200	AGA-Dr. Harvey Young Education &amp; Development Foundation&#039;s Young Guts Scholars Program - American Gastroenterological Association	title match 8/8
Aman Armaan Ahmed Family Summer Undergraduate Research Fellowships (SURF) for Success Program	aman-armaan-ahmed-family-summer-undergraduate-research-fellowships-surf-for-success-program	American Gastroenterological Association	https://gastro.org/research-and-awards/apply-for-awards/award/aga-aman-armaan-ahmed-family-summer-undergraduate-research-fellowship-surf/	gastro.org	200	AGA-Aman Armaan Ahmed Family SURF for Success Program - American Gastroenterological Association	title match 5/9
MD-PhD Undergraduate Summer Fellowship	md-phd-undergraduate-summer-fellowship	Dartmouth College	https://geiselmed.dartmouth.edu/mpus/welcome/	geiselmed.dartmouth.edu	200	Welcome &#8211; The MD-PhD Undergraduate Summer Fellowship	title match 3/3
Summer Undergraduate Fellowship in Genetics (SUNFIG)	summer-undergraduate-fellowship-in-genetics-sunfig	University of Georgia	https://genetics.uga.edu/summer-undergraduate-fellowships-genetics-sunfig	genetics.uga.edu	200	Summer Undergraduate Fellowships in Genetics (SUNFIG) 2026 | Department of Genetics	title match 5/5
Goa Institute of Management (GIM) Scholarships 2025	goa-institute-of-management-gim-scholarships-2025	Goa Institute of Management, GIM Goa	https://gim.ac.in/admission/fees-and-financial-aid	gim.ac.in	200	Fees &amp; financial AID | Goa Institute of Management	title match 2/3
PUMAS Summer Internship Program	pumas-summer-internship-program	Gladstone Institutes	https://gladstone.org/training/pumas-summer-internship-program	gladstone.org	200	PUMAS Summer Internship Program | Gladstone Institutes	title match 4/4
Global Change Fellowship	global-change-fellowship	Virginia Polytechnic Institute and State University	https://globalchange.vt.edu/graduate/graduate-funding-opportunities.html	globalchange.vt.edu	200	GRADUATE FUNDING OPPORTUNITIES  | Global Change Center | Virginia Tech	title match 2/3
Scholarships for Yale Young Global Scholars (Two-Week Summer Program)	scholarships-for-yale-young-global-scholars-two-week-summer-program	Yale University	https://globalscholars.yale.edu/tuition/scholarships	globalscholars.yale.edu	200	Scholarships
 | Yale Young Global Scholars	title match 4/6
Political Science Predoctoral Summer Institute	political-science-predoctoral-summer-institute	Georgetown University	https://government.georgetown.edu/ps-psi/	government.georgetown.edu	200	Political Science Predoctoral Summer Institute | Department of Government |
    Georgetown University	title match 5/5
Sloan University Center of Exemplary Mentoring	sloan-university-center-of-exemplary-mentoring	University of Illinois, Urbana-Champaign	https://grad.illinois.edu/diversity/sloan	grad.illinois.edu	200	Sloan University Center of Exemplary Mentoring at Illinois (UCEM) | Graduate College	title match 5/5
Illinois Materials Research Science and Engineering Center Summer REU Program	illinois-materials-research-science-and-engineering-center-summer-reu-program	University of Illinois, Urbana-Champaign	https://grad.illinois.edu/diversity/srop	grad.illinois.edu	200	Illinois Summer Research Program (ISRP) | Graduate College	title match 4/8
Visit NC State Program - Graduate School	visit-nc-state-program-graduate-school	North Carolina State University	https://grad.ncsu.edu/faculty-and-staff/recruiting-resources/visit-nc-state/	grad.ncsu.edu	200	Visit NC State Program | The Graduate School	title match 5/5
TDTU Graduate Scholarship 2026	tdtu-graduate-scholarship-2026	Ton Duc Thang University	https://grad.tdtu.edu.vn/en/scholarship/tdtu-graduate-scholarship	grad.tdtu.edu.vn	200	TDTU graduate scholarship | Graduate Studies	title match 2/2
Alberta Graduate Excellence Scholarship (AGES) at University of Calgary 2026	alberta-graduate-excellence-scholarship-ages-at-university-of-calgary-2026	University of Calgary, Canada	https://grad.ucalgary.ca/awards/award-opportunities/ages	grad.ucalgary.ca	200	ages | Faculty of Graduate Studies | University of Calgary	title match 3/6
Summer Research Opportunities Program for Undergraduates (SROP)	summer-research-opportunities-program-for-undergraduates-srop	University of Illinois, Chicago	https://grad.uic.edu/diversity/srop-program/	grad.uic.edu	200	Summer Research Opportunities Program for Undergraduates | Graduate College | University of Illinois Chicago	title match 5/5
SROP/McNair- Summer Research Opportunities Program	srop-mcnair-summer-research-opportunities-program	University of Iowa	https://grad.uiowa.edu/gsb/srop#:~:text=The%20Graduate%20College	grad.uiowa.edu	200	Summer Research Opportunities Program | Graduate College - The University of Iowa	title match 4/5
Weill Cornell IMSD Program	weill-cornell-imsd-program	Cornell University	https://gradschool.weill.cornell.edu/WCGSIMSD	gradschool.weill.cornell.edu	200	Weill Cornell IMSD Program | Graduate School of Medical Sciences	title match 3/3
Graduate School Karen P. DePauw Leadership Award at Washington State University 2026	graduate-school-karen-p-depauw-leadership-award-at-washington-state-university-2026	Washington State University (WSU), Pullman	https://gradschool.wsu.edu/scholarships-2016/#Dissertation	gradschool.wsu.edu	200	Graduate School Scholarships | The Graduate School |  Washington State University	title match 5/9
Presidential Graduate Assistantship Program	presidential-graduate-assistantship-program	Arizona State University	https://graduate.asu.edu/current-students/funding-opportunities/awards-and-fellowships/presidential-graduate-assistantship	graduate.asu.edu	200	Presidential Graduate Assistantship Program | Office of the University Provost | ASU	title match 4/4
STEM Summer Scholars Institute (SSI)	stem-summer-scholars-institute-ssi	Alabama A&amp;M University	https://graduate.indiana.edu/funding-professional-dev/undergrad-research/stem.html	graduate.indiana.edu	200	STEM Summer Scholars Institute: Undergraduate Research Programs: Funding &amp; Professional Development: Graduate School Bloomington: Indiana University Bloomington	title match 3/3
STEM Summer Scholars Institute (SSI)	stem-summer-scholars-institute-ssi-hbcustem	Bennett College	https://graduate.indiana.edu/funding-professional-dev/undergrad-research/stem.html	graduate.indiana.edu	200	STEM Summer Scholars Institute: Undergraduate Research Programs: Funding &amp; Professional Development: Graduate School Bloomington: Indiana University Bloomington	title match 3/3
Double Husky Scholarship at Northeastern University 2026	double-husky-scholarship-at-northeastern-university-2026	Northeastern University, Boston	https://graduate.northeastern.edu/admissions-aid/tuition-financial-aid/scholarships/double-husky-scholarship/	graduate.northeastern.edu	200	Double Husky Scholarship	title match 3/5
African Students Access Scholarship at Northeastern University 2026	african-students-access-scholarship-at-northeastern-university-2026	Northeastern University, Boston	https://graduate.northeastern.edu/admissions-aid/tuition-financial-aid/scholarships/african-students-access-scholarship/	graduate.northeastern.edu	200	African Students Access Scholarship	title match 4/6
Summer Research Opportunities Program	summer-research-opportunities-program-research	University of Notre Dame	https://graduateschool.nd.edu/admissions/summer-research-opportunities/	graduateschool.nd.edu	200	Summer Research Experiences for Undergraduate Students  | Admissions | The Graduate School | University of Notre Dame	title match 2/4
Grainger Distinguished Postdoc Program - The Grainger College of Engineering	grainger-distinguished-postdoc-program-the-grainger-college-of-engineering	University of Illinois, Urbana-Champaign	https://grainger.illinois.edu/research/postdoc-opportunities	grainger.illinois.edu	200	Postdoctoral Opportunities | The Grainger College of Engineering | Illinois	title match 5/7
The Graduate School Of CAAS Scholarship 2026	the-graduate-school-of-caas-scholarship-2026	Chinese Academy of Agricultural Sciences (CAAS)	https://gs.caas.cn/en/admission/scholarships/index.htm	gs.caas.cn	200	Scholarships_Graduate School of Chinese Academy of Agricultural Science	title match 3/3
Yale Summer Undergraduate Research Fellowship (SURF) Program	yale-summer-undergraduate-research-fellowship-surf-program	Yale University	https://gsas.yale.edu/programs-of-study/summer-undergraduate-research-fellowship-program	gsas.yale.edu	200	Summer Undergraduate Research Fellowship Program | Yale Graduate School of Arts and Sciences	title match 5/5
Tufts IRACDA Postdoctoral Program	tufts-iracda-postdoctoral-program	Bunker Hill Community College	https://gsbs.tufts.edu/academics/tufts-iracda	gsbs.tufts.edu	200	Tufts IRACDA Program | Graduate School of Biomedical Sciences	title match 3/4
Tufts IRACDA Postdoctoral Program	tufts-iracda-postdoctoral-program-suiracda	Suffolk University	https://gsbs.tufts.edu/academics/tufts-iracda	gsbs.tufts.edu	200	Tufts IRACDA Program | Graduate School of Biomedical Sciences	title match 3/4
Eleanor M. Dangel Memorial Scholarship at Georgia State University 2026	eleanor-m-dangel-memorial-scholarship-at-georgia-state-university-2026	Georgia State University	https://gsu.academicworks.com/opportunities/5579	gsu.academicworks.com	200	Eleanor M. Dangel Memorial Scholarship - Georgia State University Scholarships	title match 7/7
Intellectual Property Endowed Scholarship at Georgia State University 2026	intellectual-property-endowed-scholarship-at-georgia-state-university-2026	Georgia State University	https://gsu.academicworks.com/opportunities/5927	gsu.academicworks.com	200	Intellectual Property Endowed Scholarship - Georgia State University Scholarships	title match 7/7
Margaret A. (Peg) Jones Scholarship at Georgia State University 2026	margaret-a-peg-jones-scholarship-at-georgia-state-university-2026	Georgia State University	https://gsu.academicworks.com/opportunities/5388	gsu.academicworks.com	200	Margaret A. (Peg) Jones Scholarship - Georgia State University Scholarships	title match 6/6
Astrophysics REU	astrophysics-reu	West Virginia University	https://gwac.wvu.edu/reu	gwac.wvu.edu	200	Astrophysics &amp; Plasma Physics REU | Gravitational Waves and Cosmology | West Virginia University	title match 1/1
HAN Scholarships for International Students 2026	han-scholarships-for-international-students-2026	HAN University of Applied Sciences	https://hanuniversity.com/en/study-and-living/scholarships/index.xml	hanuniversity.com	200	Scholarships for International Students Netherlands | HAN	title match 3/3
Harvard Forest Summer Research Program in Ecology	harvard-forest-summer-research-program-in-ecology	Harvard University	http://harvardforest.fas.harvard.edu/other-tags/reu	harvardforest.fas.harvard.edu	200	Summer Research Program in Ecology - Harvard Forest	title match 6/6
National Coral Reef Management Fellowship Program	national-coral-reef-management-fellowship-program	NOAA Coastal Services Center	https://hcas.nova.edu/fellows/index.html	hcas.nova.edu	200	National Coral Reef Management Fellowship | Halmos College of Arts and Sciences | Nova Southeastern University	title match 4/5
School of Medicine Postbaccalaureate Program	school-of-medicine-postbaccalaureate-program	University of California, Davis	https://health.ucdavis.edu/med-pathways/postbaccalaureate/	health.ucdavis.edu	200	UC Davis Postbaccalaureate Program	title match 2/4
Summer Program for Undergraduate Research in Biomedical Sciences	summer-program-for-undergraduate-research-in-biomedical-sciences	West Virginia University	https://health.wvu.edu/research-and-graduate-education/graduate-education/phd-programs/biomedical-sciences/summer-program-for-undergraduate-research-in-biomedical-sciences/	health.wvu.edu	200	Summer Program for Undergraduate Research in Biomedical Sciences | Office of Research and Graduation Education | West Virginia University	title match 6/6
Heliophysics Summer School	heliophysics-summer-school	University Corporation for Atmospheric Research (UCAR)	https://heliophysics.ucar.edu/summer-school/recruitment-announcement	heliophysics.ucar.edu	200	2026 Heliophysics Summer School Recruitment Announcement | Heliophysics	title match 3/3
University of Gävle scholarships	university-of-g-vle-scholarships-se	University of Gävle	https://hig.se/Ext/En/University-of-Gavle/Education/Scholarships.html	hig.se	200	Scholarships - Högskolan i Gävle	title match 1/2
Hispanic Heritage Youth Awards	hispanic-heritage-youth-awards	Hispanic Heritage Foundation	https://hispanicheritage.org/programs/leadership/youth-awards/	hispanicheritage.org	200	Youth Awards - Hispanic Heritage Foundation	title match 4/4
Research Experience for Undergraduates in Marine Sciences: From Estuaries to the Deep Sea	research-experience-for-undergraduates-in-marine-sciences-from-estuaries-to-the-deep-sea	Oregon State University	https://hmsc.oregonstate.edu/research-experience-undergraduates	hmsc.oregonstate.edu	200	Research Experiences for Undergraduates | Hatfield Marine Science Center | Oregon State University	title match 4/6
PEI Energy Corporation Award for Sustainable Business Leadership at Holland College 2026	pei-energy-corporation-award-for-sustainable-business-leadership-at-holland-college-2026	Holland College	https://hollandcollege.academicworks.ca/opportunities/7061	hollandcollege.academicworks.ca	200	PEI Energy Corporation Award for Sustainable Business Leadership - Holland College Awards, Bursaries, and Scholarships	title match 8/8
Samit & Reshma Sharma Excellence Award in Industrial Technology & Trades at Holland College 2026	samit-reshma-sharma-excellence-award-in-industrial-technology-trades-at-holland-college-2026	Holland College	https://hollandcollege.academicworks.ca/opportunities/7129	hollandcollege.academicworks.ca	200	Samit &amp; Reshma Sharma Excellence Award in Industrial Technology &amp; Trades - Holland College Awards, Bursaries, and Scholarships	title match 10/10
International Student Scholarships at Hope College 2026	international-student-scholarships-at-hope-college-2026	Hope College	https://hope.edu/admissions/international-students.html	hope.edu	200	International Students | Admissions	title match 2/4
Harvard-MIT Summer Institute for Biomedical Optics	harvard-mit-summer-institute-for-biomedical-optics	Harvard Medical School	https://hst.mit.edu/applying-hst/applying-summer-institute-biomedical-optics	hst.mit.edu	200	Applying to the Summer Institute for Biomedical Optics | Harvard-MIT Health Sciences and Technology	title match 5/5
Harvard-MIT Summer Institute for Biomedical Optics	harvard-mit-summer-institute-for-biomedical-optics-edoptics	Massachusetts General Hospital	https://hst.mit.edu/applying-hst/applying-summer-institute-biomedical-optics	hst.mit.edu	200	Applying to the Summer Institute for Biomedical Optics | Harvard-MIT Health Sciences and Technology	title match 5/5
Summer REU Opportunity with the Hubbard Brook Ecosystem Study	summer-reu-opportunity-with-the-hubbard-brook-ecosystem-study	Hubbard Brook Ecosystem Study	https://hubbardbrook.org/undergraduate-graduate/	hubbardbrook.org	200	Undergraduate &amp; Graduate Training - Hubbard Brook Ecosystem Study	title match 4/6
Integrative Training in Health-Assistive Smart Environments IGERT	integrative-training-in-health-assistive-smart-environments-igert	Washington State University	http://igert.eecs.wsu.edu/	igert.eecs.wsu.edu	200	Home | Integrative Training in Health-Assistive Smart Environments	title match 6/7
Forté Scholarship for Women at IMD 2026	fort-scholarship-for-women-at-imd-2026	International Institute for Management Development (IMD), Switzerland	https://imd.org/degree/mba/scholarships/forte-scholarships-for-women/	imd.org	200	Forté scholarships for women - Submit your application!	title match 2/2
Interdisciplinary Neuroscience Program	interdisciplinary-neuroscience-program	University of Missouri, Columbia	https://inp.missouri.edu/admission-curriculum/	inp.missouri.edu	200	Admission &#038; Curriculum | Interdisciplinary Neuroscience	title match 2/3
INROADS Internship Program	inroads-internship-program	Inroads, Inc.	https://inroads.org/internships-program/	inroads.org	200	Internships Program | INROADS	title match 3/3
KOICA Scholarship at Korea University 2026	koica-scholarship-at-korea-university-2026	Korea University	https://int.korea.ac.kr/kuis/grad/admission_tuition.do	int.korea.ac.kr	200	Korea University COLLEGE OF INTERNATIONAL STUDIES  &  GRADUATE SCHOOL OF INTERNATIONAL STUDIES | Graduate Program | Scholarships	title match 3/4
Academic Scholarship for Excellence at Korea University 2026	academic-scholarship-for-excellence-at-korea-university-2026	Korea University	https://int.korea.ac.kr/kuis/grad/admission_tuition.do	int.korea.ac.kr	200	Korea University COLLEGE OF INTERNATIONAL STUDIES  &  GRADUATE SCHOOL OF INTERNATIONAL STUDIES | Graduate Program | Scholarships	title match 3/5
Pony Chung KU GSIS Invitation Scholarship at Korea University 2026	pony-chung-ku-gsis-invitation-scholarship-at-korea-university-2026	Pony Chung Foundation	https://int.korea.edu/kuis/grad/admission_tuition.do	int.korea.edu	200	Korea University COLLEGE OF INTERNATIONAL STUDIES  &  GRADUATE SCHOOL OF INTERNATIONAL STUDIES | Graduate Program | Scholarships	title match 3/5
NIIED Scholarship 2026	niied-scholarship-2026	National Institute for International Education (NIIED)	https://int.korea.edu/kuis/grad/admission_tuition.do	int.korea.edu	200	Korea University COLLEGE OF INTERNATIONAL STUDIES  &  GRADUATE SCHOOL OF INTERNATIONAL STUDIES | Graduate Program | Scholarships	title match 1/2
Alumni Scholarships (International) at University of Adelaide 2026	alumni-scholarships-international-at-university-of-adelaide-2026	University of Adelaide	https://international.adelaide.edu.au/admissions/scholarships/alumni-scholarships	international.adelaide.edu.au	200	International students scholarships | Adelaide University	title match 4/5
Family Scholarships (International) at University of Adelaide 2025	family-scholarships-international-at-university-of-adelaide-2025	University of Adelaide	https://international.adelaide.edu.au/admissions/scholarships/family-scholarships#:~:text=The%20University%20of%20Adelaide%20rewards,University%20of%20Adelaide%20in%202024.	international.adelaide.edu.au	200	International students scholarships | Adelaide University	title match 4/5
Go Styria Scholarship Programme (Masters or Doctoral Students) at Uni Graz 2026	go-styria-scholarship-programme-masters-or-doctoral-students-at-uni-graz-2026	University of Graz	https://international.uni-graz.at/en/incoming-exchange/go-styria-scholarship-programme/	international.uni-graz.at	200	Go Styria scholarship programme - International Office	title match 3/6
Entry Scholarships (Honor Scholarship) for International Students at CUHK 2026	entry-scholarships-honor-scholarship-for-international-students-at-cuhk-2026	Chinese University of Hong Kong (CUHK)	https://intladmissions.cuhk.edu.cn/en/page/18	intladmissions.cuhk.edu.cn	200	Scholarships &amp; Work-Study Opportunities | International Students Undergraduate Admissions	title match 4/6
International Academic Award at Washington State University 2026	international-academic-award-at-washington-state-university-2026	Washington State University (WSU), Everett	https://ip.wsu.edu/future-students/scholarships-funding/	ip.wsu.edu	200	Scholarships and Funding | WSU International |  Washington State University	title match 4/6
A and L Manning Scholarship at Indiana University Bloomington 2026	a-and-l-manning-scholarship-at-indiana-university-bloomington-2026	Indiana University Bloomington	https://iufoundation.iu.edu/students-parents/scholarships.html	iufoundation.iu.edu	200	Scholarships: Students: Get Involved: My IU: Indiana University	title match 3/5
Jackie Robinson Foundation Scholarship Award	jackie-robinson-foundation-scholarship-award	Jackie Roinson Foundation	https://jackierobinson.org/scholarship/	jackierobinson.org	200	Scholarship Program - Jackie Robinson Foundation	title match 4/5
Japan Human Resource Development Scholarships (JDS) for Developing Countries in Asia	japan-human-resource-development-scholarships-jds-for-developing-countries-in-asia-s4d	Japanese Government	http://jds-scholarship.org/	jds-scholarship.org	200	JDS - Japanese Grant Aid for Human Resource Development Scholarship | JDS	title match 4/7
Jean Monnet Scholarship Programme (JMSP)	jean-monnet-scholarship-programme-jmsp-daad	DAAD	http://jeanmonnet.org.tr/en/about-scholarship-programme/	jeanmonnet.org.tr	200	About Scholarship Programme &#8211; Jean Monnet	title match 3/3
Postdoctoral Training at Baylor College of Medicine	postdoctoral-training-at-baylor-college-of-medicine	Baylor College of Medicine	https://jobs.bcm.edu/search/?createNewAlert=false&q=postdoc&optionsFacetsDD_title=&optionsFacetsDD_dept=&optionsFacetsDD_department=&optionsFacetsDD_customfield1=	jobs.bcm.edu	200	Postdoc - Baylor College of Medicine Jobs	title match 3/5
Jönköping University scholarships	j-nk-ping-university-scholarships-se	Jönköping University	https://ju.se/en/study-at-ju/admissions/scholarships.html	ju.se	200	Scholarships and Funding - Jönköping University	title match 2/2
Kent International Student Scholarship at Kent Institute 2026	kent-international-student-scholarship-at-kent-institute-2026	Kent Institute Australia	https://kent.edu.au/scholarships/	kent.edu.au	200	Scholarships and Bursaries - Kent Institute Australia	title match 2/4
Chicago-Kent College of Law Honors Scholars Program at Illinois Institute of Technology 2026	chicago-kent-college-of-law-honors-scholars-program-at-illinois-institute-of-technology-2026	Illinois Institute of Technology (IIT Chicago)	https://kentlaw.iit.edu/law/academics/jd-program/honors-scholars-program	kentlaw.iit.edu	200	Honors Scholars Program | Chicago-Kent College of Law	title match 5/8
Keep Engaging Youth in Science (KEYS) Research Internship	keep-engaging-youth-in-science-keys-research-internship	University of Arizona	https://keys.arizona.edu/	keys.arizona.edu	200	Home | Keep Engaging Youth in Science (KEYS)	title match 3/5
Knight Hennessy Scholars Program at  Stanford University 2026	knight-hennessy-scholars-program-at-stanford-university-2026	Stanford University	https://knight-hennessy.stanford.edu/program-overview/funding	knight-hennessy.stanford.edu	200	Funding | Knight-Hennessy Scholars at Stanford University	title match 5/6
Knight-Hennessy Scholars at Stanford University	knight-hennessy-scholars-at-stanford-university-s4d	Stanford University	https://knight-hennessy.stanford.edu/	knight-hennessy.stanford.edu	200	Knight-Hennessy Scholars at Stanford University	title match 5/5
Konsumentrapporten Scholarship	konsumentrapporten-scholarship-se	Konsumentrapporten	https://konsumentrapporten.se/scholarship/	konsumentrapporten.se	200	Scholarship | Konsumentrapporten.se	title match 2/2
Lyn McLeod Bursary at Lakehead University 2026	lyn-mcleod-bursary-at-lakehead-university-2026	Lakehead University, Thunderbay Bay	https://lakeheadu.academicworks.ca/opportunities/10703	lakeheadu.academicworks.ca	200	Lyn McLeod Bursary - Lakehead University	title match 4/4
LUSU International Student Bursary at Lakehead University 2026	lusu-international-student-bursary-at-lakehead-university-2026	Lakehead University, Thunderbay Bay	https://lakeheadu.academicworks.ca/opportunities/10818	lakeheadu.academicworks.ca	200	LUSU International Student Bursary - Lakehead University	title match 5/5
Alex and Vince Mirabelli Community Champion Spirit Award at Lakehead University 2025	alex-and-vince-mirabelli-community-champion-spirit-award-at-lakehead-university-2025	Lakehead University, Thunderbay Bay	https://lakeheadu.academicworks.ca/opportunities/10112	lakeheadu.academicworks.ca	200	Alex and Vince Mirabelli Community Champion Spirit Award - Lakehead University	title match 8/8
Ultra Intense Lasers and High Field Photonics Research Experience for Undergraduates	ultra-intense-lasers-and-high-field-photonics-research-experience-for-undergraduates-esuvtech	University of California, Berkeley	http://lasers.colostate.edu/research-experience-for-undergraduate-students/	lasers.colostate.edu	200	Research Experience for Undergraduate Students - Laboratory for Advanced Lasers and Extreme Photonics (L-ALEPH)	title match 4/8
Ultra Intense Lasers and High Field Photonics Research Experience for Undergraduates	ultra-intense-lasers-and-high-field-photonics-research-experience-for-undergraduates	Colorado State University	http://lasers.colostate.edu/research-experience-for-undergraduate-students/	lasers.colostate.edu	200	Research Experience for Undergraduate Students - Laboratory for Advanced Lasers and Extreme Photonics (L-ALEPH)	title match 4/8
Solar Astrophysics REU	solar-astrophysics-reu-stronomy	University of Colorado, Boulder	http://lasp.colorado.edu/home/education/reu/	lasp.colorado.edu	200	Home - Boulder Solar Alliance REU Program	title match 1/2
Solar Astrophysics REU	solar-astrophysics-reu	National Solar Observatory	http://lasp.colorado.edu/home/education/reu/	lasp.colorado.edu	200	Home - Boulder Solar Alliance REU Program	title match 1/2
Laurentian University International Excellence Scholarships 2026	laurentian-university-international-excellence-scholarships-2026	Laurentian University, Canada	https://laurentian.ca/international/scholarships#gta	laurentian.ca	200	International Undergraduate Scholarship Policy | Laurentian University	title match 3/5
The Minority Fellowship Program (MFP) Psychology Summer Institute (PSI)	the-minority-fellowship-program-mfp-psychology-summer-institute-psi	American Psychological Association (APA)	https://ldi.apa.org/programs/minority-fellowship-program	ldi.apa.org	200	Minority Fellowship Program | APA Leadership Development Institute	title match 4/6
Summer Undergraduate Mentored Research Program in Health Services Research	summer-undergraduate-mentored-research-program-in-health-services-research	University of Pennsylvania	http://ldi.upenn.edu/sumr	ldi.upenn.edu	200	Summer Undergraduate Mentored Research Program - Penn LDI	title match 6/8
Katherine C. Thompson Endowed Scholarship at Lewis University 2026	katherine-c-thompson-endowed-scholarship-at-lewis-university-2026	Lewis University	https://lewisu.academicworks.com/opportunities/10579	lewisu.academicworks.com	200	Katherine C. Thompson Endowed Scholarship - Lewis University Scholarships	title match 6/6
James R. Sefcik Annual Aviation Scholarship at Lewis University 2026	james-r-sefcik-annual-aviation-scholarship-at-lewis-university-2026	Lewis University	https://lewisu.academicworks.com/opportunities/10424	lewisu.academicworks.com	200	James R. Sefcik Annual Aviation Scholarship - Lewis University Scholarships	title match 7/7
Dr. Gloria Hill Book Award Endowed at Lewis University 2026	dr-gloria-hill-book-award-endowed-at-lewis-university-2026	Lewis University	https://lewisu.academicworks.com/opportunities/10332	lewisu.academicworks.com	200	Dr. Gloria Hill Book Award Endowed - Lewis University Scholarships	title match 5/5
The Lincoln College Kingsgate Masters Award at Lincoln College, University of Oxford 2025	the-lincoln-college-kingsgate-masters-award-at-lincoln-college-university-of-oxford-2025	Lincoln College (University of Oxford)	https://lincoln.ox.ac.uk/study-here/graduate-study/finance-and-funding	lincoln.ox.ac.uk	200	Finance and Funding | Lincoln College Oxford	title match 5/9
Linköping University scholarships	link-ping-university-scholarships-se	Linköping University	https://liu.se/en/article/scholarships	liu.se	200	Scholarships - Link&#246;ping University	title match 2/2
Fleur-de-Lis International Scholarship at University of Louisiana at Lafayette 2026	fleur-de-lis-international-scholarship-at-university-of-louisiana-at-lafayette-2026	University of Louisiana at Lafayette	https://louisiana.edu/scholarship/prospective-students/international-student-scholarships	louisiana.edu	200	International Student Scholarships | University of Louisiana at Lafayette	title match 5/6
Indonesian Endowment Fund for Education (LPDP) programme	indonesian-endowment-fund-for-education-lpdp-programme-se	Indonesian Endowment Fund for Education (LPDP) programme	https://lpdp.kemenkeu.go.id/en/	lpdp.kemenkeu.go.id	200	LPDP - Indonesia Endowment Fund for Education Agency	title match 2/4
Martingale Foundation Scholarships 2027	martingale-foundation-scholarships-2027	Martingale Foundation	https://martingale.foundation/scholarships/	martingale.foundation	200	Scholarships - Martingale Foundation	title match 3/3
MasterCard Foundation Scholarship Program for Africans	mastercard-foundation-scholarship-program-for-africans-s4d	MasterCard Foundation	http://mastercardfdnscholars.org/	mastercardfdnscholars.org	200	Mastercard Foundation Scholars Program	title match 3/5
Excellence Scholarship - emlyon business school	excellence-scholarship-emlyon-business-school-cf	emlyon business school programs	https://masters.em-lyon.com/en?utm_source=campus_france&utm_medium=referral&utm_campaign=annuaires_bourses&utm_content=lien_site_masters	masters.em-lyon.com	200	Master &amp; MSc Programs l emlyon business school	title match 3/5
Individual Scholarship emlyon business school - Specialized programs (MSc/Master)	individual-scholarship-emlyon-business-school-specialized-programs-msc-master-cf	emlyon business school programs	https://masters.em-lyon.com/en?utm_source=campus_france&utm_medium=referral&utm_campaign=annuaires_bourses&utm_content=lien_site_masters	masters.em-lyon.com	200	Master &amp; MSc Programs l emlyon business school	title match 5/8
REU in Mathematics	reu-in-mathematics	Indiana University, Bloomington	https://math.indiana.edu/undergraduate/reu-summer-research-program/index.html	math.indiana.edu	200	Research Experience for Undergraduates (REU):&#160;Undergraduate:&#160;Department of Mathematics:&#160;Indiana University Bloomington	title match 1/1
Malmö University scholarships	malm-university-scholarships-se	Malmö University	https://mau.se/en/education/scholarships/	mau.se	200	Scholarships | Malm&#246; University	title match 2/2
REU Site: Sensor Science and Engineering	reu-site-sensor-science-and-engineering	University of Maine	https://mcec.umaine.edu/2024/12/06/nsfreusensor/	mcec.umaine.edu	200	Sensor Science Research Experiences for Undergraduates (REU) - Maine College of Engineering and Computing - The University of Maine	title match 3/3
UCSB McNair Scholars Program	ucsb-mcnair-scholars-program	University of California, Santa Barbara	https://mcnair.ucsb.edu/apply-mcnair	mcnair.ucsb.edu	200	Apply to McNair | McNair Scholars Program	title match 3/3
PROMISE Program in Oncology and Medicine	promise-program-in-oncology-and-medicine	Penn State College of Medicine	https://med.psu.edu/education/certificate-and-undergraduate/promise	med.psu.edu	200	PROMISE (Training in Oncology and Medicine to Inspire Student Engagement)	title match 3/4
Research Training in Myocardial Biology at Stanford (TIMBS)	research-training-in-myocardial-biology-at-stanford-timbs	Stanford University	https://med.stanford.edu/cvi/education/postdoc-training-fellowships/timbs-t32.html	med.stanford.edu	200	TIMBS T32: Research Training in Myocardial Biology at Stanford | Stanford Cardiovascular Institute | Stanford Medicine	title match 6/6
Summer Undergraduate Research Fellowship in Neuroscience (SURF-N)	summer-undergraduate-research-fellowship-in-neuroscience-surf-n	University of Cincinnati	https://med.uc.edu/education/neurosciencesgrad/program-activities/surf-fellowship	med.uc.edu	200	Summer Undergraduate Research Fellowship | Neuroscience Graduate Program | UC College of Medicine	title match 5/5
Postdoctoral Training in Medical Science	postdoctoral-training-in-medical-science	Indiana University, School of Medicine	https://medicine.iu.edu/postdoctoral	medicine.iu.edu	200	Postdoctoral Training | IU School of Medicine	title match 2/4
INSPIRE summer REU in Alzheimer's disease and related dementia (ADRD) research	inspire-summer-reu-in-alzheimer-s-disease-and-related-dementia-adrd-research	Indiana University, School of Medicine	https://medicine.iu.edu/research-centers/neurosciences/education/inspire	medicine.iu.edu	200	INSPIRE | Alzheimer&#39;s Disease Summer Undergraduate Research Program	title match 5/7
Summer Undergraduate MSTP Research (SUMR) Program	summer-undergraduate-mstp-research-sumr-program	University of Iowa	https://medicine.uiowa.edu/mstp/sumr/information	medicine.uiowa.edu	200	Summer Undergraduate MSTP Research (SUMR) Program | Medical Scientist Training Program - Carver College of Medicine | The University of Iowa	title match 4/4
Genomics Summer Research for Magnificents Internship	genomics-summer-research-for-magnificents-internship	University of Utah	https://medicine.utah.edu/pediatrics//research/education/gsrm.php	medicine.utah.edu	200	Genomics Summer Research for Magnificents (GSRM) Internship | Pediatrics | U of U School of Medicine	title match 5/5
Native American Research Internship	native-american-research-internship	University of Utah	https://medicine.utah.edu/pediatrics/research/education/nari	medicine.utah.edu	200	Native American Summer Research Internship (NARI) | Pediatrics | U of U School of Medicine	title match 4/4
John Gilbert Vause Memorial International Scholarship at University of Leeds 2026	john-gilbert-vause-memorial-international-scholarship-at-university-of-leeds-2026	University of Leeds	https://medicinehealth.leeds.ac.uk/dir-record/scholarships/912/john-gilbert-vause-memorial-scholarship-bsc-clinical-sciences	medicinehealth.leeds.ac.uk	200	John Gilbert Vause Memorial Scholarship | Scholarships | School of Medicine | University of Leeds	title match 6/7
REU - Back to the Future Program	reu-back-to-the-future-program	South Dakota School of Mines and Technology	http://met.sdsmt.edu/backtothefuture/	met.sdsmt.edu	200	Metallurgical Summer Research Program at South Dakota Mines	title match 1/2
Edward M. and Gladys E. Mamulski Scholarship Fund at Northeastern University 2026	edward-m-and-gladys-e-mamulski-scholarship-fund-at-northeastern-university-2026	Northeastern University, Boston	https://military.northeastern.edu/funding/scholarships/	military.northeastern.edu	200	Scholarships | Northeastern University Military &amp; Veterans	title match 3/6
Miller Research Postdoctoral Fellowship	miller-research-postdoctoral-fellowship	University of California, Berkeley	https://miller.berkeley.edu/nominate-apply/miller-research-fellowship	miller.berkeley.edu	200	Miller Research Fellowship | Miller Institute for Basic Research in Science	title match 3/4
CURE Summer Research Program in the biomedical sciences	cure-summer-research-program-in-the-biomedical-sciences	Northwestern University	https://molbiosci.northwestern.edu/programs/biological-sciences-major/summer-outreach.html	molbiosci.northwestern.edu	200	Summer Research and Outreach Programs:&#32;
  Department of Molecular Biosciences - Northwestern University	title match 4/5
Research Technician Fellowship	research-technician-fellowship	Morton Arboretum	https://mortonarb.org/science/opportunities-in-science/research-technician-fellowship/	mortonarb.org	200	Research Technician Fellowship | The Morton Arboretum	title match 3/3
Illinois MRSEC Research Experience for Undergraduates Program	illinois-mrsec-research-experience-for-undergraduates-program	University of Illinois, Urbana-Champaign	https://mrsec.illinois.edu/reu-program	mrsec.illinois.edu	200	REU Program | Illinois Materials Research Science and Engineering Center | Illinois	title match 3/6
Materials Research Science and Engineering Center: Summer Research Experience for Undergraduates	materials-research-science-and-engineering-center-summer-research-experience-for-undergraduates	Northwestern University	https://mrsec.northwestern.edu/education/undergraduate-opportunities.html	mrsec.northwestern.edu	200	Undergraduate Opportunities:&#32;
  Materials Research Science and Engineering Center - Northwestern University	title match 6/9
Advanced Materials Research Experience for Undergraduates (REU)	advanced-materials-research-experience-for-undergraduates-reu	University of California, San Diego	https://mrsec.ucsd.edu/reu/	mrsec.ucsd.edu	200	Research Experiences for Undergraduates (REU) &#8211; UC San Diego Materials Research Science and Engineering Center	title match 4/5
MRSEC Research Experience for Undergraduates (REU) Program	mrsec-research-experience-for-undergraduates-reu-program	University of Texas, Austin	https://mrsec.utexas.edu/education-outreach/research-experience-undergraduates	mrsec.utexas.edu	200	Research Experience for Undergraduates | Center for Dynamics and Control of Materials: an NSF MRSEC	title match 4/5
SCOTT & PATRICIA ESTON ENDOWED Scholarship at MSU 2026	scott-patricia-eston-endowed-scholarship-at-msu-2026	Eli Broad College of Business (Michigan State University- MSU)	https://msu.academicworks.com/opportunities/54863	msu.academicworks.com	200	SCOTT &amp; PATRICIA ESTON ENDOWED - MSU Scholarships	title match 5/5
RUSSELL/VERA MCCURRY MEMORIAL Scholarship at MSU 2026	russell-vera-mccurry-memorial-scholarship-at-msu-2026	Eli Broad College of Business (Michigan State University- MSU)	https://msu.academicworks.com/opportunities/54811	msu.academicworks.com	200	RUSSELL/VERA MCCURRY MEMORIAL - MSU Scholarships	title match 4/4
Mount Royal University Entrance Bursary at Mount Royal University 2026	mount-royal-university-entrance-bursary-at-mount-royal-university-2026	Mount Royal University (MRU), Canada	https://mtroyal.academicworks.ca/opportunities/18705	mtroyal.academicworks.ca	200	Mount Royal University Entrance Bursary - Mount Royal University	title match 8/8
Dr. Paul and Mrs. Apar Sarpal Scholarship in Science at Mount Royal University 2026	dr-paul-and-mrs-apar-sarpal-scholarship-in-science-at-mount-royal-university-2026	Mount Royal University (MRU), Canada	https://mtroyal.academicworks.ca/opportunities/11806	mtroyal.academicworks.ca	200	Dr. Paul and Mrs. Apar Sarpal Scholarship in Science - Mount Royal University	title match 6/6
International MVC Scholarship 2025	international-mvc-scholarship-2025	Meridian Vocational College	https://mvc.edu.au/scholarship/	mvc.edu.au	200	Scholarship &#8211;  Meridian Vocational College	title match 1/2
Mexico-Suecia Linnaeus Palme	mexico-suecia-linnaeus-palme-se	Mexico-Suecia Linnaeus Palme	https://mxselinnaeus.com/programmes/sweden-for-mexican-students/	mxselinnaeus.com	200	Practical information | México-Suecia Linnaeus-Palme	title match 3/4
Gant/ABOG Fellowship	gant-abog-fellowship	National Academies, The	https://nam.edu/programs/health-policy-educational-programs-and-fellowships/nam-fellowship-program/norman-f-gantamerican-board-of-obstetrics-and-gynecology-fellowship/	nam.edu	200	Norman F. Gant/American Board of Obstetrics and Gynecology Fellowship - NAM	title match 1/1
Greenwall Fellowship in Bioethics	greenwall-fellowship-in-bioethics	National Academies, The	https://nam.edu/programs/health-policy-educational-programs-and-fellowships/nam-fellowship-program/greenwall-fellowship-in-bioethics/	nam.edu	200	Greenwall Fellowship in Bioethics - National Academy of Medicine	title match 3/3
Native American Science and Engineering Program (NASEP)	native-american-science-and-engineering-program-nasep	University of Arizona	https://nasep.arizona.edu/about-nasep	nasep.arizona.edu	200	About NASEP | Native American Science &amp; Engineering Program	title match 6/6
Residential Fellowships At The National Humanities Center 2026	residential-fellowships-at-the-national-humanities-center-2026	National Humanities Center	http://nationalhumanitiescenter.org/become-a-fellow/	nationalhumanitiescenter.org	200	Research Fellowships &amp; Programs &bull; National Humanities Center	title match 4/5
Plateau Native American Scholarship at Washington State University 2026	plateau-native-american-scholarship-at-washington-state-university-2026	Washington State University (WSU), Pullman	https://native.wsu.edu/plateau-native-american-scholarship/	native.wsu.edu	200	Plateau Native American Scholarship | Office of Native American Programs |  Washington State University	title match 7/7
At-Sea Science & Engineering Internship Program	at-sea-science-engineering-internship-program	Ocean Exploration Trust	https://nautiluslive.org/join/internship-program	nautiluslive.org	200	Science &amp; Engineering Internship Program | Nautilus Live	title match 4/4
Science Communication Fellowship	science-communication-fellowship	Ocean Exploration Trust	https://nautiluslive.org/join/science-communication-fellowship	nautiluslive.org	200	Science Communication Fellowship | Nautilus Live	title match 3/3
The Ignacy Lukasiewicz Scholarship Program 2026	the-ignacy-lukasiewicz-scholarship-program-2026	Ministry of Science and Higher Education of the Republic of Poland	https://nawa.gov.pl/en/students/foreign-students/the-ignacy-lukasiewicz-scholarship-programme	nawa.gov.pl	200	The Lukasiewicz Scholarship Programme - NAWA	title match 3/4
The Harvard Program in Neuroscience Post-Baccalaureate program	the-harvard-program-in-neuroscience-post-baccalaureate-program	Harvard Medical School	https://neuro.hms.harvard.edu/community/pinbac-harvard-program-neuroscience-post-baccalaureate-program	neuro.hms.harvard.edu	200	PiNBAC: Harvard Program in Neuroscience Post-Baccalaureate program | Neurobiology	title match 5/5
Neuroscience Summer Student Program	neuroscience-summer-student-program-osurgery	University of Washington	https://neurosurgery.uw.edu/education/summer-student-programs	neurosurgery.uw.edu	200	Neuroscience Summer Student Program | UW Department of Neurological Surgery	title match 4/4
Neuroscience Summer Student Program	neuroscience-summer-student-program	Seattle Children&#39;s Research Institute	https://neurosurgery.uw.edu/education/summer-student-programs	neurosurgery.uw.edu	200	Neuroscience Summer Student Program | UW Department of Neurological Surgery	title match 4/4
NextGenPop - Undergraduate Program in Population Research	nextgenpop-undergraduate-program-in-population-research-xtgenpop	Duke University	https://nextgenpop.org/	nextgenpop.org	200	NextGenPop &#8211; Next Generation of Scholars in Population Research	title match 3/5
NextGenPop - Undergraduate Program in Population Research	nextgenpop-undergraduate-program-in-population-research	Cornell University	https://nextgenpop.org/	nextgenpop.org	200	NextGenPop &#8211; Next Generation of Scholars in Population Research	title match 3/5
New Mexico Lab-Embedded Entrepreneur Program (NMLEEP)	new-mexico-lab-embedded-entrepreneur-program-nmleep	Oak Ridge Institute for Science and Education	https://nmleep.com/	nmleep.com	200	NMLeep - New Mexico LEEP's two-year fellowship program pairs deep tech entrepreneurs with the unique talent and technology of Los Alamos National Laboratory. Fellows are matched with seed capital, a l	title match 4/5
NASA Postdoctoral Program	nasa-postdoctoral-program	NASA	https://npp.orau.org/	npp.orau.org	200	NASA Postdoctoral Fellowships | NASA Postdoctoral Program	title match 2/2
Rivers, Watersheds and Communities NSF Research Traineeship program	rivers-watersheds-and-communities-nsf-research-traineeship-program	Washington State University	https://nrt-rwc.wsu.edu/	nrt-rwc.wsu.edu	200	Rivers, Watersheds and Communities |  Washington State University	title match 3/6
NSF Research Traineeship: Internet of Catalysis	nsf-research-traineeship-internet-of-catalysis	University of Kansas	http://nrt.ku.edu/	nrt.ku.edu	200	Home | Internet of Catalysis	title match 2/4
NSF-NRT: Graduate Fellowships in Convergence of Social and Biophysical Sciences to Optimize Training in One Health and the Environment	nsf-nrt-graduate-fellowships-in-convergence-of-social-and-biophysical-sciences-to-optimize-training-in-one-health-and-the-environment	University of Maine	https://nsfa.umaine.edu/one-health/one-health-nrt/	nsfa.umaine.edu	200	Initiative for One Health and the Environment: National Science Foundation Research Traineeship (NRT) - Convergence of Social and Biophysical Sciences to Optimize Training in One Health - College of E	title match 8/10
Ronald E. McNair Post-Baccalaureate Achievement Program	ronald-e-mcnair-post-baccalaureate-achievement-program	Cornell University	https://oadi.cornell.edu/signature-programs/ronald-e-mcnair-post-baccalaureate-achievement-program	oadi.cornell.edu	200	Ronald E. McNair Post-Baccalaureate Achievement Program | Office of Academic Discovery and Impact	title match 5/5
Marietta Blau Scholarship	marietta-blau-scholarship-cf	OeAD	https://oead.at/de/ins-ausland/hochschulen/auslandsstipendien/marietta-blau-stipendium	oead.at	200	Marietta Blau-Stipendium	title match 1/2
Minority Introduction to Engineering and Science (MITES)	minority-introduction-to-engineering-and-science-mites	Massachusetts Institute of Technology (MIT)	http://oeop.mit.edu/programs/mites/program-details	oeop.mit.edu	200	Mites &#8211; MIT Introduction to Technology, Engineering and Science	title match 4/5
Regents Scholarship at University of California 2026	regents-scholarship-at-university-of-california-2026	University of California, Irvine	https://ofas.uci.edu/scholarships/uci-scholarship-central/uci-scholarships/regents-scholar.php	ofas.uci.edu	200	Regents' Scholarship | Office of Financial Aid and Scholarships | UCI	title match 2/4
MIT Summer Research Program (MSRP)	mit-summer-research-program-msrp	Massachusetts Institute of Technology (MIT)	https://oge.mit.edu/msrp/msrp-overview/	oge.mit.edu	200	Overview | MIT Summer Research Program	title match 3/3
Chinese-Proficient Scholarship (Hua Yu Scholarship) at Taipei Tech 2026	chinese-proficient-scholarship-hua-yu-scholarship-at-taipei-tech-2026	National Taipei University of Technology	https://oia.ntut.edu.tw/p/412-1032-13793.php?Lang=en	oia.ntut.edu.tw	200	Scholarships  - National Taipei University of Technology	title match 3/5
Texas State Achievement Scholarship at Texas State University 2025	texas-state-achievement-scholarship-at-texas-state-university-2025	Texas State University (TXST), San Marcos	https://onestop.txst.edu/financial-aid/scholarships/freshman.html	onestop.txst.edu	200	Freshman Scholarships
      : TXST One Stop
      : Texas State University	title match 6/7
Texas State Merit Scholarship at Texas State University 2026	texas-state-merit-scholarship-at-texas-state-university-2026	Texas State University (TXST), San Marcos	https://onestop.txst.edu/financial-aid/scholarships/freshman.html	onestop.txst.edu	200	Freshman Scholarships
      : TXST One Stop
      : Texas State University	title match 6/7
Football Scholarships at Heriot-Watt University 2026	football-scholarships-at-heriot-watt-university-2026	Heriot-Watt University, Edinburgh	https://oriamscotland.com/oriam/performance-sports/sports-scholarships/football-scholarships/#tve-jump-1920fd42c42	oriamscotland.com	200	Football Scholarships - Edinburgh - Scotland - Oriam	title match 2/4
Squash Scholarships at Heriot-Watt University 2026	squash-scholarships-at-heriot-watt-university-2026	Heriot-Watt University, Edinburgh	https://oriamscotland.com/oriam/performance-sports/sports-scholarships/squash-scholarships/	oriamscotland.com	200	Squash Scholarships - Edinburgh - Scotland - Oriam	title match 2/4
Environmental Management (EM) Success Through Academic Research Scholarship (STARS)	environmental-management-em-success-through-academic-research-scholarship-stars	Oak Ridge Institute for Science and Education	https://orise.orau.gov/em-stars/	orise.orau.gov	200	DOE Office of Environmental Management Success Through Academic Research Scholarship	title match 7/8
Summer Program for Undergraduate Research (SPUR)	summer-program-for-undergraduate-research-spur-oscience	University of Utah	https://our.utah.edu/research-scholarship-opportunities/spur/	our.utah.edu	200	Summer Program for Undergraduate Research (SPUR) &#8211; Office of Undergraduate Research	title match 4/4
Karsh International Scholarships Program at Duke University 2026	karsh-international-scholarships-program-at-duke-university-2026	Duke University	https://ousf.duke.edu/merit-scholarships/karsh-international-scholars-program/	ousf.duke.edu	200	Karsh International Scholars Program | Office of University Scholars and Fellows	title match 4/5
Alumni Federation Scholarship at Pace University 2025	alumni-federation-scholarship-at-pace-university-2025	Pace University	https://pace.academicworks.com/opportunities/8416	pace.academicworks.com	200	Alumni Federation Scholarship - Pace University	title match 4/4
REU Site: Translating Research in the Psychological Sciences to the Real World	reu-site-translating-research-in-the-psychological-sciences-to-the-real-world	Rice University	https://pd28.blogs.rice.edu/	pd28.blogs.rice.edu	200	Rice NSF REU &#8211; NSF REU Site: Translating Research in the Psychological Sciences to the Real World	title match 5/5
Pearl Academy Early Admission Merit Scholarship 2026	pearl-academy-early-admission-merit-scholarship-2026	Pearl Academy, New Delhi	https://pearlacademy.com/who-s-next-scholarship/	pearlacademy.com	200	Take the advantage of Scholarship | Pearl Academy	title match 3/6
Perrigo Undergraduate Summer Fellowship Program	perrigo-undergraduate-summer-fellowship-program	University of Michigan	https://perrigo.lsi.umich.edu/	perrigo.lsi.umich.edu	200	Perrigo Undergraduate Summer Fellowship	title match 4/5
Keyloop Bursary at  University of Munster 2026	keyloop-bursary-at-university-of-munster-2026	Munster Technological University	https://pet.mtu.ie/keyloop-bursary	pet.mtu.ie	200	pet.mtu.ie - Keyloop Bursary	title match 2/4
UNC-GSK Postdoctoral Fellowship in Global Regulatory Affairs	unc-gsk-postdoctoral-fellowship-in-global-regulatory-affairs-alregaff	University of North Carolina, Chapel Hill	https://pharmacy.unc.edu/fellowship/gsk-global-regulatory-affairs/	pharmacy.unc.edu	200	GSK Global Regulatory Affairs (DPET) - Eshelman School of Pharmacy	title match 3/5
UNC-GSK Postdoctoral Fellowship in Global Regulatory Affairs	unc-gsk-postdoctoral-fellowship-in-global-regulatory-affairs	GlaxoSmithKline	https://pharmacy.unc.edu/fellowship/gsk-global-regulatory-affairs/	pharmacy.unc.edu	200	GSK Global Regulatory Affairs (DPET) - Eshelman School of Pharmacy	title match 3/5
Research Opportunities for Undergrads in Pharmaceutical Chemistry	research-opportunities-for-undergrads-in-pharmaceutical-chemistry	University of Kansas	https://pharmchem.ku.edu/undergraduate-research-programs	pharmchem.ku.edu	200	Undergraduate Research Program | Pharmaceutical Chemistry	title match 3/5
Summer Research Experiences for Undergraduates in Materials Physics	summer-research-experiences-for-undergraduates-in-materials-physics	Georgetown University	https://physics.georgetown.edu/reu	physics.georgetown.edu	200	Research Experiences for Undergraduates |
      
      Department of Physics | Georgetown University	title match 4/6
Illinois Physics Research Experience for Undergraduates	illinois-physics-research-experience-for-undergraduates	University of Illinois, Urbana-Champaign	https://physics.illinois.edu/research/reu	physics.illinois.edu	200	Research Experience for Undergraduates | Physics | Illinois	title match 5/5
Sophia University Tuition Support Scholarship	sophia-university-tuition-support-scholarship-jp	Sophia University	https://piloti.sophia.ac.jp/eng/scholarships1/international-students/	piloti.sophia.ac.jp	200	Scholarships for International Students (Student Visa Holders)｜Sophia University Web Piloti	title match 3/5
Stanford STaRS Internship	stanford-stars-internship	Stanford University	https://plasticsurgery.stanford.edu/research/stars.html	plasticsurgery.stanford.edu	200	STaRS Internship Program | Division of Plastic &amp; Reconstructive Surgery | Stanford Medicine	title match 3/3
REU - UConn Physiology and Neurobiology	reu-uconn-physiology-and-neurobiology	University of Connecticut	https://pnbreu.uconn.edu/	pnbreu.uconn.edu	200	UConn Research Experience for Undergraduates (REU) Summer Program | Research Experience for Undergraduates (REU) Program | Department of Physiology and Neurobiology | University of Connecticut	title match 3/3
Stanford PRISM, A Postdoctoral Recruitment Initiative!	stanford-prism-a-postdoctoral-recruitment-initiative	Stanford University	https://postdocs.stanford.edu/current/fellowship/prism	postdocs.stanford.edu	200	Stanford Postdoctoral Recruitment Initiative in Sciences and Medicine (PRISM) | Office of Postdoctoral Affairs	title match 5/5
Clinical Management of Pain Scholarship at University of Edinburgh 2026	clinical-management-of-pain-scholarship-at-university-of-edinburgh-2026	University of Edinburgh	https://postgraduate.degrees.ed.ac.uk/?r=site/view&id=820#:~:text=The%20University%20of%20Edinburgh%20is%20offering%20twenty%20Masters%20scholarships%20for,is%20Monday%203%20June%202024.	postgraduate.degrees.ed.ac.uk	200	Clinical Management of Pain (Online Learning) MSc, PgCert, PgDip, PgProfDev - Postgraduate taught programmes | The University of Edinburgh	title match 4/5
Post-Baccalaureate Research Education Program (PREP)	post-baccalaureate-research-education-program-prep	University of Kansas	https://prep.ku.edu/	prep.ku.edu	200	Home | KU PREP: Postbaccalaureate Research Training	title match 2/4
President's Postdoctoral Fellowship Program	president-s-postdoctoral-fellowship-program	University of Michigan	https://presidentspostdoc.umich.edu/	presidentspostdoc.umich.edu	200	U-M President's Postdoctoral Fellowship Program	title match 4/4
Program in Mathematics for Young Scientists (PROMYS) - Summer Math Counselor Opportunity	program-in-mathematics-for-young-scientists-promys-summer-math-counselor-opportunity	Boston University	https://promys.org/programs/promys/for-counselors/	promys.org	200	For Counselors &#8211; PROMYS | Program in Mathematics for Young Scientists	title match 6/8
Program in Mathematics for Young Scientists (PROMYS)	program-in-mathematics-for-young-scientists-promys	Boston University	https://promys.org/programs/promys/for-students/application/	promys.org	200	Application &#8211; PROMYS | Program in Mathematics for Young Scientists	title match 5/5
Sustained Training in Aging & HIV Research (STAHR)	sustained-training-in-aging-hiv-research-stahr	University of California, San Diego	https://psychiatry.ucsd.edu/research/programs-centers/stahr/index.html	psychiatry.ucsd.edu	200	Sustained Training in Aging &amp; HIV Research	title match 4/5
MICRO-CCS: Microbial Interactions Create Research Opportunities for Community College Students	micro-ccs-microbial-interactions-create-research-opportunities-for-community-college-students	Parkland College	https://publish.illinois.edu/micro-ccs/	publish.illinois.edu	200	MICRO-CCS: Microbial Interactions Create Research Opportunities for Community College Students | A publish.illinois.edu site | Illinois	title match 9/9
MICRO-CCS: Microbial Interactions Create Research Opportunities for Community College Students	micro-ccs-microbial-interactions-create-research-opportunities-for-community-college-students-ignprecs	University of Illinois, Urbana-Champaign	https://publish.illinois.edu/micro-ccs/	publish.illinois.edu	200	MICRO-CCS: Microbial Interactions Create Research Opportunities for Community College Students | A publish.illinois.edu site | Illinois	title match 9/9
Alumni Discount at Ulster University 2026	alumni-discount-at-ulster-university-2026	Ulster University, London	https://qa.ulster.ac.uk/apply/scholarships-and-discounts/	qa.ulster.ac.uk	200	Scholarships and Discounts| Ulster University Branch Campuses	title match 3/4
Academic Scholarship at Ulster University 2026	academic-scholarship-at-ulster-university-2026	Ulster University, London	https://qa.ulster.ac.uk/apply/scholarships-and-discounts/	qa.ulster.ac.uk	200	Scholarships and Discounts| Ulster University Branch Campuses	title match 3/4
J W Whyte Scholarship at Queens College 2026	j-w-whyte-scholarship-at-queens-college-2026	University of Melbourne	https://queens.unimelb.edu.au/undergraduates/undergraduate-scholarships/continuation-scholarships/	queens.unimelb.edu.au	200	Continuation Scholarships &#8211; Queen&#039;s College	title match 2/4
Research Experience and Mentoring Summer Program in Regenerative Engineering - Northwestern University	research-experience-and-mentoring-summer-program-in-regenerative-engineering-northwestern-university	Northwestern University	https://regenerative-engineering.northwestern.edu/programs/research-experience-and-mentoring-rem-summer-research-program/index.html	regenerative-engineering.northwestern.edu	200	Summer Research Experience and Mentoring Program:&#32;
        Center for Advanced Regenerative Engineering - Northwestern University	title match 9/9
Marjorie Anderson Financial Award for Indigenous Students at McMaster University 2026	marjorie-anderson-financial-award-for-indigenous-students-at-mcmaster-university-2026	McMaster University	https://registrar.mcmaster.ca/aid-awards-for-indigenous-students/#tab-10	registrar.mcmaster.ca	200	Financial support for Indigenous students | Office of the Registrar | McMaster University	title match 5/8
Graduate scholarship scheme at University of Edinburgh 2026	graduate-scholarship-scheme-at-university-of-edinburgh-2026	University of Edinburgh	https://registryservices.ed.ac.uk/student-funding/postgraduate/alumni-scholarships/graduate	registryservices.ed.ac.uk	200	Graduate Scholarship Scheme | Scholarships and Student Funding | Registry Services	title match 3/5
India Merit Scholarship at University of Edinburgh 2026	india-merit-scholarship-at-university-of-edinburgh-2026	University of Edinburgh	https://registryservices.ed.ac.uk/student-funding/postgraduate/international/region/asia/india-merit-scholarship	registryservices.ed.ac.uk	200	India Merit Scholarship | Scholarships and Student Funding | Registry Services	title match 3/5
Katz and Manne Research Institute Summer Scholars Program	katz-and-manne-research-institute-summer-scholars-program	Ann &amp; Robert H. Lurie Children&#39;s Hospital of Chicago	https://research.luriechildrens.org/en/research-resources/office-of-research-development/research-advancement/katz-and-manne-research-institute-summer-scholars-program/	research.luriechildrens.org	200	Robert Louis Katz &amp; Manne Research Institute Summer Scholars Program | Stanley Manne Children&#x27;s Research Institute at Lurie Children&#x27;s	title match 6/6
ONEPlanet Studentships at Newcastle University 2024-25	oneplanet-studentships-at-newcastle-university-2024-25	Newcastle University, UK	https://research.ncl.ac.uk/one-planet/	research.ncl.ac.uk	200	ONE Planet Doctoral Training Partnership | ONE Planet Doctoral Training Partnership | Newcastle University	title match 2/4
Provost's Postdoctoral Fellowship	provost-s-postdoctoral-fellowship	University of Pennsylvania	https://research.upenn.edu/postdocs-and-students/penn-provosts-postdoctoral-fellowships/	research.upenn.edu	200	Provost’s Fellowship - Office of Postdoctoral Affairs	title match 3/3
Provost’s Postdoctoral Fellowship at University of Pennsylvania 2025-26	provost-s-postdoctoral-fellowship-at-university-of-pennsylvania-2025-26	University of Pennsylvania	https://research.upenn.edu/postdocs-and-students/postdoctoral-fellowships/	research.upenn.edu	200	Provost’s Fellowship - Office of Postdoctoral Affairs	title match 3/5
Appleton-Whittell Research Ranch of the National Audubon Society Research Fellowship	appleton-whittell-research-ranch-of-the-national-audubon-society-research-fellowship	Appleton-Whittell Research Ranch	https://researchranch.audubon.org/research/2024-awrr-research-fellowship-program	researchranch.audubon.org	200	Appleton-Whittell Research Ranch | Audubon	title match 6/9
Appleton-Whittell Research Ranch of the National Audubon Society Research Fellowship	appleton-whittell-research-ranch-of-the-national-audubon-society-research-fellowship-nchbirds	National Audubon Society	https://researchranch.audubon.org/research/2024-awrr-research-fellowship-program	researchranch.audubon.org	200	Appleton-Whittell Research Ranch | Audubon	title match 6/9
Neuroscience Research Experience for Undergraduates at Georgia Tech and Georgia State	neuroscience-research-experience-for-undergraduates-at-georgia-tech-and-georgia-state-manneuro	Georgia Institute of Technology	https://reu.neuroscience.gatech.edu/	reu.neuroscience.gatech.edu	200	Home | Neuroscience Research Experience for Undergraduates (REU)	title match 4/7
Neuroscience Research Experience for Undergraduates at Georgia Tech and Georgia State	neuroscience-research-experience-for-undergraduates-at-georgia-tech-and-georgia-state	Emory University	https://reu.neuroscience.gatech.edu/	reu.neuroscience.gatech.edu	200	Home | Neuroscience Research Experience for Undergraduates (REU)	title match 4/7
Robotics & Intelligent System Scholars (RISS) Robotics Institute	robotics-intelligent-system-scholars-riss-robotics-institute	Carnegie Mellon University	https://riss.ri.cmu.edu/	riss.ri.cmu.edu	200	Home - Robotics Institute Summer Scholars (RISS)	title match 4/6
Raman Kant Munjal Scholarship 2026	raman-kant-munjal-scholarship-2026	Raman Kant Munjal Foundation	https://rkmfoundation.org/Scholarships.aspx	rkmfoundation.org	200	Home - Raman Kant Munjal Foundation	title match 2/3
Crosland Scholarship at Samford University 2025	crosland-scholarship-at-samford-university-2025	Samford University	https://samford.edu/admission/scholarships	samford.edu	200	Scholarship Opportunities | Samford University	title match 3/4
Bridge to Research in Marine Sciences	bridge-to-research-in-marine-sciences-sciences	Savannah State University	https://savannahstate.edu/events/bridge-to-research-in-marine-sciences/	savannahstate.edu	200	Bridge to Research in Marine Sciences - May 18, 2026 - July 10, 2026	title match 4/4
Bridge to Research in Marine Sciences	bridge-to-research-in-marine-sciences	Gray&#39;s Reef National Marine Sanctuary	https://savannahstate.edu/events/bridge-to-research-in-marine-sciences/	savannahstate.edu	200	Bridge to Research in Marine Sciences - May 18, 2026 - July 10, 2026	title match 4/4
SBW Berlin Scholarship	sbw-berlin-scholarship-daad	DAAD	https://sbw.berlin/	sbw.berlin	200	SBW Berlin - SBW Berlin	title match 1/2
Academic Scholars - Recognition Award at University of South Carolina 2026	academic-scholars-recognition-award-at-university-of-south-carolina-2026	University of South Carolina	https://sc.edu/about/offices_and_divisions/financial_aid/scholarships/scholarships_for_nonresidents/index.php	sc.edu	200	Scholarships for Nonresidents - Financial Aid and Scholarships | University of South Carolina	title match 4/7
Graduate Assistantships at University of South Carolina 2026	graduate-assistantships-at-university-of-south-carolina-2026	University of South Carolina	https://sc.edu/study/colleges_schools/graduate_school/tuition-funding/assistantships/	sc.edu	200	Assistantships - Graduate School | University of South Carolina	title match 5/5
The Society for the Advancement of Scandinavian Studies (SASS) – The Birgit Baldwin Fellowship in Scandinavian Studies	the-society-for-the-advancement-of-scandinavian-studies-sass-the-birgit-baldwin-fellowship-se	The Society for the Advancement of Scandinavian Studies (SASS) – The Birgit Baldwin Fellowship in Scandinavian Studies	https://scandinavianstudy.org/awards-fellowships/	scandinavianstudy.org	200	Awards &#038; Fellowships &#8211; Society for the Advancement of Scandinavian Study	title match 5/9
Westpac Future Leaders Scholarship 2026	westpac-future-leaders-scholarship-2026	Westpac Bicentennial Foundation	https://scholars.westpac.com.au/scholarships/future-leaders-scholarship	scholars.westpac.com.au	200	Future Leaders Scholarship | Westpac Scholars | Westpac Scholars	title match 4/4
Westpac Research Fellowships in Australia, 2027	westpac-research-fellowships-in-australia-2027	Westpac Bicentennial Foundation	https://scholars.westpac.com.au/scholarships/research-fellowship	scholars.westpac.com.au	200	Research Fellowship | Westpac Scholars | Westpac Scholars	title match 2/4
Sunway University Postgraduate by Research Scholarship 2026	sunway-university-postgraduate-by-research-scholarship-2026	Sunway University	https://scholarship.sunway.edu.my/scholarship/sunway-university-postgraduate-by-research-scholarship	scholarship.sunway.edu.my	200	Sunway University Postgraduate by Research Scholarship | Sunway Scholarship	title match 5/5
Student Emergency Fund at University of Adelaide 2026	student-emergency-fund-at-university-of-adelaide-2026	University of Adelaide	https://scholarships.adelaide.edu.au/Scholarships/undergraduate/all-faculties/student-emergency-fund	scholarships.adelaide.edu.au	200	Scholarships | Adelaide University	title match 2/4
Curtin Humanitarian Scholarship at Curtin University 2026	curtin-humanitarian-scholarship-at-curtin-university-2026	Curtin University. Australia	https://scholarships.curtin.edu.au/Scholarship/?id=7943	scholarships.curtin.edu.au	200	Scholarship details | Curtin University, Perth, Australia	title match 4/5
ASEAN Scholarships at Curtin University 2026	asean-scholarships-at-curtin-university-2026	Curtin University. Australia	https://scholarships.curtin.edu.au/Scholarship/?id=5794	scholarships.curtin.edu.au	200	Scholarship details | Curtin University, Perth, Australia	title match 2/4
UQLA Endowment Fund Scholarship 2026	uqla-endowment-fund-scholarship-2026	University of Queensland (UQ)	https://scholarships.uq.edu.au/scholarship/uqla-endowment-fund-scholarship	scholarships.uq.edu.au	200	UQLA Endowment Fund Scholarship - Scholarships - The University of Queensland	title match 2/2
The Queensland Commitment Scholarship at University of Queensland 2026	the-queensland-commitment-scholarship-at-university-of-queensland-2026	University of Queensland (UQ)	https://scholarships.uq.edu.au/scholarship/uq-link-scholarship	scholarships.uq.edu.au	200	The Queensland Commitment Scholarship - Scholarships - The University of Queensland	title match 5/5
Kingshott Cassidy Poetry Scholarship Award at University of Queensland 2026	kingshott-cassidy-poetry-scholarship-award-at-university-of-queensland-2026	University of Queensland (UQ)	https://scholarships.uq.edu.au/scholarship/kingshott-cassidy-poetry-award	scholarships.uq.edu.au	200	Kingshott Cassidy Poetry Award - Scholarships - The University of Queensland	title match 7/7
Gates Cambridge Scholarship	gates-cambridge-scholarship-gb	Gates Cambridge Trust (University of Cambridge)	https://scholarships360.org/scholarships/gates-cambridge-scholarship/	scholarships360.org	200	Everything You Need to Know About the Gates Cambridge Scholarship - Scholarships360	title match 3/3
Palmetto Fellows Scholarship	palmetto-fellows-scholarship-us	South Carolina Commission on Higher Education	https://scholarships360.org/scholarships/palmetto-fellows-scholarship/	scholarships360.org	200	The Ultimate Guide to the Palmetto Fellows Scholarship - Scholarships360	title match 3/3
William and Ina Cartwright Scholarship at University of Canterbury 2026	william-and-ina-cartwright-scholarship-at-university-of-canterbury-2026	University of Canterbury	https://scholarshipscanterbury.communityforce.com/Funds/FundDetails.aspx?4438534B376C50326C6345374664547241395048794479316E326467667A36393648766A48593477584C3531516C6E6F6A6F59546561676B564B6E6A4E385363	scholarshipscanterbury.communityforce.com	200	University of Canterbury Scholarship Portal - William and Ina Cartwright Scholarship	title match 5/5
Scotiabank Scholarship in International Business at Schulich School of Business 2026	scotiabank-scholarship-in-international-business-at-schulich-school-of-business-2026	Scotiabank/ Bank of Nova Scotia	https://schulich.yorku.ca/student-life-services/financial-aid/scholarships-awards/	schulich.yorku.ca	200	Funding Your Graduate Education - Schulich School of Business	title match 4/7
Seymour Schulich MBA Entrance Scholarship at Schulich Business School 2026	seymour-schulich-mba-entrance-scholarship-at-schulich-business-school-2026	Schulich School Of Business	https://schulich.yorku.ca/student-life-services/financial-aid/scholarships-awards/	schulich.yorku.ca	200	Funding Your Graduate Education - Schulich School of Business	title match 4/7
NASA Student Airborne Research Program (SARP)	nasa-student-airborne-research-program-sarp	NASA	https://science.nasa.gov/earth-science/early-career-opportunities/student-airborne-research-program/	science.nasa.gov	200	Student Airborne Research Program - NASA Science	title match 4/4
NASA Student Airborne Research Program (SARP)	nasa-student-airborne-research-program-sarp-amessarp	University of California, Irvine	https://science.nasa.gov/earth-science/early-career-opportunities/student-airborne-research-program/	science.nasa.gov	200	Student Airborne Research Program - NASA Science	title match 4/4
Science Undergraduate Laboratory Internship (SULI)	science-undergraduate-laboratory-internship-suli	U.S. Department of Energy (DOE)	https://science.osti.gov/wdts/suli	science.osti.gov	200	Science Undergraduate Laboratory... | U.S. DOE Office of Science (SC)	title match 3/4
Visiting Faculty Program	visiting-faculty-program	Lawrence Berkeley National Laboratory	https://science.osti.gov/wdts/vfp	science.osti.gov	200	Visiting Faculty Program (VFP) H... | U.S. DOE Office of Science (SC)	title match 3/3
Jane Teranes, Scripps Undergraduate Research Fellowship (JT-SURF)	jane-teranes-scripps-undergraduate-research-fellowship-jt-surf	University of California, San Diego, Scripps Institution of Oceanography	http://scripps.ucsd.edu/undergrad/surf	scripps.ucsd.edu	200	Jane Teranes - Scripps Undergraduate Research Fellowship (JT-SURF) | Scripps Institution of Oceanography	title match 5/5
Scripps Institution of Oceanography Postdoctoral Program	scripps-institution-of-oceanography-postdoctoral-program	University of California, San Diego, Scripps Institution of Oceanography	https://scripps.ucsd.edu/postdocs/program	scripps.ucsd.edu	200	Scripps Institutional Postdoctoral Program | Scripps Institution of Oceanography	title match 5/5
Birthing on Country Scholarship at Southern Cross University 2026	birthing-on-country-scholarship-at-southern-cross-university-2026	Southern Cross University	http://scu.edu.au/scholarships/birthing-on-country-scholarship/	scu.edu.au	200	Birthing on Country Scholarship - Indigenous Scholarships - Southern Cross University	title match 6/6
School of Design and Construction Prime Electric Scholarship at Washington State University 2027	school-of-design-and-construction-prime-electric-scholarship-at-washington-state-university-2027	Washington State University (WSU), Pullman	https://sdc.wsu.edu/construction-management/cm-awards-scholarships/	sdc.wsu.edu	200	Construction Management Scholarships and Awards | School of Design and Construction |  Washington State University	title match 7/9
School of Design and Construction Ted and Shelly Vanderheyden Endowed Scholarship at Washington State University 2027	school-of-design-and-construction-ted-and-shelly-vanderheyden-endowed-scholarship-at-washington-state-university-2027	Washington State University (WSU), Pullman	https://sdc.wsu.edu/construction-management/cm-awards-scholarships/	sdc.wsu.edu	200	Construction Management Scholarships and Awards | School of Design and Construction |  Washington State University	title match 7/10
Undergraduate Summer Scholars Program	undergraduate-summer-scholars-program	NOAA Sea Grant	http://seagrant.oregonstate.edu/fellowships/summer-scholars	seagrant.oregonstate.edu	200	Oregon Sea Grant Summer Scholars | Oregon State University	title match 2/4
Undergraduate Summer Scholars Program	undergraduate-summer-scholars-program-scholars	Oregon Dept. of Fish and Wildlife	http://seagrant.oregonstate.edu/fellowships/summer-scholars	seagrant.oregonstate.edu	200	Oregon Sea Grant Summer Scholars | Oregon State University	title match 2/4
Maine Sea Grant – NOAA Fisheries Undergraduate Internships in Sea-run Fish Research	maine-sea-grant-noaa-fisheries-undergraduate-internships-in-sea-run-fish-research-arunfish	University of Maine	https://seagrant.umaine.edu/funding-opportunities/maine-sea-grant-noaa-fisheries-undergraduate-internships-in-sea-run-fish-research/	seagrant.umaine.edu	200	Maine Sea Grant - NOAA Fisheries Undergraduate Internships in Sea-run Fish Research  - Maine Sea Grant -	title match 6/6
Maine Sea Grant – NOAA Fisheries Undergraduate Internships in Sea-run Fish Research	maine-sea-grant-noaa-fisheries-undergraduate-internships-in-sea-run-fish-research	Maine Sea Grant	https://seagrant.umaine.edu/funding-opportunities/maine-sea-grant-noaa-fisheries-undergraduate-internships-in-sea-run-fish-research/	seagrant.umaine.edu	200	Maine Sea Grant - NOAA Fisheries Undergraduate Internships in Sea-run Fish Research  - Maine Sea Grant -	title match 6/6
PhD Research Scholarship, SEARCA, 2026	phd-research-scholarship-searca-2026	Southeast Asian Regional Center for Graduate Study and Research in Agriculture (SEARCA)	http://searca.org/index.php/about-research-scholarship	searca.org	200	SEARCA Research Scholarship Program - SEARCA	title match 3/3
Research Experience For Undergraduates (REU) in Engineering and Applied Science	research-experience-for-undergraduates-reu-in-engineering-and-applied-science	Harvard University	https://seas.harvard.edu/office-education-outreach-community-programs/research-experience-undergraduates-reu	seas.harvard.edu	200	Research Experience for Undergraduates (REU) | Harvard John A. Paulson School of Engineering and Applied Sciences	title match 6/6
SEED Golden Ticket Club Scholarship 2027	seed-golden-ticket-club-scholarship-2027	SEED Global Education LLC, Mumbai	https://seedglobaleducation.com/study-abroad/scholarships/seed-golden-ticket-scholarships?utm_source=seed_b2c_site&utm_medium=seed_b2c_site&utm_campaign=seed_b2c_site	seedglobaleducation.com	200	seed golden ticket scholarships — Scholarships | SEED Global Education	title match 3/3
Madison and Lilas Self Graduate Fellowship	madison-and-lilas-self-graduate-fellowship	University of Kansas	https://selfgraduate.ku.edu/self-graduate-fellowship	selfgraduate.ku.edu	200	Self Graduate Fellowship | Madison &amp; Lila Self Graduate Programs	title match 3/4
SEMO International Student Scholarship - Graduate 2026	semo-international-student-scholarship-graduate-2026	Southeast Missouri State University	https://semo.edu/student-support/financial-services/financial-aid/international-scholarships.html	semo.edu	200	International Scholarships | SEMO	title match 2/4
SEMO International Student Scholarships-Transfer 2026	semo-international-student-scholarships-transfer-2026	Southeast Missouri State University	https://semo.edu/student-support/financial-services/financial-aid/international-scholarships.html	semo.edu	200	International Scholarships | SEMO	title match 2/4
SENIC REU Program	senic-reu-program	Georgia Institute of Technology	https://senic.gatech.edu/education-and-outreach/reu-program/	senic.gatech.edu	200	Summer Internship Program	title match 1/2
Sophie Hittner Scholarship at San Francisco State University 2026	sophie-hittner-scholarship-at-san-francisco-state-university-2026	San Francisco State University (SFSU)	https://sfsu.academicworks.com/opportunities/18344	sfsu.academicworks.com	200	Sophie Hittner Scholarship - San Francisco State University Scholarship Opportunities	title match 6/6
Ellanore and Maurice Bassan English Dept. School at San Francisco State University 2026	ellanore-and-maurice-bassan-english-dept-school-at-san-francisco-state-university-2026	San Francisco State University (SFSU)	https://sfsu.academicworks.com/opportunities/14984	sfsu.academicworks.com	200	Ellanore and Maurice Bassan English Dept. Schol. - San Francisco State University Scholarship Opportunities	title match 7/8
Summer Geometry Initiative	summer-geometry-initiative	Massachusetts Institute of Technology (MIT)	https://sgi.mit.edu/	sgi.mit.edu	200	Summer Geometry Initiative	title match 3/3
Pioneering Women in STEM	pioneering-women-in-stem-se	Swedish Institute	https://si.se/en/apply/scholarships/pioneeringwomeninstem/#:~:text=The%20SI%20scholarship%20Pioneering%20women%20in%20STEM%20is%20a%20competitive,expenses%20throughout%20the%20study%20period.	si.se	200	Pioneering Women in STEM - Svenska institutet	title match 2/2
Swedish Institute Scholarships for Global Professionals (SISGP)	swedish-institute-scholarships-for-global-professionals-sisgp-se	Swedish Institute	https://si.se/en/apply/scholarships/swedish-institute-scholarships-for-global-professionals/	si.se	200	Scholarship for Global Professionals | Svenska institutet	title match 3/6
Tianjin Government Scholarship at Tianjin University 2025	tianjin-government-scholarship-at-tianjin-university-2025	Tianjin University	https://sie.tju.edu.cn/en/jxj/tjszfjxj/	sie.tju.edu.cn	200	International School of education, Tianjin University	title match 3/5
Qiushi Scholarship at Tianjin University 2026	qiushi-scholarship-at-tianjin-university-2026	Tianjin University	https://sie.tju.edu.cn/en/jxj/tjszfjxj/	sie.tju.edu.cn	200	International School of education, Tianjin University	title match 2/4
Marine Physical Laboratory Summer Internship Program	marine-physical-laboratory-summer-internship-program	University of California, San Diego, Scripps Institution of Oceanography	https://sioapps.ucsd.edu/sec/mpl/	sioapps.ucsd.edu	200	:: MARINE PHYSICAL LABORATORY : UC SAN DIEGO ::	title match 3/6
CorGGLE (Cornell Geopaths Geoscience Learning Ecosystem)	corggle-cornell-geopaths-geoscience-learning-ecosystem	Cornell University	https://sites.coecis.cornell.edu/eascorggle/	sites.coecis.cornell.edu	200	Paid Summer Internship at Cornell University: Explore Careers in Geoscience  &#8211; Cornell Geopaths Geoscience Learning Ecosystem (CorGGLE) Summer Internship Program	title match 6/6
CIERA Research Experience for Undergraduates (REU): Astrophysics in its Modern Interdisciplinary Context	ciera-research-experience-for-undergraduates-reu-astrophysics-in-its-modern-interdisciplinary-context	Northwestern University	https://sites.northwestern.edu/cierareu/	sites.northwestern.edu	200	Overview | CIERA Research Experiences for Undergraduates (REU)	title match 4/8
UC Irvine Community Geoscience Initiative (CGI)	uc-irvine-community-geoscience-initiative-cgi	University of California, Irvine	https://sites.ps.uci.edu/climatejustice/	sites.ps.uci.edu	200	UC Irvine Community Geoscience Initiative	title match 4/4
Climate Science Research Experiences for Undergraduates	climate-science-research-experiences-for-undergraduates	Pennsylvania State University	https://sites.psu.edu/reuclimate/	sites.psu.edu	200	Research Experiences for Undergraduates in Climate Science  &#8211; An REU hosted in the Department of Meteorology and Atmospheric Sciences at Penn State University	title match 5/5
Research Experiences for Undergraduates (REU) - Regional Initiative to Promote Undergraduate Participation in Experimental and Computational Materials Research	research-experiences-for-undergraduates-reu-regional-initiative-to-promote-undergraduate-participation-in-experimental-and-computational-materials-research	University of Alabama, Birmingham	https://sites.uab.edu/cnmb/research-experiences-for-undergraduates/	sites.uab.edu	200	Research Experiences for Undergraduates &#8211; Center for Nanoscale Materials and Biointegration	title match 6/12
SOARS - Significant Opportunities in Atmospheric Research and Science	soars-significant-opportunities-in-atmospheric-research-and-science	University Corporation for Atmospheric Research (UCAR)	https://soars.ucar.edu/	soars.ucar.edu	200	Homepage | NSF Significant Opportunities in Atmospheric Research and Science	title match 5/6
School of Professional Advancement Marching Band Scholarship at Tulane University 2026	school-of-professional-advancement-marching-band-scholarship-at-tulane-university-2026	Tulane University	https://sopa.tulane.edu/admissions/financial-assistance/sopa-student-scholarships/marching-band-scholarship	sopa.tulane.edu	200	Marching Band Scholarship At Tulane SoPA | New Orleans, LA | Tulane School of Professional Advancement	title match 6/7
School of Professional Advancement Transfer Scholarship at Tulane University 2026	school-of-professional-advancement-transfer-scholarship-at-tulane-university-2026	Tulane University	https://sopa.tulane.edu/admissions/financial-assistance#scholarships	sopa.tulane.edu	200	Financial Assistance | New Orleans, LA | Tulane School of Professional Advancement	title match 4/7
Montana Space Grant Consortium Scholarships and Fellowships	montana-space-grant-consortium-scholarships-and-fellowships	Aaniiih Nakoda College	https://spacegrant.montana.edu/graduate_fellowship.html	spacegrant.montana.edu	200	Graduate Student Fellowships - Montana Space Grant Consortium | Montana Space Grant Consortium	title match 5/6
Montana Space Grant Consortium Scholarships and Fellowships	montana-space-grant-consortium-scholarships-and-fellowships-larships	Blackfeet Community College	https://spacegrant.montana.edu/graduate_fellowship.html	spacegrant.montana.edu	200	Graduate Student Fellowships - Montana Space Grant Consortium | Montana Space Grant Consortium	title match 5/6
Higher Education Scholarship by Spark 2026	higher-education-scholarship-by-spark-2026	Spark	https://spark.ngo/service/scholarships/	spark.ngo	200	Scholarships - SPARK	title match 2/4
Université Côte d'Azur's Spectrum Graduate School, specializing in science and engineering	universit-c-te-d-azur-s-spectrum-graduate-school-specializing-in-science-and-engineering-cf	EUR SPECTRUM	https://spectrum.univ-cotedazur.fr/bourses-dexcellence-de-master	spectrum.univ-cotedazur.fr	200	SPECTRUM - Graduate school of Formal, Physical and Engineering Sciences	title match 5/7
Shannon Point Marine Center Research Experiences for Undergraduates (REU) program	shannon-point-marine-center-research-experiences-for-undergraduates-reu-program	Western Washington University	https://spmc.wwu.edu/research-experiences-undergraduates-program	spmc.wwu.edu	200	REU | Shannon Point Marine Center | Western Washington University	title match 4/8
Peter Hone Rugby Scholarships at University of Melbourne 2027	peter-hone-rugby-scholarships-at-university-of-melbourne-2027	University of Melbourne	https://sport.unimelb.edu.au/programs/elite-athlete-program/rugby-young-achiever	sport.unimelb.edu.au	200	Rugby Young Achiever | Melbourne University Sport	title match 3/5
Andrew and Geraldine Buxton Athletics Scholarships at Melbourne University 2025	andrew-and-geraldine-buxton-athletics-scholarships-at-melbourne-university-2025	University of Melbourne	https://sport.unimelb.edu.au/programs/elite-athlete-program/buxton	sport.unimelb.edu.au	200	Buxton Athletics Scholarship | Melbourne University Sport	title match 4/7
Testing Fund at SPSCC 2026	testing-fund-at-spscc-2026	South Puget Sound Community College (SPSCC)	https://spscc.edu/financial-services/scholarships	spscc.edu	200	Scholarships &amp; Grants | SPSCC	title match 1/2
International Education Scholarship at University of Houston 2026-27	international-education-scholarship-at-university-of-houston-2026-27	University Of Houston	https://ssl.uh.edu/learningabroad/scholarships/iefs/	ssl.uh.edu	200	International Education Scholarship (IES) | University of Houston	title match 5/5
Master's Bridge Program to a Doctorate in Statistics and Data Science	master-s-bridge-program-to-a-doctorate-in-statistics-and-data-science	University of Pennsylvania	https://statistics.wharton.upenn.edu/programs/bridge/apply-to-the-bridge-program/	statistics.wharton.upenn.edu	200	Apply for a Master of Arts in Statistics and Data Science - Department of Statistics and Data Science	title match 3/6
STEPS Research Experience for Undergraduates and Research Experience for Future Farmers	steps-research-experience-for-undergraduates-and-research-experience-for-future-farmers	Appalachian State University	https://steps-center.org/reu/	steps-center.org	200	Research Experience for Undergraduates | STEPS | NC State University	title match 6/8
STEPS Research Experience for Undergraduates and Research Experience for Future Farmers	steps-research-experience-for-undergraduates-and-research-experience-for-future-farmers-efarmers	Clemson University	https://steps-center.org/reu/	steps-center.org	200	Research Experience for Undergraduates | STEPS | NC State University	title match 6/8
Western Undergraduate Exchange at Washington State University 2026	western-undergraduate-exchange-at-washington-state-university-2026	Washington State University (WSU), Vancouver	https://studentaffairs.vancouver.wsu.edu/student-financial-services/western-undergraduate-exchange	studentaffairs.vancouver.wsu.edu	200	Student Affairs | WSU Vancouver |  Washington State University	title match 3/6
Premier Undergraduate And Wesbrook Scholarships, UBC 2026	premier-undergraduate-and-wesbrook-scholarships-ubc-2026	University of British Columbia	https://students.ubc.ca/finances/awards-scholarships-bursaries/premier-undergraduate-wesbrook-scholarships/	students.ubc.ca	200	Premier Undergraduate and Wesbrook Scholarships | UBC Student Services	title match 4/4
International Community Achievement Awards at UBC 2026	international-community-achievement-awards-at-ubc-2026	University of British Columbia	https://students.ubc.ca/finances/awards-scholarships-bursaries/awards-international/	students.ubc.ca	200	Awards for international students | UBC Student Services	title match 2/4
ANU PhD Scholarship 2026	anu-phd-scholarship-2026	Australian National University (ANU)	https://study.anu.edu.au/scholarships/find-scholarship/anu-phd-scholarship	study.anu.edu.au	200	ANU PhD Scholarship | The Australian National University	title match 1/1
Emergency Accommodation Bursary at ANU 2026	emergency-accommodation-bursary-at-anu-2026	Australian National University (ANU)	https://study.anu.edu.au/scholarships/find-scholarship/emergency-accommodation-bursary	study.anu.edu.au	200	Emergency Accommodation Bursary | The Australian National University	title match 3/3
Summer Undergraduate Research Experience in Robotics	summer-undergraduate-research-experience-in-robotics	Georgia Institute of Technology	https://sure.gatech.edu/	sure.gatech.edu	200	Home | Summer Undergraduate Research in Engineering (SURE)	title match 3/5
Summer Undergraduate Research Fellowship (SURF) Program in the Pharmaceutical and Environmental sciences	summer-undergraduate-research-fellowship-surf-program-in-the-pharmaceutical-and-environmental-sciences	Rutgers University	https://surf.rutgers.edu/overview/	surf.rutgers.edu	200	Overview &#8211; Summer Undergraduate Research Fellowship	title match 4/8
Global Challenges Research Teams	global-challenges-research-teams	Colorado State University	https://sustainability.colostate.edu/research/global-challenges-research-teams/	sustainability.colostate.edu	200	Global Challenges Research Teams | Sustainability | Colorado State University	title match 4/4
Stanford University Summer Research in Geosciences and Engineering (SURGE)	stanford-university-summer-research-in-geosciences-and-engineering-surge	Stanford University	https://sustainability.stanford.edu/our-community/dei/surge	sustainability.stanford.edu	200	Sustainability Undergraduate Research in Geoscience and Engineering Program (SURGE) | Stanford Doerr School of Sustainability	title match 4/7
Tec de Monterrey Campus Monterrey Scholarships	tec-de-monterrey-campus-monterrey-scholarships-mx	Tecnológico de Monterrey	https://tec.mx/en/becas/scholarships-campus-monterrey	tec.mx	200	Scholarships Campus Monterrey | Tecnológico de Monterrey	title match 4/4
Women in STEM Scholarship	women-in-stem-scholarship	BHW Group	https://thebhwgroup.com/scholarship	thebhwgroup.com	200	Women in STEM Scholarship | The BHW Group	title match 2/2
Johns Hopkins Summer Research Early Identification Program (SR-EIP)	johns-hopkins-summer-research-early-identification-program-sr-eip	Johns Hopkins University	https://theleadershipalliance.org/summer-research-early-identification-program	theleadershipalliance.org	200	Summer Research Early Identification Program | The Leadership Alliance	title match 5/7
Scholarships for Undergraduate students attending an HBCU	scholarships-for-undergraduate-students-attending-an-hbcu	Thurgood Marshall College Fund	https://tmcf.org/?s=Scholarships+for+Undergraduate+students+	tmcf.org	200	You searched for Scholarships for Undergraduate students  | Thurgood Marshall College Fund, Inc.	title match 3/4
Diversity Graduate Assistantships	diversity-graduate-assistantships	New Mexico State University	https://tpal.nmsu.edu/degree-programs/assistantships.html	tpal.nmsu.edu	200	Graduate Assistantships | New Mexico State University - All About Discovery!	title match 2/3
Tulane School of Social Work Elizabeth Land Parks and Franklin Parks Honor Scholarships in Social Work at Tulane University 2026	tulane-school-of-social-work-elizabeth-land-parks-and-franklin-parks-honor-scholarships-in-social-work-at-tulane-university-2026	Tulane University	https://tssw.tulane.edu/graduate-student-scholarships	tssw.tulane.edu	200	Graduate Student Scholarships | Tulane School of Social Work	title match 6/12
Tulane School of Social Work Jeannette Caldwell Randolph Memorial Scholarship at Tulane University 2026	tulane-school-of-social-work-jeannette-caldwell-randolph-memorial-scholarship-at-tulane-university-2026	Tulane University	https://tssw.tulane.edu/graduate-student-scholarships	tssw.tulane.edu	200	Graduate Student Scholarships | Tulane School of Social Work	title match 5/10
Tulane School of Social Work Dr. Jeannette Jennings Memorial Scholarship Fund at Tulane University 2026	tulane-school-of-social-work-dr-jeannette-jennings-memorial-scholarship-fund-at-tulane-university-2026	Tulane University	https://tssw.tulane.edu/graduate-student-scholarships	tssw.tulane.edu	200	Graduate Student Scholarships | Tulane School of Social Work	title match 5/9
REU Program in Nuclear and Particle Physics at TUNL/Duke University	reu-program-in-nuclear-and-particle-physics-at-tunl-duke-university	Duke University	https://tunl.duke.edu/education/reu#:~:text=Sponsored%20by%20the%20National%20Science%20Foundation%2C%20the%20REU,program%20combining%20research%20experience%2C%20lectures%2C%20and%20social%20activities.	tunl.duke.edu	200	Research Experience for Undergraduates in Nuclear and Particle Physics at TUNL and Duke University | Triangle Universities Nuclear Laboratory	title match 4/5
REU Program in Nuclear and Particle Physics at TUNL/Duke University	reu-program-in-nuclear-and-particle-physics-at-tunl-duke-university-learphys	North Carolina Central University	https://tunl.duke.edu/education/reu#:~:text=Sponsored%20by%20the%20National%20Science%20Foundation%2C%20the%20REU,program%20combining%20research%20experience%2C%20lectures%2C%20and%20social%20activities.	tunl.duke.edu	200	Research Experience for Undergraduates in Nuclear and Particle Physics at TUNL and Duke University | Triangle Universities Nuclear Laboratory	title match 4/5
A.W.R. Carrothers Scholarship at University of Calgary 2026	a-w-r-carrothers-scholarship-at-university-of-calgary-2026	University of Calgary, Canada	https://ucalgary.ca/registrar/awards/awr-carrothers-scholarship	ucalgary.ca	200	A.W.R. Carrothers Scholarship | Office of the Registrar | University of Calgary	title match 4/4
A.E. Wright International Scholarship at UCM 2027	a-e-wright-international-scholarship-at-ucm-2027	University of Central Missouri (UCM)	https://ucmo.academicworks.com/opportunities/34447	ucmo.academicworks.com	200	A.E. Wright International Scholarship - UCM Scholarship Finder	title match 3/3
UC-National Lab In-Residence Graduate Fellowships (UC-NL GF)	uc-national-lab-in-residence-graduate-fellowships-uc-nl-gf-stemnlgf	University of California System	https://ucop.edu/research-initiatives/programs/lab-fees/lfrp-grad-fellows.html	ucop.edu	200	UCRI | 

UC-National Lab In-Residence Graduate Fellowship	title match 3/4
UC-National Lab In-Residence Graduate Fellowships (UC-NL GF)	uc-national-lab-in-residence-graduate-fellowships-uc-nl-gf	Los Alamos National Laboratory	https://ucop.edu/research-initiatives/programs/lab-fees/lfrp-grad-fellows.html	ucop.edu	200	UCRI | 

UC-National Lab In-Residence Graduate Fellowship	title match 3/4
Alex Close Memorial Bursary at University of Lethbridge 2026	alex-close-memorial-bursary-at-university-of-lethbridge-2026	University of Lethbridge	https://uleth.academicworks.ca/opportunities/13088	uleth.academicworks.ca	200	Alex Close Memorial Bursary - University of Lethbridge	title match 5/5
50th Anniversary Founding Scholarship-Faculty of Education at University of Lethbridge 2026	50th-anniversary-founding-scholarship-faculty-of-education-at-university-of-lethbridge-2026	University of Lethbridge	https://uleth.academicworks.ca/opportunities/11753	uleth.academicworks.ca	200	50th Anniversary Founding Scholarship-Faculty of Education - University of Lethbridge	title match 7/7
Research and Teaching Assistantships	research-and-teaching-assistantships	University of Maine	https://umaine.edu/risecenter/master-of-science-in-teaching/	umaine.edu	200	Master of Science in Teaching - Maine Center for Research in STEM Education	title match 2/3
University of Manitoba Graduate Fellowship (UMGF) 2026	university-of-manitoba-graduate-fellowship-umgf-2026	University of Manitoba (UM), Canada	https://umanitoba.ca/graduate-studies/funding-awards-and-financial-aid/university-manitoba-graduate-fellowship-umgf	umanitoba.ca	200	University of Manitoba Graduate Fellowship (UMGF) | Faculty of Graduate and Postdoctoral Studies | University of Manitoba	title match 4/4
University of Manitoba Graduate Fellowships	university-of-manitoba-graduate-fellowships-s4d	University of Manitoba	https://umanitoba.ca/graduate-studies/funding-awards-and-financial-aid/university-manitoba-graduate-fellowship-umgf	umanitoba.ca	200	University of Manitoba Graduate Fellowship (UMGF) | Faculty of Graduate and Postdoctoral Studies | University of Manitoba	title match 3/4
Northwestern University Scholarship 2025	northwestern-university-scholarship-2025	Northwestern University	https://undergradaid.northwestern.edu/types-of-aid/scholarships-grants/northwestern-scholarships.html#nu	undergradaid.northwestern.edu	200	Northwestern Scholarships: Undergraduate Financial Aid - Northwestern University	title match 3/3
Scientific Study of Interpersonal Relationships Across the LIfespan	scientific-study-of-interpersonal-relationships-across-the-lifespan	University of Missouri, Columbia	https://undergradresearch.missouri.edu/interpersonal-relationships-summer-research-program/	undergradresearch.missouri.edu	200	NSF REU Site: Scientific Study of Interpersonal Relationships Across the Lifespan // Undergraduate Research	title match 6/6
Cyber Scholars at University of Maryland, Baltimore County (UMBC) 2027	cyber-scholars-at-university-of-maryland-baltimore-county-umbc-2027	University of Maryland, Baltimore County (UMBC)	https://undergraduate.umbc.edu/cyber-scholars/?utm_source=OFAS&utm_medium=website&utm_campaign=FY21PAO&utm_content=OFASpromo	undergraduate.umbc.edu	200	Cyber Scholars Program - UMBC: University Of Maryland, Baltimore County	title match 6/6
Sherman Teacher Scholars Program at University of Maryland, Baltimore County (UMBC) 2026	sherman-teacher-scholars-program-at-university-of-maryland-baltimore-county-umbc-2026	University of Maryland, Baltimore County (UMBC)	https://undergraduate.umbc.edu/sherman-scholars-program/?utm_source=OFAS&utm_medium=website&utm_campaign=FY21PAO&utm_content=OFASpromo	undergraduate.umbc.edu	200	Sherman Scholars Program - UMBC: University Of Maryland, Baltimore County	title match 7/8
REU Sites at West Virginia University	reu-sites-at-west-virginia-university	West Virginia University	https://undergraduateresearch.wvu.edu/research-opportunities/wvu-opportunities	undergraduateresearch.wvu.edu	200	WVU Opportunities | Office of Undergraduate Research | West Virginia University	title match 2/3
Korean Studies Association of South East Asia Scholarships at UNSW Canberra 2026	korean-studies-association-of-south-east-asia-scholarships-at-unsw-canberra-2026	University of New South Wales (UNSW)	https://unsw.adfa.edu.au/study/scholarships/international-students/unsw-phd-scholarship-kosasa-member-universities	unsw.adfa.edu.au	200	Korean Studies Association of South East Asia Scholarships | UNSW Canberra	title match 6/6
BDO Accounting Scholarship at University of Ottawa 2026	bdo-accounting-scholarship-at-university-of-ottawa-2026	University of Ottawa, Canada	https://uottawa.syntosolution.com/docrepo/722200304026_9_ENG.html	uottawa.syntosolution.com	200	BDO Accounting Scholarship	title match 2/4
Ethics in the Millennium Scholarship at University of Ottawa 2026	ethics-in-the-millennium-scholarship-at-university-of-ottawa-2026	University of Ottawa, Canada	https://uottawa.syntosolution.com/docrepo/722200301473_9_ENG.html	uottawa.syntosolution.com	200	Ethics in the Millennium Scholarship	title match 3/5
URA-Sandia Graduate Student Summer Fellowship	ura-sandia-graduate-student-summer-fellowship	Sandia National Laboratories	https://ura-hq.org/stem-research/sandia-graduate-student-summer-fellowship/	ura-hq.org	200	URA-Sandia Graduate Student Summer Fellowship - Universities Research Association	title match 5/5
Fulbright Program for US Students	fulbright-program-for-us-students	Institute of International Education	http://us.fulbrightonline.org/about/fulbright-us-student-program	us.fulbrightonline.org	200	US Fulbright Program - Fulbright U.S. Student Program	title match 2/3
Theatre Scholarship for Incoming Freshman at University of Utah 2026	theatre-scholarship-for-incoming-freshman-at-university-of-utah-2026	University of Utah	https://utah.academicworks.com/opportunities/39180	utah.academicworks.com	200	Theatre Scholarship for Incoming Freshman - University of Utah Scholarships	title match 5/5
Summer Research Scholars (SRS)	summer-research-scholars-srs	University of Tennessee Health Sciences Center	https://uthsc.edu/summer-research-scholars/index.php	uthsc.edu	200	Summer Research Scholars | UTHSC	title match 3/3
UTS Foundation Studies Scholarship 2026	uts-foundation-studies-scholarship-2026	University of Technology Sydney (UTS)	https://utscollege.edu.au/au/international-scholarships-fdn	utscollege.edu.au	200	UTS Foundation Studies Scholarship | UTS College	title match 3/3
International Transfer Students from U.S. Institutions at University of Tulsa 2026	international-transfer-students-from-u-s-institutions-at-university-of-tulsa-2026	University of Tulsa	https://utulsa.edu/admissions/apply/international-students/international-scholarships/	utulsa.edu	200	International Scholarships - The University of Tulsa	title match 3/6
International Transfer Students from International Institutions at University of Tulsa 2026	international-transfer-students-from-international-institutions-at-university-of-tulsa-2026	University of Tulsa	https://utulsa.edu/admissions/apply/international-students/international-scholarships/	utulsa.edu	200	International Scholarships - The University of Tulsa	title match 4/7
International Student Entrance Scholarship at University of Waterloo 2026	international-student-entrance-scholarship-at-university-of-waterloo-2026	University of Waterloo, Canada	https://uwaterloo.ca/future-students/financing/international-scholarships	uwaterloo.ca	200	Scholarships for international students | Undergraduate Programs | University of Waterloo	title match 5/6
Merit Scholarship at University of Waterloo 2026	merit-scholarship-at-university-of-waterloo-2026	University of Waterloo, Canada	https://uwaterloo.ca/future-students/financing/scholarships#presidents	uwaterloo.ca	200	Entrance scholarships | Undergraduate Programs | University of Waterloo	title match 3/4
Quantum Cryptography School for Young Students (QCSYS)	quantum-cryptography-school-for-young-students-qcsys	University of Waterloo	https://uwaterloo.ca/institute-for-quantum-computing/programs/qcsys	uwaterloo.ca	200	Quantum School for Young Students | Institute for Quantum Computing | University of Waterloo	title match 4/6
Undergraduate School on Experimental Quantum Information Processing	undergraduate-school-on-experimental-quantum-information-processing	University of Waterloo	https://uwaterloo.ca/institute-for-quantum-computing/useqip	uwaterloo.ca	200	Undergraduate School on Experimental Quantum Information Processing | Institute for Quantum Computing | University of Waterloo	title match 6/6
University of Waterloo International Student Entrance Scholarship 2026	university-of-waterloo-international-student-entrance-scholarship-2026	University of Waterloo, Canada	https://uwaterloo.ca/future-students/financing/international-scholarships#:~:text=%2410%2C000%20International%20Student%20Entrance%20Scholarship,for%20their%20first%2Dyear%20studies.	uwaterloo.ca	200	Scholarships for international students | Undergraduate Programs | University of Waterloo	title match 5/6
Presidents Scholarship of Distinction at University of Waterloo 2026	presidents-scholarship-of-distinction-at-university-of-waterloo-2026	University of Waterloo, Canada	https://uwaterloo.ca/future-students/financing/scholarships#presidents	uwaterloo.ca	200	Entrance scholarships | Undergraduate Programs | University of Waterloo	title match 3/5
Engineering International Student Entrance Scholarship at University of Waterloo 2025	engineering-international-student-entrance-scholarship-at-university-of-waterloo-2025	University of Waterloo, Canada	https://uwaterloo.ca/future-students/financing/international-scholarships#engineering-details	uwaterloo.ca	200	Scholarships for international students | Undergraduate Programs | University of Waterloo	title match 5/7
Deans International Student Scholarship - Fall Start at University Of Wisconsin Milwaukee 2027	deans-international-student-scholarship-fall-start-at-university-of-wisconsin-milwaukee-2027	University of Wisconsin, Milwaukee	https://uwm.academicworks.com/opportunities/15627	uwm.academicworks.com	200	Dean&#39;s International Student Scholarship - Fall Start - UW-Milwaukee Panther Scholarship Portal	title match 5/8
WUS Opportunity Scholarship at Vietnamese-German University 2025	wus-opportunity-scholarship-at-vietnamese-german-university-2025	Vietnamese-German University	https://vgu.edu.vn/wus-scholarship	vgu.edu.vn	200	WUS - Opportunity scholarship - Vietnamese-German University	title match 5/5
Bilkent University Scholarships for International Students	bilkent-university-scholarships-for-international-students-tr	Bilkent University	https://w3.bilkent.edu.tr/international/scholarships-for-international-students/	w3.bilkent.edu.tr	200	Scholarships for International Students &#8211; International Students	title match 3/5
Visiting Fellowships and Travel Grants at Yale University 2027-28	visiting-fellowships-and-travel-grants-at-yale-university-2027-28	Yale University	https://walpole.library.yale.edu/fellowships/visiting-fellowships-and-travel-grants	walpole.library.yale.edu	200	Visiting Fellowships and Travel Grants
 | Lewis Walpole Library	title match 4/5
mobiklasse.de-Lektor:in	mobiklasse-de-lektor-in-cf	Office franco-allemand pour la Jeunesse (OFAJ / DFJW)	https://web-eur.cvent.com/event/b9b9ad60-ce6a-4de3-a8b2-9802a556bf59/regProcessStep1	web-eur.cvent.com	200	Persönliche Informationen - FranceMobil |  mobiklasse.de 2026-27	title match 1/2
World Bank Internships	world-bank-internships-s4d	World Bank	http://web.worldbank.org/WBSITE/EXTERNAL/EXTJOBSNEW/0,,contentMDK:23124040~menuPK:8453546~pagePK:8453902~piPK:8453359~theSitePK:8453353,00.html	web.worldbank.org	200	World Bank Group - International Development, Poverty and Sustainability	title match 1/2
Anna Apinis Memorial Great People Scholarship at University of Wisconsin 2026	anna-apinis-memorial-great-people-scholarship-at-university-of-wisconsin-2026	University Of Wisconsin, Madison	https://wisc.academicworks.com/opportunities/77531	wisc.academicworks.com	200	Anna Apinis Memorial Great People Scholarship - Wisconsin Scholarship Hub (WiSH)	title match 6/7
Andrew W. Mellon Postdoctoral Fellowship in the Humanities at University of Pennsylvania 2027-28	andrew-w-mellon-postdoctoral-fellowship-in-the-humanities-at-university-of-pennsylvania-2027-28	University of Pennsylvania	https://wolfhumanities.upenn.edu/fellowships/andrew-w-mellon-postdoctoral-fellowship-humanities	wolfhumanities.upenn.edu	200	Andrew W. Mellon Postdoctoral Fellowship in the Humanities | Wolf Humanities Center	title match 5/7
TeachNZ Scholarships (Te Huarau Scholarship) 2027	teachnz-scholarships-te-huarau-scholarship-2027	New Zealand Government	https://workforce.education.govt.nz/becoming-teacher-new-zealand/become-teacher-scholarships/te-huarau-scholarship	workforce.education.govt.nz	200	Te Huarau Scholarship | Education Workforce	title match 2/4
Future of Robots in the Workplace - Research & Development	future-of-robots-in-the-workplace-research-development	Worcester Polytechnic Institute	https://wp.wpi.edu/forwrd/	wp.wpi.edu	200	FORW-RD NRT Program &#8211; Future of Robots in the Workplace &#8211; Research &amp; Development Program	title match 5/5
Circular Economy and Data Analytics Engineering Research (CEDAR) for Sustainability	circular-economy-and-data-analytics-engineering-research-cedar-for-sustainability	Worcester Polytechnic Institute	https://wp.wpi.edu/cedar/	wp.wpi.edu	200	CEDAR : Circular Economy and Data Analytics Engineering Research for Sustainability Center | Worcester Polytechnic Institute	title match 7/7
Davidson Fellows Scholarships	davidson-fellows-scholarships	Davidson Institute for Talent Development	http://www.DavidsonGifted.org/Fellows	www.DavidsonGifted.org	200	Scholarships for Gifted Students | Davidson Fellows	title match 3/3
AAAS Science and Technology Policy Fellowshps	aaas-science-and-technology-policy-fellowshps	American Association for the Advancement of Science (AAAS)	http://www.aaas.org/page/stpf/become-st-policy-fellow	www.aaas.org	200	Become an S&amp;T Policy Fellow | American Association for the Advancement of Science (AAAS)	title match 2/4
Marion Milligan Mason Award for Women in the Chemical Sciences	marion-milligan-mason-award-for-women-in-the-chemical-sciences	American Association for the Advancement of Science (AAAS)	https://www.aaas.org/programs/marion-milligan-mason-award	www.aaas.org	200	Marion Milligan Mason for Women in the Chemical Sciences Award	title match 7/7
Global Scholars and Future Ambassadors Scholarship to the Annual meeting at American Academy of Neurology 2025	global-scholars-and-future-ambassadors-scholarship-to-the-annual-meeting-at-american-academy-of-neurology-2025	The American Academy of Neurology	https://www.aan.com/research/international-scholarship-to-the-annual-meeting	www.aan.com	200	Global Scholars and Future Ambassadors Scholarship to the Annual Meeting | AAN	title match 7/10
AAPD Summer Internship Program	aapd-summer-internship-program	American Association of People with Disabilities	https://www.aapd.com/summer-internship-program/	www.aapd.com	200	Summer Internship Program - AAPD	title match 3/3
Joel J. Roslyn Faculty Research Award 2026	joel-j-roslyn-faculty-research-award-2026	Association for Academic Surgery	https://www.aasurg.org/awards/roslyn-faculty-award/	www.aasurg.org	200	Joel J. Roslyn Faculty Research Award - Association for Academic Surgery (AAS)	title match 4/4
Aberdeen Global Scholarship 2026	aberdeen-global-scholarship-2026	University of Aberdeen	https://www.abdn.ac.uk/study/funding/559	www.abdn.ac.uk	200	Aberdeen Global Scholarship - Postgraduate | Scholarships | The University of Aberdeen	title match 3/3
Aberdeen Alumni Discount 2025	aberdeen-alumni-discount-2025	University of Aberdeen	https://www.abdn.ac.uk/study/funding/69	www.abdn.ac.uk	200	Aberdeen Alumni Discount | Scholarships | The University of Aberdeen	title match 3/3
International Family Award at Aberystwyth University 2026	international-family-award-at-aberystwyth-university-2026	Aberystwyth University	https://www.aber.ac.uk/en/study-with-us/international/fees-scholarships/international-family-award/#terms-and-conditions	www.aber.ac.uk	200	International Family Award&nbsp; :		Study With Us ,		Aberystwyth University	title match 5/5
Caru Aber International Award at Aberystwyth University 2026	caru-aber-international-award-at-aberystwyth-university-2026	Aberystwyth University	https://www.aber.ac.uk/en/study-with-us/international/fees-scholarships/caru-aber-international-award/#terms-and-conditions	www.aber.ac.uk	200	Caru Aber International Award&nbsp; :		Study With Us ,		Aberystwyth University	title match 4/4
The Chancellors Fund at Abertay University 2026	the-chancellors-fund-at-abertay-university-2026	Abertay University	https://www.abertay.ac.uk/study-apply/money-fees-and-funding/scholarships/the-chancellors-fund/	www.abertay.ac.uk	200	The Chancellor&#x27;s Fund | Abertay University	title match 2/3
Abertay International Scholarship 2026	abertay-international-scholarship-2026	Abertay University	https://www.abertay.ac.uk/study-apply/money-fees-and-funding/scholarships/abertay-international-scholarship/	www.abertay.ac.uk	200	Abertay International Scholarship | Abertay University	title match 3/3
CavinKare Ability Mastery Awards 2026	cavinkare-ability-mastery-awards-2026	Ability Foundation	https://www.abilityfoundation.org/cka_awards.html	www.abilityfoundation.org	200	Ability Foundation - CavinKare ABILITY Awards	title match 3/4
Abo Akademi University Tuition Fee Scholarships 2026	abo-akademi-university-tuition-fee-scholarships-2026	Åbo Akademi University	https://www.abo.fi/en/study/apply/international-master-programmes/scholarship-programme-for-master-students/	www.abo.fi	200	Tuition fee scholarships (waivers) for master students | Åbo Akademi	title match 3/4
RWTH International Academy: Women in Engineering Scholarship	rwth-international-academy-women-in-engineering-scholarship-daad	RWTH International Academy	https://www.academy.rwth-aachen.de/en/education-formats/msc-degree-programmes/general-information/scholarships	www.academy.rwth-aachen.de	200	Scholarships - RWTH International Academy	title match 3/5
ADB Internship Program	adb-internship-program-s4d	Asian Development Bank	http://www.adb.org/site/careers/internship-program	www.adb.org	200	ADB Internship Program | Asian Development Bank	title match 2/2
Aditya Birla Scholarships 2026	aditya-birla-scholarships-2026	Aditya Birla Group	https://www.adityabirlascholars.net/the-scholarship/	www.adityabirlascholars.net	200	The Scholarship - Aditya Birla Group Scholarships	title match 3/3
AICE Cambridge Diploma Scholarship at Mississippi State University 2026	aice-cambridge-diploma-scholarship-at-mississippi-state-university-2026	Mississippi State University	https://www.admissions.msstate.edu/scholarships/details/cambridge-aice-diploma-scholarship	www.admissions.msstate.edu	200	AICE Cambridge Diploma Scholarship | Office of Undergraduate Admissions	title match 3/6
Miss Mississippi Scholarship at Mississippi State University 2026	miss-mississippi-scholarship-at-mississippi-state-university-2026	Mississippi State University	https://www.admissions.msstate.edu/scholarships/details/miss-mississippi-scholarship	www.admissions.msstate.edu	200	Miss Mississippi Scholarship | Office of Undergraduate Admissions	title match 3/5
Purdue University Presidential Scholarship 2026	purdue-university-presidential-scholarship-2026	Purdue University, Indiana	https://www.admissions.purdue.edu/costsandfinaid/freshman.php	www.admissions.purdue.edu	200	Purdue University	title match 2/4
Trustees Scholarship at Purdue University 2026	trustees-scholarship-at-purdue-university-2026	Purdue University, Indiana	https://www.admissions.purdue.edu/costsandfinaid/freshman.php	www.admissions.purdue.edu	200	Purdue University	title match 2/4
Advantest Scholarship Program 2026	advantest-scholarship-program-2026	Advantest Corporation, Tokyo	https://www.advantest.com/careers/south-east-asia/scholarship-program.html	www.advantest.com	200	Advantest Scholarship Program｜Careers (Southeast Asia / India)｜ADVANTEST CORPORATION	title match 3/3
The STEM Scholars Program	the-stem-scholars-program	Agnes Scott College	https://www.agnesscott.edu/science-center-for-women/mentored-research/stem-scholars-program.html	www.agnesscott.edu	200	STEM Scholars Program | Agnes Scott College	title match 2/2
AIM-AHEAD Training Programs	aim-ahead-training-programs	National Institutes of Health (NIH)	https://www.aim-ahead.net/programs/	www.aim-ahead.net	200	AIM-AHEAD Programs	title match 2/3
Albright College Recognition Award 2026	albright-college-recognition-award-2026	Albright College	https://www.albright.edu/admission-and-aid/financing-your-education/scholarships-awards	www.albright.edu	200	Scholarships &amp; Awards - Albright College	title match 3/4
Albright College Dean’s Scholarship 2026	albright-college-dean-s-scholarship-2026	Albright College	https://www.albright.edu/admission-and-aid/financing-your-education/scholarships-awards	www.albright.edu	200	Scholarships &amp; Awards - Albright College	title match 3/3
Merit-Based Scholarships at Alliance University, Bangalore 2026	merit-based-scholarships-at-alliance-university-bangalore-2026	Alliance University, Bangalore	https://www.alliance.edu.in/admissions/scholarships	www.alliance.edu.in	200	Scholarships - Alliance University	title match 3/6
Provost Scholarship for Transfer Students at Alvernia University 2026	provost-scholarship-for-transfer-students-at-alvernia-university-2026	Alvernia University	https://www.alvernia.edu/admissions-aid/international-students/international-student-costs	www.alvernia.edu	200	Tuition, Scholarships and Awards | Alvernia University	title match 3/6
Transfer Scholarship at Alvernia University 2026	transfer-scholarship-at-alvernia-university-2026	Alvernia University	https://www.alvernia.edu/admissions-aid/international-students/international-student-costs	www.alvernia.edu	200	Tuition, Scholarships and Awards | Alvernia University	title match 3/4
American Scandinavian Foundation scholarship	american-scandinavian-foundation-scholarship-se	American Scandinavian Foundation	http://www.amscan.org/fellowships-and-grants/	www.amscan.org	200	Fellowships &amp; Grants - The American-Scandinavian Foundation	title match 3/4
ANU RSES Opportunity Scholarship 2026	anu-rses-opportunity-scholarship-2026	Australian National University (ANU)	https://www.anu.edu.au/study/scholarships/find-a-scholarship/rses-opportunity-scholarship	www.anu.edu.au	200	RSES Opportunity Scholarship | The Australian National University	title match 2/2
Grace Groom Memorial Scholarship at Australian National University 2026	grace-groom-memorial-scholarship-at-australian-national-university-2026	Mental Health Australia Ltd.	https://www.anu.edu.au/study/scholarships/find-a-scholarship/grace-groom-memorial-scholarship	www.anu.edu.au	200	Grace Groom Memorial Scholarship | The Australian National University	title match 7/7
David and Veronica Craig PhD Scholarship at ANU 2026	david-and-veronica-craig-phd-scholarship-at-anu-2026	Australian National University (ANU)	https://www.anu.edu.au/study/scholarships/find-a-scholarship/david-and-veronica-craig-phd-scholarship	www.anu.edu.au	200	David and Veronica Craig PhD Scholarship | The Australian National University	title match 4/4
APSA Ralph Bunche Summer Institute	apsa-ralph-bunche-summer-institute-phbunche	Duke University	http://www.apsanet.org/rbsi	www.apsanet.org	200	Ralph Bunche Summer Institute - American Political Science Association (APSA)	title match 4/4
Award For Outstanding Work In Digital Archaeology at Archaeological Institute of America 2026	award-for-outstanding-work-in-digital-archaeology-at-archaeological-institute-of-america-2026	Archaeological Institute of America	https://www.archaeological.org/grant/digital-archaeology-award/	www.archaeological.org	200	Award for Outstanding Work in Digital Archaeology - Archaeological Institute of America	title match 7/7
The Archaeology of Portugal Fellowship 2026	the-archaeology-of-portugal-fellowship-2026	Archaeological Institute of America	https://www.archaeological.org/grant/archaeology-of-portugal-fellowship/	www.archaeological.org	200	The Archaeology of Portugal Fellowship - Archaeological Institute of America	title match 3/3
International Community Scholarship (Postgraduate) at Aston University 2026	international-community-scholarship-postgraduate-at-aston-university-2026	Aston University, Birmingham	https://www.aston.ac.uk/international/scholarships	www.aston.ac.uk	200	International Scholarships | Aston University	title match 4/6
ATU Global Entry Scholarship at Atlantic Technological University 2026	atu-global-entry-scholarship-at-atlantic-technological-university-2026	Atlantic Technological University (ATU)	https://www.atu.ie/study/fees-and-funding/scholarships/non-eu-scholarships	www.atu.ie	200	Non-EU Scholarships - Atlantic Technological University	title match 4/6
American University of Cairo - Abdulhadi H. Taher Endowed Scholarships 2026	american-university-of-cairo-abdulhadi-h-taher-endowed-scholarships-2026	The American University in Cairo	https://www.aucegypt.edu/giving/named-scholarships#:~:text=If%20there%20are%20no%20students,tuition%2C%20fees%2C%20and%20stipend.	www.aucegypt.edu	200	Named Scholarships | The American University in Cairo	title match 4/7
Hermann F. Eilts Scholarship at American University of Cairo 2026	hermann-f-eilts-scholarship-at-american-university-of-cairo-2026	The American University in Cairo	https://www.aucegypt.edu/admissions/scholarships/international-non-degree#hermanelits	www.aucegypt.edu	200	Scholarships for Visiting International Students | The American University in Cairo	title match 4/6
Pears-Britten Award in Singing at University of Auckland 2026	pears-britten-award-in-singing-at-university-of-auckland-2026	University of Auckland	https://www.auckland.ac.nz/en/study/scholarships-and-awards/find-a-scholarship/pears-britten-award-in-singing-73-cai.html	www.auckland.ac.nz	200	Pears-Britten Award in Singing – University of Auckland	title match 6/6
University of Auckland MBChB Graduate Entry - International Student Scholarship 2026	university-of-auckland-mbchb-graduate-entry-international-student-scholarship-2026	University of Auckland	https://www.auckland.ac.nz/en/study/scholarships-and-awards/find-a-scholarship/uoa-mbchb-graduate-entry-international-student-scholarship-949-fmhs.html	www.auckland.ac.nz	200	University of Auckland MBChB Graduate Entry - International Student Scholarship – University of Auckland	title match 8/8
University of Auckland Architecture Centenary Award 2026	university-of-auckland-architecture-centenary-award-2026	University of Auckland	https://www.auckland.ac.nz/en/study/scholarships-and-awards/find-a-scholarship/architecture-centenary-award-p162-cai.html	www.auckland.ac.nz	200	Architecture Centenary Award – University of Auckland	title match 5/5
Augustana University Diversity Scholarship 2026	augustana-university-diversity-scholarship-2026	Augustana University	https://www.augie.edu/admission-aid/financial-aid-costs-scholarships/additional-scholarships	www.augie.edu	200	Additional Scholarships | Augustana University	title match 3/4
Australia Awards Masters Scholarships for Africa	australia-awards-masters-scholarships-for-africa-s4d	Australian Government	http://www.australiaawardsafrica.org/	www.australiaawardsafrica.org	200	Home - Australia Awards Africa	title match 3/5
International Scholarship Programme of the Avicenna Studienwerk	international-scholarship-programme-of-the-avicenna-studienwerk-daad	DAAD	https://www.avicenna-studienwerk.de/internationales-stipendienprogramm/	www.avicenna-studienwerk.de	200	Internationales Stipendienprogramm (ISP) &#8211; Avicenna-Studienwerk e.V.	title match 3/5
Women’s Leadership Scholarship for International Students at Babson College 2026	women-s-leadership-scholarship-for-international-students-at-babson-college-2026	Babson College	https://www.babson.edu/admission/tuition-and-financial-aid/undergraduate/merit-awards/womens-leadership-scholarship/	www.babson.edu	200	Women&rsquo;s Leadership Scholarship | Babson College	title match 5/7
Presidential Scholarships for International Students at Babson College 2026	presidential-scholarships-for-international-students-at-babson-college-2026	Babson College	https://www.babson.edu/admission/tuition-and-financial-aid/undergraduate/merit-awards/presidential-scholars/	www.babson.edu	200	Presidential Scholars | Babson College	title match 3/6
Alumni Scholarship at Bangor University 2026	alumni-scholarship-at-bangor-university-2026	Bangor University (Prifysgol Bangor)	https://www.bangor.ac.uk/international/future/alumni_scholarship	www.bangor.ac.uk	200	Alumni Scholarship | Bangor University	title match 4/4
International Scholarships at Bangor University 2026	international-scholarships-at-bangor-university-2026	Bangor University (Prifysgol Bangor)	https://www.bangor.ac.uk/international/future/international-scholarship	www.bangor.ac.uk	200	International Scholarships | Bangor University	title match 4/4
International Awards at Bates College, 2026	international-awards-at-bates-college-2026	Bates College	https://www.bates.edu/financial-services/financial-aid/international-undergraduates/	www.bates.edu	200	International Students | Student Financial Services | Bates College	title match 3/4
Birkbeck International Excellence Scholarships at Birkbeck, University of London 2026	birkbeck-international-excellence-scholarships-at-birkbeck-university-of-london-2026	Birkbeck, University of London	https://www.bbk.ac.uk/international/finance/birkbeck-international-excellence-scholarship	www.bbk.ac.uk	200	Birkbeck International Excellence Scholarship (January intake) - Birkbeck, University of London	title match 6/7
Vice Chancellors International Scholarship at Birkbeck, University of London 2026	vice-chancellors-international-scholarship-at-birkbeck-university-of-london-2026	Birkbeck, University of London	https://www.bbk.ac.uk/international/finance/vice-chancellors-international-scholarship	www.bbk.ac.uk	200	Vice Chancellor's International Scholarship - Birkbeck, University of London	title match 5/6
International Merit-based Scholarship (Postgraduate) at Birmingham City University 2026	international-merit-based-scholarship-postgraduate-at-birmingham-city-university-2026	Birmingham City University	https://www.bcu.ac.uk/international/fees-costs-and-scholarships/scholarships/postgraduate	www.bcu.ac.uk	200	International Postgraduate Scholarships | Birmingham City University	title match 5/7
International Undergraduate Scholarships at Birmingham City University 2025	international-undergraduate-scholarships-at-birmingham-city-university-2025	Birmingham City University	https://www.bcu.ac.uk/international/fees-costs-and-scholarships/scholarships/undergraduate	www.bcu.ac.uk	200	International Undergraduate Scholarships | Birmingham City University	title match 5/5
Deans Award at Beloit College 2026	deans-award-at-beloit-college-2026	Beloit College	https://www.beloit.edu/admission/tuition-aid/scholarships/#:~:text=The%20Eaton%20Scholarship%20recognizes%20students,up%20to%20%2432%2C000%20per%20year.	www.beloit.edu	200	Scholarships  • Admissions  • Beloit College	title match 2/4
The Eaton Scholarship at Beloit College 2026	the-eaton-scholarship-at-beloit-college-2026	Beloit College	https://www.beloit.edu/admission/tuition-aid/scholarships/#:~:text=The%20Eaton%20Scholarship%20recognizes%20students,up%20to%20%2432%2C000%20per%20year.	www.beloit.edu	200	Scholarships  • Admissions  • Beloit College	title match 3/4
Boehringer Ingelheim Fonds: PhD Fellowships	boehringer-ingelheim-fonds-phd-fellowships-daad	Boehringer Ingelheim Fonds	https://www.bifonds.de/fellowships-grants/phd-fellowships.html	www.bifonds.de	200	PhD fellowships - Boehringer Ingelheim Fonds	title match 4/4
Boehringer Ingelheim Fonds: Travel Grants	boehringer-ingelheim-fonds-travel-grants-daad	Boehringer Ingelheim Fonds	https://www.bifonds.de/fellowships-grants/travel-grants.html	www.bifonds.de	200	Travel grants - Boehringer Ingelheim Fonds	title match 5/5
Keller BLOOM Program in Ocean Science	keller-bloom-program-in-ocean-science	Bigelow Laboratory for Ocean Sciences	https://www.bigelow.org/education/bloom.html	www.bigelow.org	200	Bloom - Bigelow Laboratory for Ocean Sciences	title match 3/5
Jinan University - University of Birmingham Joint Scholarship at University of Birmingham 2026	jinan-university-university-of-birmingham-joint-scholarship-at-university-of-birmingham-2026	University of Birmingham, Dubai	https://www.birmingham.ac.uk/dubai/study/fees/scholarships	www.birmingham.ac.uk	200	Scholarships at the University of Birmingham Dubai - University of Birmingham Dubai	title match 6/8
Secure Your Spot Scholarship at University of Birmingham, Dubai 2026	secure-your-spot-scholarship-at-university-of-birmingham-dubai-2026	University of Birmingham, Dubai	https://www.birmingham.ac.uk/dubai/study/fees/scholarships	www.birmingham.ac.uk	200	Scholarships at the University of Birmingham Dubai - University of Birmingham Dubai	title match 4/5
BITS Pilani Dubai Scholarships (B.E. Scholarships) 2026	bits-pilani-dubai-scholarships-b-e-scholarships-2026	Birla Institute of Technology and Science (BITS) Pilani, Dubai	https://www.bits-dubai.ac.ae/admissions/#1608267983718-5d9961cb-1d56	www.bits-dubai.ac.ae	200	BITS Pilani &#8211; Best Universities in Dubai	title match 2/4
Summer Program in Molecular Biosciences	summer-program-in-molecular-biosciences	Colorado State University	https://www.bmb.colostate.edu/reu-program-description/	www.bmb.colostate.edu	200	Program Description &#8211; Department of Biochemistry and Molecular Biology | CSU	title match 2/4
Hands-on research in Genomics and Computational Biology	hands-on-research-in-genomics-and-computational-biology-genetics	University of Georgia	https://www.bmb.uga.edu/fungal-genomics-and-computational-biology	www.bmb.uga.edu	200	Genomics and Computational Biology | Biochemistry &amp; Molecular Biology	title match 3/5
Hands-on research in Genomics and Computational Biology	hands-on-research-in-genomics-and-computational-biology	Clark Atlanta University	https://www.bmb.uga.edu/fungal-genomics-and-computational-biology	www.bmb.uga.edu	200	Genomics and Computational Biology | Biochemistry &amp; Molecular Biology	title match 3/5
Alumni Discount Scheme at University of Bradford 2026	alumni-discount-scheme-at-university-of-bradford-2026	University of Bradford	https://www.bradford.ac.uk/scholarships/alumni-discount-scheme-2026-27	www.bradford.ac.uk	200	Alumni Discount Scheme (2026/27) - University of Bradford	title match 5/5
Postgraduate Bursary at University of Bradford 2026	postgraduate-bursary-at-university-of-bradford-2026	University of Bradford	https://www.bradford.ac.uk/scholarships/postgraduate-bursary-2026-27/	www.bradford.ac.uk	200	Postgraduate Bursary (2026/27) - University of Bradford	title match 4/4
University of Bridgeport General Academic Scholarships 2026	university-of-bridgeport-general-academic-scholarships-2026	University of Bridgeport	https://www.bridgeport.edu/admissions/international/scholarships	www.bridgeport.edu	200	Scholarships and Financial Aid | University of Bridgeport	title match 3/5
Presidential Scholarship at University Of Bridgeport 2026	presidential-scholarship-at-university-of-bridgeport-2026	University of Bridgeport	https://www.bridgeport.edu/cost-financial-aid/financial-aid/types-of-aid	www.bridgeport.edu	200	Scholarships and Financial Aid | University of Bridgeport	title match 3/4
Alumni postgraduate scholarships at University Of Brighton 2026	alumni-postgraduate-scholarships-at-university-of-brighton-2026	University of Brighton	https://www.brighton.ac.uk/studying-here/fees-and-finance/postgraduate/international-students/scholarships/alumni-postgraduate-scholarships.aspx	www.brighton.ac.uk	200	Alumni postgraduate scholarships	title match 3/5
University of Brighton Sports Scholarships 2026	university-of-brighton-sports-scholarships-2026	University of Brighton	https://www.brighton.ac.uk/brighton-students/your-student-life/finances/scholarships/sports-scholarships.aspx	www.brighton.ac.uk	200	University of Brighton sports scholarships	title match 4/4
The Bob Savage Memorial Fund at University of Bristol 2026	the-bob-savage-memorial-fund-at-university-of-bristol-2026	University of Bristol	https://www.bristol.ac.uk/students/support/finances/scholarships/bob-savage/	www.bristol.ac.uk	200	Bob Savage Memorial Fund | Current students | University of Bristol	title match 4/4
Monica Wills Chapel Organ Scholarship at University of Bristol 2026	monica-wills-chapel-organ-scholarship-at-university-of-bristol-2026	University of Bristol	https://www.bristol.ac.uk/music/study/scholarships/monica-wills-chapel-organ-scholarship/	www.bristol.ac.uk	200	Monica Wills Chapel Organ Scholarship | Department of Music | University of Bristol	title match 7/7
Humanitarian Action and Peacebuilding Scholarship at Oxford Brookes University 2026	humanitarian-action-and-peacebuilding-scholarship-at-oxford-brookes-university-2026	Oxford Brookes University	https://www.brookes.ac.uk/study/funding/humanitarian-action-and-peacebuilding-scholarship	www.brookes.ac.uk	200	Humanitarian Action and Peacebuilding Scholarship - Oxford Brookes University	title match 7/7
Transition from Care Bursary at Oxford Brookes University 2026	transition-from-care-bursary-at-oxford-brookes-university-2026	Oxford Brookes University	https://www.brookes.ac.uk/study/funding/transition-from-care-bursary	www.brookes.ac.uk	200	Transition from Care Bursary - Oxford Brookes University	title match 5/5
The Vice Chancellor’s Postgraduate International Excellence Award at Brunel University 2026	the-vice-chancellor-s-postgraduate-international-excellence-award-at-brunel-university-2026	Brunel University London	https://www.brunel.ac.uk/scholarships/the-vice-chancellors-excellence-award-terms-and-conditions-202526	www.brunel.ac.uk	200	The Vice Chancellor’s Postgraduate International Excellence Award	title match 5/7
Brunel University London Early Payment Discount 2026	brunel-university-london-early-payment-discount-2026	Brunel University London	https://www.brunel.ac.uk/scholarships/page?id=27bdbb29-1840-4669-acf0-0ffddfc26672	www.brunel.ac.uk	200	Early Payment Discount	title match 3/6
UPF-BSM Merit Based Scholarship	upf-bsm-merit-based-scholarship-es	UPF Barcelona School of Management (Universitat Pompeu Fabra)	https://www.bsm.upf.edu/en/talent-scholarship	www.bsm.upf.edu	200	Merit Based Scholarship | UPF-BSM	title match 3/3
Ball State University International Distinction Scholarship 2026	ball-state-university-international-distinction-scholarship-2026	Ball State University	https://www.bsu.edu/admissions/financial-aid-and-scholarships/types/scholarships#accordion_internationalachievementscholarship	www.bsu.edu	200	Scholarships | Financial Aid and Scholarships | Ball State University	title match 3/5
Ball State Scholars Award at Ball State University 2026	ball-state-scholars-award-at-ball-state-university-2026	Ball State University	https://www.bsu.edu/admissions/financial-aid-and-scholarships/types/scholarships#tab_ballstatescholarships	www.bsu.edu	200	Scholarships | Financial Aid and Scholarships | Ball State University	title match 4/5
BTH Scholarships	bth-scholarships-se	BTH	https://www.bth.se/english/education/application-and-admission/scholarships	www.bth.se	200	Scholarships

		 | Blekinge Tekniska Högskola	title match 1/1
Center for Multiscale & Translational Mechanobiology Postdoctoral Research Fellow	center-for-multiscale-translational-mechanobiology-postdoctoral-research-fellow	Boston University	http://www.bu.edu/mechanobiology/programs/postdoctoral-fellowships/	www.bu.edu	200	CMTM Postdoc, CMTM open positions | Center for Multiscale &amp; Translational Mechanobiology	title match 4/7
International Undergraduate High Achiever Scholarship at University of Buckingham 2026	international-undergraduate-high-achiever-scholarship-at-university-of-buckingham-2026	The University of Buckingham	https://www.buckingham.ac.uk/bursaries-and-scholarships/#auto	www.buckingham.ac.uk	200	Scholarships and Bursaries | University of Buckingham	title match 3/6
Postgraduate First-Class Scholarship at University of Buckingham 2026	postgraduate-first-class-scholarship-at-university-of-buckingham-2026	The University of Buckingham	https://www.buckingham.ac.uk/admissions/scholarships/postgraduate-first-class	www.buckingham.ac.uk	200	Postgraduate First-Class Scholarship | University of Buckingham	title match 6/6
Institute for Strategic Enhancement of Educational Diversity (iSEED) Summer Research Experience	institute-for-strategic-enhancement-of-educational-diversity-iseed-summer-research-experience	State University of New York (SUNY), Buffalo	http://www.buffalo.edu/iseed/undergraduate-students/iseed-summer-program-details.html	www.buffalo.edu	200	iSEED Summer Program Details - Institute for Strategic Enhancement of Educational Diversity - University at Buffalo	title match 7/9
Paid Undergraduate Summer Research Program in Biosciences - CLIMB UP	paid-undergraduate-summer-research-program-in-biosciences-climb-up	State University of New York (SUNY), Buffalo	https://www.buffalo.edu/climb/climb-up.html	www.buffalo.edu	200	CLIMB Undergraduate Program - The CLIMB Program: Collaborative Learning and Mentoring in the Biosciences at the University at Buffalo - University at Buffalo	title match 4/6
College of Business Scholarships at Mississippi State University 2026	college-of-business-scholarships-at-mississippi-state-university-2026	Mississippi State University	https://www.business.msstate.edu/future-students/scholarships-financial-aid/college-business-scholarships	www.business.msstate.edu	200	Scholarships &amp; Financial Aid | College of Business	title match 3/6
Academic Scholarship Program at Butler University 2026	academic-scholarship-program-at-butler-university-2026	Butler University	https://www.butler.edu/admission-aid/financial-aid-scholarships/first-year/	www.butler.edu	200	First-Year Aid &amp; Scholarships | Butler University	title match 3/5
Baden-W&uuml;rttemberg Stiftung: The Baden-W&uuml;rttemberg-STIPENDIUM for Students	baden-wanduuml-rttemberg-stiftung-the-baden-wanduuml-rttemberg-stipendium-for-students-daad	Baden-W&uuml;rttemberg Stiftung	https://www.bw-stipendium.de/de/stipendien/bws-fuer-studierende	www.bw-stipendium.de	200	BWS für Studierende - Baden-Württemberg-STIPENDIUM	title match 5/7
Summer Systematics Institute (SSI) REU	summer-systematics-institute-ssi-reu	California Academy of Sciences	https://www.calacademy.org/summer-systematics-institute	www.calacademy.org	200	Summer Systematics Institute Internship for Undergrads	title match 3/3
Aker Cambridge Scholarship at the University of Cambridge 2026	aker-cambridge-scholarship-at-the-university-of-cambridge-2026	University of Cambridge	https://www.cambridgetrust.org/scholarship/aker-scholarship-at-university-of-cambridge/	www.cambridgetrust.org	200	Aker Cambridge Scholarship - The Cambridge Trust	title match 3/4
Cambridge Trust International Scholarship at University of Cambridge 2026	cambridge-trust-international-scholarship-at-university-of-cambridge-2026	University of Cambridge	https://www.cambridgetrust.org/scholarships/cambridge-international-scholarship	www.cambridgetrust.org	200	The Cambridge Trust	title match 3/6
UC High Achievers Scholarships at University of Canberra 2026	uc-high-achievers-scholarships-at-university-of-canberra-2026	University of Canberra, Canberra	https://www.canberra.edu.au/scholarship/uc-high-achievers.html	www.canberra.edu.au	200	UC High Achievers Scholarships - University of Canberra	title match 4/4
International Partnership Scholarship at University of Canberra 2026	international-partnership-scholarship-at-university-of-canberra-2026	University of Canberra, Canberra	https://www.canberra.edu.au/future-students/apply-to-uc/international-student-applications	www.canberra.edu.au	200	International student applications - University of Canberra	title match 3/5
International Entrance and Performance Award (IEPA) at Capilano University 2026	international-entrance-and-performance-award-iepa-at-capilano-university-2026	Capilano University, Canada	https://www.capilanou.ca/admissions/fees--finances/financial-aid--awards/funding-for-international-students/	www.capilanou.ca	200	Funding for International Students - Capilano University	title match 3/6
Fitzgerald Entrance Scholarships at Cape Breton University 2026	fitzgerald-entrance-scholarships-at-cape-breton-university-2026	Cape Breton University (CBU), Canada	https://www.cbu.ca/future-students/scholarships-bursaries/	www.cbu.ca	200	Scholarships &amp; Bursaries - Cape Breton University : Cape Breton University	title match 3/5
Provost Scholarship at Columbia College 2026	provost-scholarship-at-columbia-college-2026	Columbia College (Missouri)	https://www.ccis.edu/tuition-financial-aid/scholarships/traditional#competitiveScholarships	www.ccis.edu	200	Scholarships for Traditional Students | Columbia College	title match 3/4
Presidential Scholarship at Columbia College 2026	presidential-scholarship-at-columbia-college-2026	Columbia College (Missouri)	https://www.ccis.edu/tuition-financial-aid/scholarships/traditional#freshmanScholarships	www.ccis.edu	200	Scholarships for Traditional Students | Columbia College	title match 3/4
Dili International School Scholarship at Charles Darwin University 2025	dili-international-school-scholarship-at-charles-darwin-university-2025	Charles Darwin University	https://www.cdu.edu.au/international/how-apply/scholarships	www.cdu.edu.au	200	International student scholarships | Charles Darwin University	title match 5/6
International Need-Based Scholarships at Cedarville University 2026	international-need-based-scholarships-at-cedarville-university-2026	Cedarville University	https://www.cedarville.edu/financialaid/International-Need-Based-Scholarships-Freshmen	www.cedarville.edu	200	International Need-Based Scholarship - Freshmen | Cedarville University	title match 4/5
Research Science Institute (RSI)	research-science-institute-rsi	Massachusetts Institute of Technology (MIT)	https://www.cee.org/programs/research-science-institute	www.cee.org	200	Research Science Institute | Center for Excellence in Education	title match 3/3
Postdoctoral Fellowships at Centre for Materials Forming 2026	postdoctoral-fellowships-at-centre-for-materials-forming-2026	Center For Material Forming (CEMEF)	https://www.cemef.minesparis.psl.eu/en/postdoctorate/	www.cemef.minesparis.psl.eu	200	Postdoctoral fellowships - Centre de mise en forme des matériaux	title match 3/5
Entrance Scholarships for International Students at Centennial College 2026	entrance-scholarships-for-international-students-at-centennial-college-2026	Centennial College	https://www.centennialcollege.ca/international-education/scholarships/entrance-scholarships-for-international-students	www.centennialcollege.ca	200	Centennial College - Entrance Scholarships for International Students	title match 6/6
SAO HEA/SSP Solar Physics REU Program	sao-hea-ssp-solar-physics-reu-program	Harvard University	https://www.cfa.harvard.edu/opportunities/solar_reu/	www.cfa.harvard.edu	200	SAO/NSF Solar REU Program | Center for Astrophysics | Harvard &amp; Smithsonian	title match 3/3
SAO Astronomy Summer Intern Program	sao-astronomy-summer-intern-program	Smithsonian Astrophysical Observatory	https://www.cfa.harvard.edu/opportunities/graduate-undergraduate-programs/reu-summer-intern-program	www.cfa.harvard.edu	200	SAO Astronomy Summer Intern Program (Astro REU) | Center for Astrophysics | Harvard &amp; Smithsonian	title match 4/4
Chalmers University of Technology scholarships	chalmers-university-of-technology-scholarships-se	Chalmers University of Technology	http://www.chalmers.se/en/education/fees-finance/Pages/scholarships.aspx	www.chalmers.se	200	Scholarships for fee-paying students | Chalmers	title match 2/4
Rolf Sörmans fond at Chalmers University of Technology 2025	rolf-s-rmans-fond-at-chalmers-university-of-technology-2025	Chalmers University of Technology	https://www.chalmers.se/en/education/study-at-chalmers/student-life/scholarships-for-enrolled-students/rolf-sormans-fond/	www.chalmers.se	200	Rolf Sörmans fond | Chalmers	title match 2/4
International Alumni Scholarship at University of Chester 2026	international-alumni-scholarship-at-university-of-chester-2026	University of Chester	https://www.chester.ac.uk/international/fees-scholarships-and-finance/scholarships/	www.chester.ac.uk	200	Scholarships | University of Chester	title match 3/5
Presidential  Scholarship at Clark University, 2025	presidential-scholarship-at-clark-university-2025	Clark University	https://www.clarku.edu/offices/financial-aid/scholarships/	www.clarku.edu	200	Scholarships | Undergraduate Financial Assistance | Clark University	title match 3/4
Cornell Laboratory for Accelerator-based Sciences and Education REU (CLASSE)	cornell-laboratory-for-accelerator-based-sciences-and-education-reu-classe	Cornell University	https://www.classe.cornell.edu/StudentOpportunities/ReuProgram.html	www.classe.cornell.edu	200	Research Experiences for Undergraduates (REU) | Cornell Laboratory for Accelerator-based ScienceS and Education (CLASSE)	title match 7/7
Scholarship for Students from War Affected Countries at Clermont School of Business 2026	scholarship-for-students-from-war-affected-countries-at-clermont-school-of-business-2026	Clermont School of Business	https://www.clermont-sb.fr/en/scholarships/	www.clermont-sb.fr	200	Scholarships and Funding - Clermont School of Business	title match 4/7
Fondazione C.M. Lerici	fondazione-c-m-lerici-se	Fondazione C.M. Lerici	https://www.cmlerici.se/	www.cmlerici.se	200	C.M. Lerici Foundation	title match 1/2
The Coca-Cola Scholars Program Scholarship	the-coca-cola-scholars-program-scholarship	Coca-Cola Scholars Foundation	https://www.coca-colascholarsfoundation.org/apply/#programs	www.coca-colascholarsfoundation.org	200	Apply to be a Coke Scholar - $20,000 College Scholarship	title match 2/3
International Scholarships at Coe College 2025	international-scholarships-at-coe-college-2025	Coe College	https://www.coe.edu/admission/international-students/tuition-fees-scholarships	www.coe.edu	200	International Student Financial Aid &amp; Scholarships | Coe College	title match 3/3
Coe College REU/RET program	coe-college-reu-ret-program	Coe College	https://www.coe.edu/academics/coe-difference-centers-and-programs/nsf-research-experiences	www.coe.edu	200	NSF Research Experiences | Coe College	title match 1/2
Colfuturo	colfuturo-se	Colfuturo	https://www.colfuturo.org/	www.colfuturo.org	200	COLFUTURO	title match 1/1
Chancellor’s Postdoctoral Fellowship for Diversity Program	chancellor-s-postdoctoral-fellowship-for-diversity-program	University of Colorado, Boulder	https://www.colorado.edu/postdoctoralaffairs/current-postdocs/chancellors-postdoctoral-fellowship-diversity-program	www.colorado.edu	200	Chancellor’s Postdoctoral Fellowship | Postdoctoral Affairs | University of Colorado Boulder	title match 3/5
REU: Physics	reu-physics	University of Colorado, Boulder	https://www.colorado.edu/physics-jila-reu/	www.colorado.edu	200	Home | Physics/JILA REU Program | University of Colorado Boulder	title match 1/1
International Student Services Scholarship at Columbus State University 2026	international-student-services-scholarship-at-columbus-state-university-2026	Columbus State University	https://www.columbusstate.edu/global/international-students/scholarships/iss-scholarship.php	www.columbusstate.edu	200	International Student Services Scholarship - Columbus State University	title match 7/7
Conestoga College Continuing Degree Scholarships at Conestoga College 2027	conestoga-college-continuing-degree-scholarships-at-conestoga-college-2027	Conestoga College Institute of Technology and Advanced Learning, Canada	https://www.conestogac.on.ca/student-financial-services/awards?AwardsSearchFilter=conestoga+college+degree	www.conestogac.on.ca	200	Awards | Student Financial Services | Conestoga College	title match 4/7
A Voice for Gender Equity Award at Conestoga College 2026	a-voice-for-gender-equity-award-at-conestoga-college-2026	Conestoga College Institute of Technology and Advanced Learning, Canada	https://www.conestogac.on.ca/student-financial-services/awards	www.conestogac.on.ca	200	Awards | Student Financial Services | Conestoga College	title match 3/6
Becas Chile scholarship programme	becas-chile-scholarship-programme-se	Becas Chile scholarship programme	https://www.conicyt.cl/becasconicyt/	www.conicyt.cl	200	Becas para Estudios de Postgrado en Chile y en el Extranjero | Programa Formación de Capital Humano Avanzado	title match 2/4
Copernicus Hamburg: Copernicus Fellowship Programme	copernicus-hamburg-copernicus-fellowship-programme-daad	Copernicus Hamburg	https://www.copernicus-stipendium.de/de/stipendium/	www.copernicus-stipendium.de	200	Stipendium | Copernicus Stipendium Hamburg	title match 3/5
Coral Conservation and Reef Restoration Internship	coral-conservation-and-reef-restoration-internship	Coral Restoration Foundation	https://www.coralrestoration.org/internships	www.coralrestoration.org	200	Internships - Coral Restoration Foundation	title match 3/4
The Cosmos Club Foundation Grant Program 2026	the-cosmos-club-foundation-grant-program-2026	Cosmos Club Foundation	https://www.cosmosclubfoundation.org/grants-awards/recent-named-grant-recipients/	www.cosmosclubfoundation.org	200	Recent Named Grant Recipients | Cosmos Club Foundation	title match 3/4
Vice-Chancellor Postgraduate Scholarship at Coventry University 2026	vice-chancellor-postgraduate-scholarship-at-coventry-university-2026	Coventry University, Coventry campus	https://www.coventry.ac.uk/international-students-hub/apply-for-a-scholarship/postgraduate-vice-chancellors-scholarship/	www.coventry.ac.uk	200	Vice-Chancellor Postgraduate Scholarship 2025/26 | Coventry University	title match 5/5
EU Support Bursary at Coventry University, 2026	eu-support-bursary-at-coventry-university-2026	Coventry University, Coventry campus	https://www.coventry.ac.uk/international-students-hub/apply-for-a-scholarship/eu-support-bursary/	www.coventry.ac.uk	200	EU Support Bursary | Coventry University	title match 4/4
International Student Scholarship (ISS) at Central Queensland University 2024	international-student-scholarship-iss-at-central-queensland-university-2024	Central Queensland University (CQ University), Australia	https://www.cqu.edu.au/study/prepare/scholarships/find-a-scholarship/745776/international-student-scholarship	www.cqu.edu.au	200	International Merit Scholarship - CQUniversity	title match 3/6
CQUniCares Emergency Grant at Central Queensland University 2026	cqunicares-emergency-grant-at-central-queensland-university-2026	Central Queensland University (CQ University), Australia	https://www.cqu.edu.au/study/prepare/scholarships/find-a-scholarship/745954/cqunicares-emergency-grant	www.cqu.edu.au	200	CQU Cares Emergency Grant - CQUniversity	title match 3/6
Mitton Scholarship at Crandall University 2026	mitton-scholarship-at-crandall-university-2026	Crandall University, Moncton	https://www.crandallu.ca/money-matters/scholarships/#1574871955828-df9d5cb2-c8d1	www.crandallu.ca	200	Scholarships, Awards &amp; Bursaries &#8211; Crandall University	title match 3/4
Garnet and Kay Wheaton Leadership Scholarship at Crandall University 2026	garnet-and-kay-wheaton-leadership-scholarship-at-crandall-university-2026	Crandall University, Moncton	https://www.crandallu.ca/money-matters/scholarships/#1574871955828-df9d5cb2-c8d1	www.crandallu.ca	200	Scholarships, Awards &amp; Bursaries &#8211; Crandall University	title match 3/6
Changemaker Bursary at Cranfield University 2025	changemaker-bursary-at-cranfield-university-2025	Cranfield University	https://www.cranfield.ac.uk/som/funding/changemaker-bursary	www.cranfield.ac.uk	200	Changemaker Bursary	title match 2/4
Frank Whittle scholarships for the Cranfield Thermal Power MSc 2026	frank-whittle-scholarships-for-the-cranfield-thermal-power-msc-2026	Cranfield University	https://www.cranfield.ac.uk/funding/funding-opportunities/frank-whittle-scholarship	www.cranfield.ac.uk	200	Frank Whittle scholarships for the Cranfield Thermal Power MSc	title match 6/6
DSTI CSIR, Inter programme Bursary Scheme 2026	dsti-csir-inter-programme-bursary-scheme-2026	Council of Scientific & Industrial Research (CSIR), India	https://www.csir.co.za/dsi-csir-inter-bursary-support-programme#:~:text=Students%20approved%20for%20or%20registered,4th%20year%20Engineering%2FPostgraduate%20Diploma	www.csir.co.za	200	Department of Science, Technology and Innovation Inter-Programme Bursary Scheme | CSIR	title match 4/4
Special Talent Scholarship at Canadian University Dubai 2026	special-talent-scholarship-at-canadian-university-dubai-2026	Canadian University Dubai (CUD)	https://www.cud.ac.ae/scholarships#special-talent	www.cud.ac.ae	200	Scholarships in Dubai | Canadian University Dubai	title match 4/6
Academic Excellence Scholarship at Canadian University Dubai 2026	academic-excellence-scholarship-at-canadian-university-dubai-2026	Canadian University Dubai (CUD)	https://www.cud.ac.ae/scholarships#academic-excellence	www.cud.ac.ae	200	Scholarships in Dubai | Canadian University Dubai	title match 4/6
University of Cumbria Global Undergraduate Scholarships 2026	university-of-cumbria-global-undergraduate-scholarships-2026	University of Cumbria, Carlisle	https://www.cumbria.ac.uk/study/international-students/fees-and-finance/scholarships-bursaries-and-discounts/	www.cumbria.ac.uk	200	International Scholarships and Bursaries | University of Cumbria	title match 3/5
Air Force Association CyberCamp	air-force-association-cybercamp	University of Pennsylvania	https://www.cyber.pitt.edu/cybercamp	www.cyber.pitt.edu	200	Air Force Association CyberCamp | Pitt Cyber	title match 3/3
Air Force Association CyberCamp	air-force-association-cybercamp-ybercamp	University of Pittsburgh	https://www.cyber.pitt.edu/cybercamp	www.cyber.pitt.edu	200	Air Force Association CyberCamp | Pitt Cyber	title match 3/3
Glendon Chase McCormick Scholarship at Dalhousie University 2026	glendon-chase-mccormick-scholarship-at-dalhousie-university-2026	Dalhousie University	https://www.dal.ca/faculty/gradstudies/finance-your-studies/scholarships-bursaries/glendon-chase-mccormick.html	www.dal.ca	200	Glendon Chase McCormick Scholarship | Faculty of Graduate Studies | Dalhousie University	title match 6/6
FGS Emergency Bursary at Dalhousie University 2026	fgs-emergency-bursary-at-dalhousie-university-2026	Dalhousie University	https://www.dal.ca/faculty/gradstudies/finance-your-studies/scholarships-bursaries/emergency-bursary.html	www.dal.ca	200	FGS Emergency Bursary | Faculty of Graduate Studies | Dalhousie University	title match 4/4
REU at the Danford Plant Science Center	reu-at-the-danford-plant-science-center	Don Danforth Plant Science Center	https://www.danforthcenter.org/our-work/education-outreach/undergraduate-program/internship-program/	www.danforthcenter.org	200	Research Experience for Undergraduates | Danforth Plant Science Center	title match 3/4
Dublin Business School Scholarships (Partial) 2026	dublin-business-school-scholarships-partial-2026	Dublin Business School	https://www.dbs.ie/international-students/international-non-eu-students/scholarships	www.dbs.ie	200	DBS Scholarships | Dublin Business School	title match 4/5
DCU Merit Scholarship 2026	dcu-merit-scholarship-2026	Dublin City University	https://www.dcu.ie/global/international-faculty-scholarshipsbursaries	www.dcu.ie	200	International Scholarships	title match 1/2
Penn Dental Medicine Dean’s Scholarship at University of Pennsylvania 2026	penn-dental-medicine-dean-s-scholarship-at-university-of-pennsylvania-2026	University of Pennsylvania	https://www.dental.upenn.edu/admissions-academics/financial-aid/dmd-penn-dental-medicine-financial-aid/	www.dental.upenn.edu	200	Dean&#039;s Scholarship - Penn Dental Medicine	title match 3/5
State Scholar Plus Scholarship at DePaul University 2026	state-scholar-plus-scholarship-at-depaul-university-2026	DePaul University	https://www.depaul.edu/tuition-and-aid/scholarships	www.depaul.edu	200	Scholarships | DePaul University - Chicago, IL	title match 4/5
South-East Asia Scholarship at University of Derby 2026	south-east-asia-scholarship-at-university-of-derby-2026	University of Derby	https://www.derby.ac.uk/study/fees-finance/scholarships/	www.derby.ac.uk	200	Scholarships for international students - Fees and finance - University of Derby	title match 3/4
Full Payment Discount at University of Derby 2026	full-payment-discount-at-university-of-derby-2026	University of Derby	https://www.derby.ac.uk/study/fees-finance/scholarships/	www.derby.ac.uk	200	Scholarships for international students - Fees and finance - University of Derby	title match 2/4
Developing Future Biologists	developing-future-biologists	University of Michigan	https://www.developingfuturebiologists.com/	www.developingfuturebiologists.com	200	Developing Future Biologists	title match 3/3
The D. H. Chen Foundation Scholarship 2026	the-d-h-chen-foundation-scholarship-2026	The D. H. Chen Foundation	https://www.dhcfscholarship.com/explore/	www.dhcfscholarship.com	200	The D. H. Chen Foundation Scholarship	title match 2/2
Research Experience for Undergraduates at the Dauphin Island Sea Lab	research-experience-for-undergraduates-at-the-dauphin-island-sea-lab	Dauphin Island Sea Lab	https://www.disl.edu/university-programs/nsf-reu/?fbclid=IwY2xjawJYsypleHRuA2FlbQIxMQABHY7p4Y0ejFYKsBH2GSY4k52D2mqUUtej4oYT8S7i_c9VOZ9yRoStRbuUNw_aem_Qrup9KCQUQmXYW7jMrcbrA	www.disl.edu	200	NSF Research Experiences for Undergraduates - Dauphin Island Sea Lab	title match 5/5
Hot Metal Bridge Program	hot-metal-bridge-program	University of Pittsburgh	http://www.diversity.as.pitt.edu/hot-metal-bridge-program	www.diversity.as.pitt.edu	200	Hot Metal Bridge Post-Bac Program | The Dietrich School of Arts & Sciences Graduate Studies | University of Pittsburgh	title match 3/3
DKFZ Postdoctoral Fellowships in Germany 2026	dkfz-postdoctoral-fellowships-in-germany-2026	German Cancer Research Center (DKFZ)	https://www.dkfz.de/en/karriere/international-postdoc-program/your-postdoc-at-dkfz/dkfz-postdoctoral-fellowships	www.dkfz.de	200	DKFZ Postdoctoral Fellowships - German Cancer Research Center	title match 2/3
De Montfort University Postgraduate Alumni Scholarship 2026	de-montfort-university-postgraduate-alumni-scholarship-2026	De Montfort University (DMU), Leicester	https://www.dmu.ac.uk/Study/fees-funding/Alumni-Scholarship/index.aspx	www.dmu.ac.uk	200	Postgraduate Alumni Scholarship	title match 3/5
Dodds-Walls Centre PhD Scholarships 2026	dodds-walls-centre-phd-scholarships-2026	Dodd-Walls Centre	https://www.doddwalls.ac.nz/opportunities	www.doddwalls.ac.nz	200	Join Us | Te Whai Ao — Dodd-Walls Centre	title match 2/4
Presidential Scholarships at Drake University 2026	presidential-scholarships-at-drake-university-2026	Drake University	https://www.drake.edu/admission-aid/financial-aid/scholarships/presidential	www.drake.edu	200	Presidential Scholarships | Drake University	title match 4/4
International Baccalaureate Scholarship at Drury University 2025-26	international-baccalaureate-scholarship-at-drury-university-2025-26	Drury University	https://www.drury.edu/financial-aid/scholarship-information	www.drury.edu	200	Scholarship Information - Drury University	title match 3/5
University (Merit-Based) Scholarship at University of Denver 2026	university-merit-based-scholarship-at-university-of-denver-2026	University of Denver	https://www.du.edu/admission-aid/financial-aid-scholarships/undergraduate-financial-aid/types-aid/grants-scholarships	www.du.edu	200	Grants &amp; Scholarships | Undergraduate | University of Denver	title match 4/6
Music Activity Scholarship at University of Denver 2026	music-activity-scholarship-at-university-of-denver-2026	University of Denver	https://www.du.edu/admission-aid/undergraduate/international-applicants/tuition	www.du.edu	200	International Student Tuition &amp; Scholarships | University of Denver	title match 3/5
International Scholarship for New Students at Dalarna University 2026	international-scholarship-for-new-students-at-dalarna-university-2026	Dalarna University or Hogskolan Dalarna	https://www.du.se/scholarships	www.du.se	200	Scholarships - Dalarna University	title match 3/5
Dalarna University scholarships	dalarna-university-scholarships-se	Dalarna University	https://www.du.se/scholarships	www.du.se	200	Scholarships - Dalarna University	title match 3/3
Zhi Yuan Scholarship at Duke Kunshan University 2026	zhi-yuan-scholarship-at-duke-kunshan-university-2026	Duke Kunshan University	https://www.dukekunshan.edu.cn/about/scholarships/	www.dukekunshan.edu.cn	200	Scholarship &amp; Financial Aid - International Admissions - Duke Kunshan University	title match 3/3
Fubon Scholarship at Duke Kunshan University 2026	fubon-scholarship-at-duke-kunshan-university-2026	Duke Kunshan University	https://www.dukekunshan.edu.cn/about/scholarships/#:~:text=The%20Fubon%20scholarship%20was%20created,program%2C%20regardless%20of%20family%20means.&text=Amount-,Full%20or%20partial%20scholarship%20for%20the%20undergraduate,This%20scholarship%20covers%20tuition%20only.	www.dukekunshan.edu.cn	200	Scholarship &amp; Financial Aid - International Admissions - Duke Kunshan University	title match 3/4
Graduate Scholarships Scheme at University of Edinburgh 2025	graduate-scholarships-scheme-at-university-of-edinburgh-2025	University of Edinburgh	https://www.ed.ac.uk/student-funding/postgraduate/alumni-scholarships/graduate	www.ed.ac.uk	200	Graduate Scholarship Scheme | Scholarships and Student Funding | Registry Services	title match 3/5
International Achievement Scholarship (Current Students) at Edge Hill University 2025	international-achievement-scholarship-current-students-at-edge-hill-university-2025	Edge Hill University	https://www.edgehill.ac.uk/international/fees-and-scholarships/?tab=scholarships	www.edgehill.ac.uk	200	Fees, finance and scholarships | International | Edge Hill University	title match 3/6
PhD Scholarship at Edge Hill University 2025	phd-scholarship-at-edge-hill-university-2025	Edge Hill University	https://www.edgehill.ac.uk/departments/support/international/fees-and-scholarships/?tab=scholarships	www.edgehill.ac.uk	200	Fees, finance and scholarships | International | Edge Hill University	title match 2/2
The Canadian International Development Scholarships 2030	the-canadian-international-development-scholarships-2030-s4d	Canadian Government	https://www.educanada.ca/scholarships-bourses/non_can/bcdi2030.aspx?lang=eng	www.educanada.ca	200	Canadian International Development Scholarships 2030 (BCDI 2030)	title match 4/4
EdX Free Online Courses	edx-free-online-courses-s4d	MIT/Harvard/UC Berkeley	https://www.edx.org/	www.edx.org	200	edX | Online Courses, Certificates &amp; Degrees from Leading Institutions	title match 2/2
Summer Undergraduate Program in Engineering Research at Berkeley – Artificial Intelligence for Engineering (SUPERB-AI4E)	summer-undergraduate-program-in-engineering-research-at-berkeley-artificial-intelligence-for-engineering-superb-ai4e	University of California, Berkeley	http://www.eecs.berkeley.edu/Programs/ugrad/superb/superb.html	www.eecs.berkeley.edu	200	Summer Undergraduate Program in Engineering Research at Berkeley (SUPERB) - EECS at Berkeley	title match 8/10
EIT International Excellence Scholarship 2025	eit-international-excellence-scholarship-2025	Engineering Institute of Technology (EIT)	https://www.eit-za.com/eit-international-excellence-scholarship/	www.eit-za.com	200	EIT International Excellence Scholarship  : EIT &#8211; South Africa	title match 3/3
Women in Engineering Bursary at EIT 2026	women-in-engineering-bursary-at-eit-2026	Engineering Institute of Technology (EIT)	https://www.eit.edu.au/how-to-apply/scholarships/eit-women-in-engineering-scholarship/	www.eit.edu.au	200	Women in Engineering Bursary | EIT :Engineering Institute of Technology	title match 3/3
EMLV Early Bird Waiver 2026	emlv-early-bird-waiver-2026	Ecole de Management Leonard de Vinci (EMLV)	https://www.emlv.fr/en/international/fees-and-funding/	www.emlv.fr	200	Fees, funding, early-bird, scholarships : EMLV Business School Paris	title match 1/2
College of Engineering Math Academy	college-of-engineering-math-academy	University of Washington	https://www.engr.washington.edu/k12/mathacademy	www.engr.washington.edu	200	Engineering Academy | UW College of Engineering	title match 3/3
CYD Master Thesis Fellowship 2024	cyd-master-thesis-fellowship-2024	Swiss Federal Institute of Technology Lausanne or École Polytechnique Fédérale de Lausanne (EPFL)	https://www.epfl.ch/research/services/fund-research/funding-opportunities/fellowship-mobility/cyd-fellowships/cyd-master-thesis-fellowship/	www.epfl.ch	200	CYD Master Thesis Fellowship &#8210; FUNDING &#8208; EPFL	title match 3/3
Master Excellence Fellowships at EPFL 2026	master-excellence-fellowships-at-epfl-2026	Ecole polytechnique federale de Lausanne (EPFL), Switzerland	https://www.epfl.ch/education/master/master-excellence-fellowships	www.epfl.ch	200	Master excellence fellowships &#8210; Master &#8208; EPFL	title match 3/3
Applied Data Institute	applied-data-institute-lieddata	California Institute of Technology	https://www.equitechfutures.com/program/adi	www.equitechfutures.com	200	Applied Data Institute	title match 2/2
Civic Tech Institute	civic-tech-institute-scholars	California Institute of Technology	https://www.equitechfutures.com/programs/cti	www.equitechfutures.com	200	Civic Tech Institute	title match 2/2
ESADE MSc Scholarships	esade-msc-scholarships-es	ESADE Business School	https://www.esade.edu/master-of-science/en/fees-and-financing	www.esade.edu	200	Msc admission fees and financing | Esade Msc	title match 1/2
Clermont fee waiver Scholarship 2026	clermont-fee-waiver-scholarship-2026	Clermont School of Business	https://www.esc-clermont.fr/en/scholarships/	www.esc-clermont.fr	200	Scholarships and Funding - Clermont School of Business	title match 2/3
Evangelisches Studienwerk: Scholarship for Students	evangelisches-studienwerk-scholarship-for-students-daad	Evangelisches Studienwerk	https://www.evstudienwerk.de/bewerbung/studium/unser-stipendium.html	www.evstudienwerk.de	200	Unser Stipendium für Studierende &#187; Evangelisches Studienwerk Villigst	title match 2/4
Graduate LLB Scholarship (Canada) at University of Exeter 2026	graduate-llb-scholarship-canada-at-university-of-exeter-2026	University of Exeter	https://www.exeter.ac.uk/study/funding/award/?id=5702	www.exeter.ac.uk	200	Graduate LLB Scholarship (Canada) | University of Exeter	title match 5/5
Indigenous Leadership & Community Impact Award at Fanshawe University 2026	indigenous-leadership-community-impact-award-at-fanshawe-university-2026	Fanshawe College	https://www.fanshawec.ca/students/support/indigenous-learning/indigenous-leadership-community-impact-award	www.fanshawec.ca	200	Indigenous Leadership &amp; Community Impact Award | Fanshawe	title match 6/7
Harbor Branch Oceanographic Institute (HBOI) at Florida Atlantic University Summer Internship Program.	harbor-branch-oceanographic-institute-hboi-at-florida-atlantic-university-summer-internship-program	Florida Atlantic University	https://www.fau.edu/hboi/education-and-outreach/summer-internship-program/	www.fau.edu	200	Summer Internship Program | Florida Atlantic University	title match 6/10
FDU Family Grant for International Students 2026	fdu-family-grant-for-international-students-2026	Fairleigh Dickinson University (FDU), USA	https://www.fdu.edu/admissions/international/scholarships/	www.fdu.edu	200	Scholarships for International Students | Fairleigh Dickinson University	title match 2/4
Far Eastern University Entrance Scholarship 2026	far-eastern-university-entrance-scholarship-2026	Far Eastern University	https://www.feu.edu.ph/cost-and-aid/scholarship-grants/entrance-scholarship/	www.feu.edu.ph	200	Entrance Scholarship &#8226; Far Eastern University	title match 4/4
Nicanor Reyes Science Scholarship Program at Far Eastern University 2026	nicanor-reyes-science-scholarship-program-at-far-eastern-university-2026	Far Eastern University	https://www.feu.edu.ph/cost-and-aid/scholarship-grants/nicanor-reyes-science-scholarship-program-nrssp/	www.feu.edu.ph	200	Nicanor Reyes Science Scholarship Program (NRSSP) &#8226; Far Eastern University	title match 7/7
​University of Findlay Deans Scholarship 2026	university-of-findlay-deans-scholarship-2026	University of Findlay	https://www.findlay.edu/admissions/international/scholarships	www.findlay.edu	200	International Student Scholarships | University of Findlay	title match 3/4
​Undergraduate Transfer Merit Scholarship at University of Findlay 2026	undergraduate-transfer-merit-scholarship-at-university-of-findlay-2026	University of Findlay	https://www.findlay.edu/admissions/international/scholarships	www.findlay.edu	200	International Student Scholarships | University of Findlay	title match 3/6
Fisk-Vanderbilt Master's to PhD Bridge Program	fisk-vanderbilt-master-s-to-phd-bridge-program	Fisk University	https://www.fisk-vanderbilt-bridge.org/information	www.fisk-vanderbilt-bridge.org	200	Information &mdash; Fisk-Vanderbilt Master&#39;s-to-PhD Bridge Program	title match 4/4
Fisk-Vanderbilt Master's to PhD Bridge Program	fisk-vanderbilt-master-s-to-phd-bridge-program-rsbridge	Vanderbilt University	https://www.fisk-vanderbilt-bridge.org/information	www.fisk-vanderbilt-bridge.org	200	Information &mdash; Fisk-Vanderbilt Master&#39;s-to-PhD Bridge Program	title match 4/4
Florida Tech Transfer Scholarship at Florida Institute of Technology 2026	florida-tech-transfer-scholarship-at-florida-institute-of-technology-2026	Florida Institute of Technology	https://www.fit.edu/admission/scholarships--aid/university-scholarships-and-grants/	www.fit.edu	200	University Scholarships and Grants | Florida Tech	title match 3/6
Alumni Scholarship at Flinders University 2025	alumni-scholarship-at-flinders-university-2025	Flinders University	https://www.flinders.edu.au/international/apply/scholarships/alumni	www.flinders.edu.au	200	International Alumni scholarships - Flinders University	title match 4/4
Flinders Excellence Scholarship 2026	flinders-excellence-scholarship-2026	Flinders University	https://www.flinders.edu.au/international/apply/scholarships/gobeyond	www.flinders.edu.au	200	International Academic Scholarships - Flinders University	title match 2/3
Fred Hutch Summer Internship Program on Infectious Diseases in the Immunocompromised Host	fred-hutch-summer-internship-program-on-infectious-diseases-in-the-immunocompromised-host	Fred Hutchinson Cancer Research Center	https://www.fredhutch.org/en/research/divisions/vaccine-infectious-disease-division/research/infectious-disease-sciences/training/ids-summer-internship.html	www.fredhutch.org	200	Infectious Disease Sciences Summer Internship - Fred Hutch	title match 4/7
Fred Hutch Summer Undergraduate Research Program	fred-hutch-summer-undergraduate-research-program	Fred Hutchinson Cancer Research Center	https://www.fredhutch.org/en/education-training/undergraduate-students/summer-undergraduate-research-program.html	www.fredhutch.org	200	Summer Undergraduate Research Program  - Fred Hutch	title match 5/5
Future University Scholarships (Undergraduate) 2026	future-university-scholarships-undergraduate-2026	Future University in Egypt	https://www.fue.edu.eg/admissions/undergraduate_applicants/scholarships	www.fue.edu.eg	200	Scholarships | ADMISSIONS | Undergraduate Applicants | Scho...	title match 2/4
Fulbright Commission: Fulbright Programme	fulbright-commission-fulbright-programme-daad	Fulbright Commission	https://www.fulbright.de/en/grants/grants-for-us-americans-at-a-glance	www.fulbright.de	200	Deutsch Amerikanische Fulbright Kommission: Grants for US Americans | Deutsch-Amerikanische Fulbright-Kommission	title match 2/4
GEIs Fellowship Programme 2027	geis-fellowship-programme-2027	Georg Eckert Institute for International Schoolbook Research (GEI)	http://www.gei.de/en/fellowships/fellowship-programme.html	www.gei.de	200	Fellowships and Stipends - GEI.de	title match 1/2
Gerda Henkel Foundation: PhD Scholarships	gerda-henkel-foundation-phd-scholarships-daad	Gerda Henkel Foundation	https://www.gerda-henkel-stiftung.de/promotionsfoerderung	www.gerda-henkel-stiftung.de	200	Promotionsförderung | Gerda Henkel Stiftung	title match 2/4
GGC Aspirational Grant at Georgia Gwinnett College 2026	ggc-aspirational-grant-at-georgia-gwinnett-college-2026	Georgia Gwinnett College	https://www.ggc.edu/admissions/financial-aid/scholarships-and-grants#230548828-4188624649	www.ggc.edu	200	Scholarships and Grants | Georgia Gwinnett College	title match 4/5
Benjamin A. Gilman International Scholarship Program for Undergraduates to Study Abroad	benjamin-a-gilman-international-scholarship-program-for-undergraduates-to-study-abroad	Institute of International Education	https://www.gilmanscholarship.org/	www.gilmanscholarship.org	200	Gilman Program - Scholarships to Study or Intern Abroad	title match 5/8
Eureka! Program	eureka-program	Clark University	http://www.girlsincpnw.org/eureka	www.girlsincpnw.org	200	Eureka! | Girls Inc. PNW	title match 1/2
Siblings & Spouse Scholarship at Gisma University of Applied Sciences 2026	siblings-spouse-scholarship-at-gisma-university-of-applied-sciences-2026	GISMA University of Applied Sciences	https://www.gisma.com/life-at-gisma/tuition-fees-and-funding	www.gisma.com	200	Tuition Fees and Funding | Gisma University of Applied Sciences	title match 4/7
Clark (Mile-End) Bursary Fund at the University of Glasgow 2026	clark-mile-end-bursary-fund-at-the-university-of-glasgow-2026	University of Glasgow	https://www.gla.ac.uk/scholarships/clarkmile-endbursaryfund/	www.gla.ac.uk	200	University of Glasgow - Scholarships &amp; funding - Clark (Mile-End) Bursary Fund	title match 4/4
Great Lakes Bioenergy Research Center Summer Undergraduate Research Program	great-lakes-bioenergy-research-center-summer-undergraduate-research-program	Michigan State University	https://www.glbrc.org/outreach/programs/summer-undergraduate-research-program	www.glbrc.org	200	Summer Undergraduate Research Program - MSU | Great Lakes Bioenergy Research Center	title match 9/9
Goldsmiths Excellence Fee Waiver at Goldsmiths, University of London 2026	goldsmiths-excellence-fee-waiver-at-goldsmiths-university-of-london-2026	Goldsmiths, University of London	https://www.gold.ac.uk/fees-funding/scholarships/goldsmiths-excellence-fee-waiver/	www.gold.ac.uk	200	Goldsmiths Excellence Fee Waiver | Goldsmiths, University of London	title match 6/6
Li Tze Fong Memorial Fellowship at the University of British Columbia 2026	li-tze-fong-memorial-fellowship-at-the-university-of-british-columbia-2026	University of British Columbia	https://www.grad.ubc.ca/awards/li-tze-fong-memorial-fellowship	www.grad.ubc.ca	200	Li Tze Fong Memorial Fellowship | Graduate School at The University of British Columbia (UBC)	title match 5/5
University Of British Columbia - Affiliated Doctoral Fellowships in Canada 2026	university-of-british-columbia-affiliated-doctoral-fellowships-in-canada-2026	University of British Columbia	https://www.grad.ubc.ca/awards/affiliated-fellowships	www.grad.ubc.ca	200	Affiliated Fellowships Doctoral Program | Graduate School at The University of British Columbia (UBC)	title match 6/7
EU Bursary at University of Greenwich 2026	eu-bursary-at-university-of-greenwich-2026	University of Greenwich	https://www.gre.ac.uk/bursaries/eu-bursary	www.gre.ac.uk	200	EU Bursary | Bursaries | University of Greenwich	title match 3/3
Mister Gees Foundation Bursary at University of Greenwich 2026	mister-gees-foundation-bursary-at-university-of-greenwich-2026	University of Greenwich	https://www.gre.ac.uk/bursaries/mister-gees-foundation-bursary	www.gre.ac.uk	200	Mister Gees Foundation Bursary | Bursaries | University of Greenwich	title match 5/5
DFCG Scholarships at Grenoble Ecole de Management 2025	dfcg-scholarships-at-grenoble-ecole-de-management-2025	Government of France	https://www.grenoble-em.com/en/financing-your-studies	www.grenoble-em.com	200	Financial aid – Grenoble Ecole de Management	title match 3/4
Young Leaders Program at National Graduate Institute for Policy Studies (GRIPS) 2026-27	young-leaders-program-at-national-graduate-institute-for-policy-studies-grips-2026-27	Ministry of Education, Culture, Sports, Science, and Technology (MEXT)	https://www.grips.ac.jp/en/education/inter_programs/leader/	www.grips.ac.jp	200	Young Leaders Program (School of Government, School of Local Governance) | National Graduate Institute for Policy Studies (GRIPS)	title match 9/9
Japanese Government (MEXT) Scholarships for Young Leaders Program at GRIPS	japanese-government-mext-scholarships-for-young-leaders-program-at-grips-s4d	Japanese Government (MEXT)	https://www.grips.ac.jp/en/education/inter_programs/leader/	www.grips.ac.jp	200	Young Leaders Program (School of Government, School of Local Governance) | National Graduate Institute for Policy Studies (GRIPS)	title match 5/7
Stanford Graduate School of Business Research Fellows Program	stanford-graduate-school-of-business-research-fellows-program	Stanford University	https://www.gsb.stanford.edu/programs/research-fellows/admission	www.gsb.stanford.edu	200	Admission to the Research Fellows Program Information for the Research Fellows Program | Stanford Graduate School of Business	title match 7/7
BOLD Fellows Fund at Stanford Graduate School of Business 2026	bold-fellows-fund-at-stanford-graduate-school-of-business-2026	Stanford Graduate School of Business (Stanford University)	https://www.gsb.stanford.edu/programs/mba/tuition-financial-aid/types-aid/bold-fellows-fund	www.gsb.stanford.edu	200	BOLD Fellows Fund | Stanford Graduate School of Business	title match 5/5
International Scholarship at Guangdong Technion-Israel Institute of Technology 2026	international-scholarship-at-guangdong-technion-israel-institute-of-technology-2026	Technion - Israel Institute of Technology	https://www.gtiit.edu.cn/en/international-scholarship.aspx	www.gtiit.edu.cn	200	INTERNATIONAL SCHOLARSHIP - SCHOLARSHIPS - ADMISSIONS - GUANGDONG TECHNION-ISRAEL INSTITUTE OF TECHNOLOGY	title match 7/7
University of Gothenburg scholarships	university-of-gothenburg-scholarships-se	University of Gothenburg	https://www.gu.se/en/study-in-gothenburg/apply/scholarships-for-fee-paying-students	www.gu.se	200	Scholarships for fee-paying students | University of Gothenburg	title match 3/3
The University of Gothenburg Axel Adler Scholarships	the-university-of-gothenburg-axel-adler-scholarships-s4d	Gothenburg University	https://www.gu.se/en/study-in-gothenburg/apply/scholarships-for-fee-paying-students/axel-adler-scholarship	www.gu.se	200	Axel Adler Scholarship | University of Gothenburg	title match 3/4
Annis Water Resources Institute Graduate Research Assistantship	annis-water-resources-institute-graduate-research-assistantship	Grand Valley State University	https://www.gvsu.edu/wri/	www.gvsu.edu	200	Robert B. Annis Water Resources Institute (AWRI) -
		Grand Valley State University	title match 4/7
PLACEMENT - BerryWorld Scholarship at the Harper Adams University 2026/27	placement-berryworld-scholarship-at-the-harper-adams-university-2026-27	Harper Adams University	https://www.harper-adams.ac.uk/apply/finance/scholarships/scholarship/201268/placement--berryworld-scholarship-202627	www.harper-adams.ac.uk	200	Scholarship - PLACEMENT - BerryWorld Scholarship 2026/27	title match 3/6
PLACEMENT - Morning Foods Scholarship at the Harper Adams University 2026/27	placement-morning-foods-scholarship-at-the-harper-adams-university-2026-27	Harper Adams University	https://www.harper-adams.ac.uk/apply/finance/scholarships/scholarship/202327/placement--morning-foods-scholarship-202627	www.harper-adams.ac.uk	200	Scholarship - PLACEMENT - Morning Foods Scholarship 2026/27	title match 4/7
Center for Coastal and Marine Ecosystems Student Fellowships	center-for-coastal-and-marine-ecosystems-student-fellowships	Bethune-Cookman University	http://www.harteresearchinstitute.org/ccme	www.harteresearchinstitute.org	200	NOAA Graduate Fellowship - Center for Coastal and Marine Ecosystems (CCME-II) | Harte Research Institute	title match 4/6
Center for Coastal and Marine Ecosystems Student Fellowships	center-for-coastal-and-marine-ecosystems-student-fellowships-arineeco	California State University, Monterey Bay	http://www.harteresearchinstitute.org/ccme	www.harteresearchinstitute.org	200	NOAA Graduate Fellowship - Center for Coastal and Marine Ecosystems (CCME-II) | Harte Research Institute	title match 4/6
Artistic Merit Scholarships at University of Hartford 2026	artistic-merit-scholarships-at-university-of-hartford-2026	University of Hartford (UHart)	https://www.hartford.edu/admission/scholarships/default.aspx#accordion-group-2-section-1-label	www.hartford.edu	200	Scholarships
      - University of Hartford	title match 3/5
Hawk International Scholarship at University of Hartford 2026	hawk-international-scholarship-at-university-of-hartford-2026	University of Hartford (UHart)	https://www.hartford.edu/admission/international/application-process/default.aspx#:~:text=HAWK%20INTERNATIONAL%20SCHOLARSHIP	www.hartford.edu	200	International Student Application Process | University of Hartford
      - University of Hartford	title match 3/4
Hartpury Low Income Bursary at Hartpury University and Hartpury College 2026	hartpury-low-income-bursary-at-hartpury-university-and-hartpury-college-2026	Hartpury University and Hartpury College	https://www.hartpury.ac.uk/university/student-life/fees-finance/bursaries-scholarships-studentships-and-more/?selectedTab=tab-fe3bec467aa44bd0ba1144e214a7555f	www.hartpury.ac.uk	200	Bursaries, scholarships, studentships and more | Hartpury University	title match 4/7
University of Borås scholarships	university-of-bor-s-scholarships-se	University of Borås	https://www.hb.se/en/International-Student/Fees-and-scholarships/Scholarships/	www.hb.se	200	Scholarships - University of Borås	title match 2/2
Climate Fellowship with the Institute for the Study of Business in Global Society	climate-fellowship-with-the-institute-for-the-study-of-business-in-global-society	Harvard Business School	https://www.hbs.edu/bigs/about/bigs-fellows	www.hbs.edu	200	BiGS Fellows | Institute for Business in Global Society	title match 4/7
Research Experience for Undergraduates in Human-Computer Interaction	research-experience-for-undergraduates-in-human-computer-interaction	Carnegie Mellon University	https://www.hcii.cmu.edu/summer-research-program	www.hcii.cmu.edu	200	HCII Summer Undergraduate Research Program | Human-Computer Interaction Institute	title match 4/6
Research Experience for Undergraduates in Human-Computer Interaction	research-experience-for-undergraduates-in-human-computer-interaction-lifetech	University of Pittsburgh	https://www.hcii.cmu.edu/summer-research-program	www.hcii.cmu.edu	200	HCII Summer Undergraduate Research Program | Human-Computer Interaction Institute	title match 4/6
Health Effects Institute Summer Fellowship Program	health-effects-institute-summer-fellowship-program	Health Effects Institute	https://www.healtheffects.org/research/funding/fellowship	www.healtheffects.org	200	HEI's Summer Fellowship Program | Health Effects Institute	title match 6/6
Health Effects Institute Summer Fellowship Program	health-effects-institute-summer-fellowship-program-instfell	International Society for Environmental Epidemiology	https://www.healtheffects.org/research/funding/fellowship	www.healtheffects.org	200	HEI's Summer Fellowship Program | Health Effects Institute	title match 6/6
HEC Paris MBA Scholarship for Excellence 2026	hec-paris-mba-scholarship-for-excellence-2026	HEC Paris	https://www.hec.edu/en/mba-programs/mba/admissions/fees-funding/scholarships	www.hec.edu	200	Scholarships | HEC Paris	title match 2/3
Fallen Heroes Scholarship Program at Carnegie Mellon University (CMU) 2026	fallen-heroes-scholarship-program-at-carnegie-mellon-university-cmu-2026	Carnegie Mellon University (CMU), United states	https://www.heinz.cmu.edu/admissions/checklist/fallen-heroes-program	www.heinz.cmu.edu	200	Fallen Heroes Scholarship Program | Heinz College of Information Systems and Public Policy	title match 4/7
Henley Masters Scholarship 2026	henley-masters-scholarship-2026	Henley Business School	https://www.henley.ac.uk/study/masters/scholarships-funding#tab-28099391	www.henley.ac.uk	200	Masters scholarships and funding | Henley Business School	title match 3/3
Henley Business School and Reading University Alumni Discount at Henley Business School 2026	henley-business-school-and-reading-university-alumni-discount-at-henley-business-school-2026	Henley Business School	https://www.henley.ac.uk/study/masters/scholarships/henley-business-school-and-reading-university-alumni-discount	www.henley.ac.uk	200	Henley Business School and Reading… | Henley Business School	title match 7/10
Halmstad University scholarships	halmstad-university-scholarships-se	Halmstad University	https://www.hh.se/english/education/apply-to-halmstad-university/scholarships.html	www.hh.se	200	Scholarships
 | Halmstad University	title match 3/3
Global Scholarship at Hiram College 2026	global-scholarship-at-hiram-college-2026	Hiram College	https://www.hiram.edu/academics/undergraduate/scholarship-grants/	www.hiram.edu	200	Scholarships and Grants &#8211; Hiram College	title match 3/4
Kristianstad University scholarships	kristianstad-university-scholarships-se	Kristianstad University	https://www.hkr.se/en/study-at-hkr/non-exchange-student/scholarship/	www.hkr.se	200	Scholarship at Kristianstad University, English | HKR.se	title match 2/3
The Clare Boothe Luce Program	the-clare-boothe-luce-program	Henry Luce Foundation	https://www.hluce.org/programs/clare-boothe-luce-program/	www.hluce.org	200	Clare Boothe Luce Program awards eleven new grants - Henry Luce Foundation	title match 3/3
Margaret A. Davidson Fellowship: 2-year Coastal Research Opportunity	margaret-a-davidson-fellowship-2-year-coastal-research-opportunity	Hudson River National Estuarine Research Reserve	https://www.hrnerr.org/margaret-a-davidson-fellowship/	www.hrnerr.org	200	Margaret A. Davidson Fellowship - Hudson River National Estuarine Research Reserve	title match 4/6
Margaret A. Davidson Fellowship: 2-year Coastal Research Opportunity	margaret-a-davidson-fellowship-2-year-coastal-research-opportunity-davidson	National Oceanic and Atmospheric Administration (NOAA)	https://www.hrnerr.org/margaret-a-davidson-fellowship/	www.hrnerr.org	200	Margaret A. Davidson Fellowship - Hudson River National Estuarine Research Reserve	title match 4/6
Hanns Seidel Foundation: PhD scholarships	hanns-seidel-foundation-phd-scholarships-daad	Hanns Seidel Foundation	http://www.hss.de/stipendium.html	www.hss.de	200	Stipendium und Förderung - Hanns-Seidel-Stiftung (HSS)	title match 2/4
Merit- Based Scholarships (Postgraduate) at University of Huddersfield 2026	merit-based-scholarships-postgraduate-at-university-of-huddersfield-2026	University of Huddersfield, Huddersfield	https://www.hud.ac.uk/international/scholarships/	www.hud.ac.uk	200	International student scholarships | Apply today | Huddersfield - University of Huddersfield	title match 3/6
Progression Scholarship at University of Huddersfield 2026	progression-scholarship-at-university-of-huddersfield-2026	University of Huddersfield, Huddersfield	https://www.hud.ac.uk/international/scholarships/	www.hud.ac.uk	200	International student scholarships | Apply today | Huddersfield - University of Huddersfield	title match 3/4
Alumni Postgraduate Scholarship at University of Hull 2025	alumni-postgraduate-scholarship-at-university-of-hull-2025	University of Hull, Hull	https://www.hull.ac.uk/choose-hull/study-at-hull/money/awards/alumni-postgraduate-scholarship	www.hull.ac.uk	200	Alumni Postgraduate Scholarship | University of Hull	title match 4/4
University of Hull Humber Grant 2025	university-of-hull-humber-grant-2025	University of Hull, Hull	https://www.hull.ac.uk/choose-hull/study-at-hull/money/awards/humber-grant	www.hull.ac.uk	200	Humber Grant | University of Hull	title match 3/3
Hult International Business School - Future Business Leader Scholarships (UG) 2026	hult-international-business-school-future-business-leader-scholarships-ug-2026	Hult International Business School, Boston	https://www.hult.edu/undergraduate/admissions/scholarships/	www.hult.edu	200	Scholarships for Undergraduate Students - BBA | Hult International Business School	title match 5/7
University West scholarships	university-west-scholarships-se	University West	https://www.hv.se/en/education/degree-programmes/tuition-fees-and-scholarships/scholarships/	www.hv.se	200	University West - Tuition fees &amp; scholarships	title match 2/2
Future Made for Success Scholarship at Heriot Watt University Dubai 2026	future-made-for-success-scholarship-at-heriot-watt-university-dubai-2026	Heriot-Watt University, Dubai	https://www.hw.ac.uk/dubai/study/fees/scholarships.htm	www.hw.ac.uk	200	Scholarships and discounts | Heriot-Watt University	title match 3/6
Hull York Medical School Bursary 2026	hull-york-medical-school-bursary-2026	University of Hull, Hull	https://www.hyms.ac.uk/medicine/applying/fees-and-funding#:~:text=For%202024%20entry%2C%20students%20with,2%2C400%20per%20year%20of%20study.	www.hyms.ac.uk	200	Fees and funding | Hull York Medical School	title match 2/3
I-TIM Scholarship Program 2026	i-tim-scholarship-program-2026	International Hotel and Tourism Industry Management School (I-TIM)	https://www.i-tim.ac.th/scholarship	www.i-tim.ac.th	200	Scholarship - The International Hotel and Tourism Industry Management School	title match 1/2
International Merit Scholarships at Iowa State University 2026	international-merit-scholarships-at-iowa-state-university-2026	Iowa State University	https://www.iastate.edu/admission-and-aid/admissions/international-admissions/international-merit-scholarships	www.iastate.edu	200	International Merit Scholarships - Iowa State University	title match 5/5
IE University Scholarship for Indian students 2026	ie-university-scholarship-for-indian-students-2026	IE University	https://www.ie.edu/financial-aid/wemakescholars-ie-university-scholarship/	www.ie.edu	200	WeMakeScholars – IE University Scholarship	title match 2/4
IESE MBA Scholarships	iese-mba-scholarships-es	IESE Business School	https://www.iese.edu/loans-scholarships/	www.iese.edu	200	Loans and Scholarships | IESE Business School	title match 1/1
IFARHU scholarships	ifarhu-scholarships-se	IFARHU	https://www.ifarhu.gob.pa/	www.ifarhu.gob.pa	200	Bienvenidos al IFARHU - Becas y Créditos Educativos en Panamá	title match 1/2
Summer Undergraduate Research Experience in Nanotechnology	summer-undergraduate-research-experience-in-nanotechnology	Northwestern University	https://www.iinano.org/research-experience-for-undergraduates/	www.iinano.org	200	Research Experience for Undergraduates - International Institute for Nanotechnology	title match 4/5
Camras Scholars Program at Illinois Institute of Technology 2026	camras-scholars-program-at-illinois-institute-of-technology-2026	Illinois Institute of Technology (IIT Chicago)	https://www.iit.edu/admissions-aid/tuition-and-aid/scholarships/first-year-student-scholarships/camras-scholars-program	www.iit.edu	200	Camras Scholars Program | Illinois Institute of Technology	title match 6/6
Illinois Tech World Robot Olympiad Scholarship at Illinois Institute of Technology 2026	illinois-tech-world-robot-olympiad-scholarship-at-illinois-institute-of-technology-2026	Illinois Institute of Technology (IIT Chicago)	https://www.iit.edu/admissions-aid/tuition-and-aid/scholarships/international-undergraduate-student-scholarships/world-robot-olympiad-scholarship	www.iit.edu	200	Illinois Tech World Robot Olympiad Scholarship | Illinois Institute of Technology	title match 8/8
IIT Guwahati Institute Merit Scholarships (IMS) 2026	iit-guwahati-institute-merit-scholarships-ims-2026	Indian Institute of Technology (IIT), Guwahati	https://www.iitg.ac.in/iitg_page_details?page=10/financial-assistance	www.iitg.ac.in	200	Indian Institute of Technology Guwahati : भारतीय प्रौद्योगिकी संस्थान गुवाहाटी	title match 2/4
IMD MBA Merit Scholarships 2026	imd-mba-merit-scholarships-2026	International Institute for Management Development (IMD), Switzerland	https://www.imd.org/degree/mba/scholarships/merit-scholars-program/	www.imd.org	200	IMD MBA Merit Scholarship	title match 1/2
USP Graduate Scholarships in Probability and Statistics	usp-graduate-scholarships-in-probability-and-statistics-br	University of São Paulo (USP) — Institute of Mathematics, Statistics and Computer Science	https://www.ime.usp.br/en/graduate/statistics/scholarships-assistance/	www.ime.usp.br	200	Scholarships &#038; Assistance &#8211; Graduate Program in Probability and Statistics &#8211; Instituto de Matemática, Estatística e Ciência da Computação	title match 4/4
Outstanding Women in Finance Scholarship at Imperial College Business School (Imperial College London) 2026	outstanding-women-in-finance-scholarship-at-imperial-college-business-school-imperial-college-london-2026	Imperial College Business School (Imperial College London)	https://www.imperial.ac.uk/study/fees-and-funding/scholarships-search/outstanding-women-in-finance-scholarship-20262027.php	www.imperial.ac.uk	200	Outstanding Women in Finance Scholarship | Study | Imperial College London	title match 9/11
Reaching Out MBA Fellowships at Imperial College Business School (Imperial College London) 2026	reaching-out-mba-fellowships-at-imperial-college-business-school-imperial-college-london-2026	Imperial College Business School (Imperial College London)	https://www.imperial.ac.uk/study/fees-and-funding/scholarships-search/reaching-out-mba-romba-fellowship-20262027.php	www.imperial.ac.uk	200	Reaching Out MBA (ROMBA) Fellowship | Study | Imperial College London	title match 6/9
Abdul Kalam Technology Innovation National Fellowship 2026	abdul-kalam-technology-innovation-national-fellowship-2026	Indian National Academy of Engineering (INAE), New Delhi	https://www.inae.in/research-innovation/abdul-kalam-technology-innovation-national-fellowship/	www.inae.in	200	Abdul Kalam Technology Innovation National Fellowship - Indian National Academy of Engineering	title match 6/6
Indiana Tech Regional Scholarship at Indiana Institute of Technology 2025	indiana-tech-regional-scholarship-at-indiana-institute-of-technology-2025	Indiana Institute of Technology (Indiana Tech), Fort Wayne, Indiana	https://www.indianatech.edu/news/indiana-tech-announces-new-regional-scholarship/	www.indianatech.edu	200	Indiana Tech Announces New Regional Scholarship – Indiana Tech	title match 4/6
Tohoku University JASSO Honors Scholarship for Privately-Financed International Students	tohoku-university-jasso-honors-scholarship-for-privately-financed-international-students-jp	Tohoku University	https://www.insc.tohoku.ac.jp/english/scholarship-for-international-students/	www.insc.tohoku.ac.jp	200	Scholarships for International Students　 | Tohoku University	title match 5/9
TU Research-Oriented Incoming Student Scholarship 2026	tu-research-oriented-incoming-student-scholarship-2026	Japan Student Services Organization (JASSO)	https://www.insc.tohoku.ac.jp/english/exchange/colabs-short-term-3/	www.insc.tohoku.ac.jp	200	TU Research-Oriented Incoming Student (ROIS) Scholarship | Tohoku University	title match 5/5
Swiss Government Excellence Scholarships (hosted at University of Zurich)	swiss-government-excellence-scholarships-hosted-at-university-of-zurich-ch	Swiss Government (FCS) / University of Zurich	https://www.int.uzh.ch/en/in/Swiss-Government-Excellence-Scholarships.html	www.int.uzh.ch	200	Swiss Government Excellence Scholarships  | Global Student Experience | UZH	title match 4/7
Kyoto iUP Scholarship (International Undergraduate Program)	kyoto-iup-scholarship-international-undergraduate-program-jp	Kyoto University	https://www.iup.kyoto-u.ac.jp/	www.iup.kyoto-u.ac.jp	200	Kyoto iUP - Kyoto University International Undergraduate Program	title match 4/5
JAIST Scholarship (Benefit type Scholarship) 2026	jaist-scholarship-benefit-type-scholarship-2026	Japan Advanced Institute of Science and Technology (JAIST)	https://www.jaist.ac.jp/english/studentlife/support/scholarships.html#02-1	www.jaist.ac.jp	200	Scholarships | JAIST	title match 3/4
Japan Student Services Organization (JASSO)	japan-student-services-organization-jasso-se	Japan Student Services Organization (JASSO)	https://www.jasso.go.jp/en/	www.jasso.go.jp	200	Japan Student Services Organization | JASSO	title match 5/5
JAX Postdoctoral Positions	jax-postdoctoral-positions	Jackson Laboratory	https://www.jax.org/education-and-learning/pre-and-postdoctoral-program/postdoctoral-training	www.jax.org	200	Postdoctoral Research Training	title match 1/2
Summer Student Program	summer-student-program	Jackson Laboratory	https://www.jax.org/education-and-learning/high-school-students-and-undergraduates/learn-earn-and-explore/admission	www.jax.org	200	JAX Summer Student Program Admission Information	title match 3/3
Chemistry REU opportunity	chemistry-reu-opportunity	James Madison University	https://www.jmu.edu/chemistry/research/reu/index.shtml	www.jmu.edu	200	Chemistry and Biochemistry: Research Experiences for Undergraduates (REU) Program - JMU	title match 1/2
NextStep Geosciences	nextstep-geosciences	University of Texas, Austin	https://www.jsg.utexas.edu/outreach/programs/nextstep-geo/	www.jsg.utexas.edu	200	NextStep Geosciences | Jackson School of Geosciences | The University of Texas at Austin	title match 2/2
Japan Society for the Promotion of Science (JSPS)	japan-society-for-the-promotion-of-science-jsps-se	Japan Society for the Promotion of Science (JSPS)	https://www.jsps.go.jp/english/e-c2c/index.html	www.jsps.go.jp	200	Core-to-Core Program | Japan Society for the Promotion of Science	title match 4/4
Karlstad University scholarships	karlstad-university-scholarships-se	Karlstad University	https://www.kau.se/en/education/explore-student-life/application-admission/scholarships	www.kau.se	200	Scholarships | Karlstad University	title match 3/3
KBS High Achievers Scholarship 2026	kbs-high-achievers-scholarship-2026	Kaplan Business School, Australia	https://www.kbs.edu.au/admissions/scholarships	www.kbs.edu.au	200	Scholarships – Kaplan Business School	title match 1/2
Postgraduate Global Scholarship at Keele University 2026	postgraduate-global-scholarship-at-keele-university-2026	Keele University	https://www.keele.ac.uk/study/postgraduatestudy/tuitionfeesandfunding/postgraduatefunding/postgraduatebursariesandscholarshipsinternational/postgraduateglobalscholarshipinternational/	www.keele.ac.uk	200	Postgraduate Global Scholarship (international) 2026 - Keele University	title match 5/5
KUIC Post-Graduate Progression Scholarship 2026	kuic-post-graduate-progression-scholarship-2026	Keele University	https://www.keele.ac.uk/study/postgraduatestudy/tuitionfeesandfunding/postgraduatefunding/postgraduatebursariesandscholarshipsinternational/kuicpostgraduateprogressionscholarship/	www.keele.ac.uk	200	Postgraduate bursaries and scholarships (international) - Keele University	title match 2/3
Dr. James A. Ferguson Emerging Infectious Diseases Research Initiatives for Student Enhancement (RISE) Fellowship Program	dr-james-a-ferguson-emerging-infectious-diseases-research-initiatives-for-student-enhancement-rise-fellowship-program	Emory University	https://www.kennedykrieger.org/training/programs/center-for-diversity-in-public-health-leadership-training/ferguson-rise	www.kennedykrieger.org	200	Dr. James A. Ferguson Emerging Infectious Diseases Research Initiatives for Student Enhancement (RISE) Graduate Fellowship Program | Kennedy Krieger Institute	title match 11/11
Music Performance Scholarship at University of Kent 2026	music-performance-scholarship-at-university-of-kent-2026	University of Kent, Canterbury	https://www.kent.ac.uk/scholarships/search/FNADMUSICS01	www.kent.ac.uk	200	Music Performance Scholarship - Scholarships search - University of Kent	title match 4/4
Align Scholars Program at Khoury College of Computer sciences, Northeastern University 2026	align-scholars-program-at-khoury-college-of-computer-sciences-northeastern-university-2026	Northeastern University, Boston	https://www.khoury.northeastern.edu/apply/masters-apply/financial-support-for-masters-students/scholarships-for-masters-students/	www.khoury.northeastern.edu	200	Scholarship Opportunities for Master’s Students - Khoury College of Computer Sciences	title match 5/9
Keck Northeast Astronomy Consortium	keck-northeast-astronomy-consortium	Colgate University	http://www.knac.org	www.knac.org	200	Keck Northeast Astronomy Consortium (KNAC)	title match 3/3
Keck Northeast Astronomy Consortium	keck-northeast-astronomy-consortium-nsortium	Haverford College	http://www.knac.org	www.knac.org	200	Keck Northeast Astronomy Consortium (KNAC)	title match 3/3
Kobe University Tuition Fee Exemption	kobe-university-tuition-fee-exemption-jp	Kobe University	https://www.kobe-u.ac.jp/en/campus-life/tuition/about-exemption-tuition/	www.kobe-u.ac.jp	200	About Tuition Fee Exemption | Kobe University	title match 3/3
Scholarships for International Students at Khalifa University 2026	scholarships-for-international-students-at-khalifa-university-2026	Khalifa University	https://www.ku.ac.ae/scholarships-undergraduate	www.ku.ac.ae	200	Undergraduate Scholarships - Khalifa University	title match 3/5
Advanced Master in Innovative Health Technology Fee Waiver at Ku Leuven 2026	advanced-master-in-innovative-health-technology-fee-waiver-at-ku-leuven-2026	KU Leuven	https://www.kuleuven.be/scholarships/year/2026-2027/advanced-master-in-innovative-health-technology-fee-waiver	www.kuleuven.be	200	Advanced Master in Innovative Health Technology Fee Waiver — Scholarships	title match 6/7
General Tuition Fee Waiver at Ku Leuven 2026	general-tuition-fee-waiver-at-ku-leuven-2026	KU Leuven	https://www.kuleuven.be/scholarships/year/2026-2027/general-tuition-fee-waiver	www.kuleuven.be	200	General tuition fee waiver — Scholarships	title match 3/4
Kyoto University Japanese Government (MEXT) Scholarship	kyoto-university-japanese-government-mext-scholarship-jp	Japanese Government (MEXT)	https://www.kyoto-u.ac.jp/en/education-campus/procedures/scholarships/mext	www.kyoto-u.ac.jp	200	Japanese Government (MEXT) Scholarship | KYOTO UNIVERSITY	title match 5/5
Kyushu University JASSO Scholarship for Exchange Students	kyushu-university-jasso-scholarship-for-exchange-students-jp	Kyushu University	https://www.kyushu-u.ac.jp/en/admission/fees/support/	www.kyushu-u.ac.jp	200	Financial Aid | Tuition, Fees, & Scholarships | Admissions | KYUSHU UNIVERSITY	title match 3/6
International Undergraduate Entrance Scholarships at Lakehead University 2026	international-undergraduate-entrance-scholarships-at-lakehead-university-2026	Lakehead University, Thunderbay Bay	https://www.lakeheadu.ca/international/future/scholarships-awards	www.lakeheadu.ca	200	International Scholarships &amp; Awards | Lakehead University	title match 4/6
International Undergraduate Entrance Scholarships at Lakehead University 2025	international-undergraduate-entrance-scholarships-at-lakehead-university-2025	Lakehead University, Thunderbay Bay	https://www.lakeheadu.ca/international/future/scholarships-awards?utm_source=dlvr.it&utm_medium=facebook	www.lakeheadu.ca	200	International Scholarships &amp; Awards | Lakehead University	title match 4/6
Alumni Loyalty Discount at University of Central Lancashire 2026	alumni-loyalty-discount-at-university-of-central-lancashire-2026	University of Central Lancashire	https://www.lancashire.ac.uk/study/fees-and-finance/bursaries-and-scholarships/alumni-loyalty	www.lancashire.ac.uk	200	Alumni Loyalty Discount	title match 3/6
Science and Technology International Study Centre Progression Scholarship at University of Lancaster 2026	science-and-technology-international-study-centre-progression-scholarship-at-university-of-lancaster-2026	Lancaster University	https://www.lancaster.ac.uk/study/fees-and-funding/scholarships-and-bursaries/postgraduate-international-study-centre-progression-scholarship/#d.en.641121	www.lancaster.ac.uk	200	Postgraduate International Study Centre Progression Scholarship - Lancaster University	title match 7/9
India Scholarship - Undergraduate at University of Lancaster 2026	india-scholarship-undergraduate-at-university-of-lancaster-2026	Lancaster University	https://www.lancaster.ac.uk/study/fees-and-funding/scholarships-and-bursaries/india-scholarship-undergraduate/	www.lancaster.ac.uk	200	India Scholarship Undergraduate - Lancaster University	title match 5/5
Lancaster Sanctuary Scholarship - A scholarship for Ukrainian nationals (UG) 2025	lancaster-sanctuary-scholarship-a-scholarship-for-ukrainian-nationals-ug-2025	Lancaster University	https://www.lancasterleipzig.de/admission/scholarships/undergraduate/	www.lancasterleipzig.de	200	Undergraduate Scholarships - Lancaster University Leipzig	title match 3/6
Family Scholarship at Lancaster University 2026	family-scholarship-at-lancaster-university-2026	Lancaster University	https://www.lancasterleipzig.de/admission/scholarships/undergraduate/	www.lancasterleipzig.de	200	Undergraduate Scholarships - Lancaster University Leipzig	title match 3/4
Oxford Brunsfield ASEAN Human Rights Scholarships 2026	oxford-brunsfield-asean-human-rights-scholarships-2026	University of Oxford	https://www.law.ox.ac.uk/oxford-brunsfield-asean-human-rights-scholarships#:~:text=One%20scholarship%20is%20available%20to,%2C%20Singapore%2C%20Thailand%20or%20Vietnam.	www.law.ox.ac.uk	200	Oxford Brunsfield ASEAN Human Rights Scholarships | Faculty	title match 6/6
Loughborough University The Hardship Fund 2026	loughborough-university-the-hardship-fund-2026	Loughborough University, Loughborough	https://www.lboro.ac.uk/study/undergraduate/fees-funding/scholarships/hardship-fund/	www.lboro.ac.uk	200	Hardship fund award | Undergraduate study | Loughborough University	title match 3/3
Loughborough University Care Leavers Scholarship 2026	loughborough-university-care-leavers-scholarship-2026	Loughborough University, Loughborough	https://www.lboro.ac.uk/study/postgraduate/fees-funding/masters-funding/care-leavers-scholarship/	www.lboro.ac.uk	200	Care Leaver's Scholarship | Postgraduate study | Loughborough University	title match 3/4
International Regional Scholarships at the University of Leeds 2026	international-regional-scholarships-at-the-university-of-leeds-2026	University of Leeds	https://www.leeds.ac.uk/international-scholarships-funding/doc/undergraduate-scholarships	www.leeds.ac.uk	200	Undergraduate scholarships | University of Leeds	title match 3/5
Alumni Bursary at University of Leeds 2025	alumni-bursary-at-university-of-leeds-2025	University of Leeds	https://www.leeds.ac.uk/masters-scholarships-bursaries/doc/alumni-bursary	www.leeds.ac.uk	200	Alumni discount | University of Leeds	title match 3/4
Lifespan Research Institute Postbaccalaureate Fellowship	lifespan-research-institute-postbaccalaureate-fellowship	Lifespan Research Institute	https://www.lifespan.io/education-opportunities/postbacc-fellowship/	www.lifespan.io	200	Post-Baccalaureate | Lifespan Research Institute	title match 3/5
Lifespan Research Institute Summer Scholars Program	lifespan-research-institute-summer-scholars-program	Lifespan Research Institute	https://www.lifespan.io/education-opportunities/summer-scholars/	www.lifespan.io	200	Summer Scholars | Lifespan Research Institute	title match 5/6
Lila Poonawalla Foundation Postgraduate Scholarship 2025	lila-poonawalla-foundation-postgraduate-scholarship-2025	Lila Poonawalla Foundation	https://www.lilapoonawallafoundation.com/scholarship/	www.lilapoonawallafoundation.com	200	Lila Poonawalla Foundation	title match 2/4
South Asia Scholarship at the University Of Lincoln 2026	south-asia-scholarship-at-the-university-of-lincoln-2026	University of Lincoln, United Kingdom	https://www.lincoln.ac.uk/studywithus/scholarshipsandbursaries/southasiascholarship/	www.lincoln.ac.uk	200	South Asia Scholarship | Scholarships and Bursaries | University of Lincoln	title match 4/4
Egypt Scholarship at University of Lincoln 2026	egypt-scholarship-at-university-of-lincoln-2026	University of Lincoln, United Kingdom	https://www.lincoln.ac.uk/studywithus/scholarshipsandbursaries/egyptscholarship/	www.lincoln.ac.uk	200	Scholarships and Bursaries | University of Lincoln	title match 3/4
Liverpool Excellence Scholarship for Postgraduates at University of Liverpool 2026	liverpool-excellence-scholarship-for-postgraduates-at-university-of-liverpool-2026	University of Liverpool	https://www.liverpool.ac.uk/study/fees-and-funding/scholarships-and-bursaries/masters/liverpool-excellence-scholarship-postgraduate/	www.liverpool.ac.uk	200	Liverpool Excellence Scholarship for Postgraduates | Study | University of Liverpool	title match 6/6
University of Liverpool International College (UoLIC) Excellence Scholarship 2026	university-of-liverpool-international-college-uolic-excellence-scholarship-2026	University of Liverpool	https://www.liverpool.ac.uk/study/fees-and-funding/scholarships-and-bursaries/undergraduate/uolic-excellence-scholarship/	www.liverpool.ac.uk	200	University of Liverpool International College Excellence Scholarship | Study | University of Liverpool	title match 6/7
International Achievement Scholarship at Liverpool John Moores University 2024-25	international-achievement-scholarship-at-liverpool-john-moores-university-2024-25	Liverpool John Moores University	https://www.ljmu.ac.uk/international/thinking-of-applying/international-scholarships/postgraduate	www.ljmu.ac.uk	200	International scholarships | International | 
        Liverpool John Moores University	title match 5/6
Elizabeth McRae Scholarship at Lees-McRae College 2026	elizabeth-mcrae-scholarship-at-lees-mcrae-college-2026	Lees McRae College	https://www.lmc.edu/admissions/financial-aid/types-of-aid.htm	www.lmc.edu	200	Types of Aid | Financial Aid | Lees-McRae College	title match 3/5
The 30 Percent Scholarship EMBA at London Business School	2025	the-30-percent-scholarship-emba-at-london-business-school-2025	London Business School	https://www.london.edu/masters-degrees/financial-aid/search-for-funding/the-30-percent-scholarship-emba	www.london.edu	200	The 30 Percent Scholarship EMBA | London Business School	title match 5/5
The London Business School EMBA (Dubai) Scholarships 2026	the-london-business-school-emba-dubai-scholarships-2026	London Business School	https://www.london.edu/masters-degrees/financial-aid/search-for-funding/the-london-business-school-emba-dubai-scholarships	www.london.edu	200	The London Business School EMBA (Dubai) Scholarships	title match 5/5
International Bright Futures Scholarship at London Metropolitan University 2026	international-bright-futures-scholarship-at-london-metropolitan-university-2026	London Metropolitan University	https://www.londonmet.ac.uk/applying/funding-your-studies/scholarships/international-scholarships/international-bright-futures-scholarship/	www.londonmet.ac.uk	200	International Bright Futures Scholarship - London Metropolitan University	title match 7/7
L’Oréal USA Fellowships for Women in Science Program	l-or-al-usa-fellowships-for-women-in-science-program	American Association for the Advancement of Science (AAAS)	https://www.loreal.com/en/usa/pages/group/fwis/	www.loreal.com	200	L'Oréal USA For Women in Science	title match 2/4
L’Oréal USA Fellowships for Women in Science Program	l-or-al-usa-fellowships-for-women-in-science-program-lowships	L’Or&#233;al USA	https://www.loreal.com/en/usa/pages/group/fwis/	www.loreal.com	200	L'Oréal USA For Women in Science	title match 2/4
Summer Course in Materials Science for High School Students - Penn Summer Science Initiative (PSSI)	summer-course-in-materials-science-for-high-school-students-penn-summer-science-initiative-pssi	University of Pennsylvania	https://www.lrsm.upenn.edu/outreach/pssi/	www.lrsm.upenn.edu	200	Penn Summer Science Initiative (PSSI) - LRSM	title match 5/9
Life Sciences Research Foundation Postdoctoral Fellowships	life-sciences-research-foundation-postdoctoral-fellowships	Life Sciences Research Foundation	http://www.lsrf.org/apply	www.lsrf.org	200	Application Instructions - Life Sciences Research Foundation	title match 3/5
Paid Undergraduate Summer Research Program in Biomedical and Veterinary Medical Sciences	paid-undergraduate-summer-research-program-in-biomedical-and-veterinary-medical-sciences	Louisiana State University	https://www.lsu.edu/vetmed/research/undergrad_summer_research.php	www.lsu.edu	200	Paid Undergraduate Summer Research Program in Biomedical and Veterinary Medical Sciences	title match 8/8
Lund University scholarships	lund-university-scholarships-se	Lund University	https://www.lunduniversity.lu.se/international-admissions/bachelors-masters-studies/scholarships-and-awards	www.lunduniversity.lu.se	200	Scholarships and awards | Lund University	title match 2/2
Lund University Global Scholarship Programme	lund-university-global-scholarship-programme-s4d	Lund University	http://www.lunduniversity.lu.se/admissions/bachelors-masters-studies/scholarships-awards/lund-university-global-scholarship	www.lunduniversity.lu.se	200	Lund University Global Scholarship | Lund University	title match 3/4
Equity and Merit Scholarships for international master’s students at The University of Manchester 2026	equity-and-merit-scholarships-for-international-master-s-students-at-the-university-of-manchester-2026	University of Manchester	https://www.manchester.ac.uk/study/masters/fees-and-funding/masters-student-funding/equity-merit-scholarships/	www.manchester.ac.uk	200	Equity and Merit international scholarships | Master’s | The University of Manchester	title match 7/8
Multicultural Academic Opportunities Program Summer Research Internship	multicultural-academic-opportunities-program-summer-research-internship	Virginia Polytechnic Institute and State University	https://www.maop.vt.edu/scholarship-support-and-summer-programs/sri-program.html	www.maop.vt.edu	200	MAOP Undergraduate Summer Research Internship (SRI) Program   | Mentorship &amp; Academic Outreach Programs | Virginia Tech	title match 5/7
Aquarium Internships	aquarium-internships	Maria Mitchell Association	https://www.mariamitchell.org/aquarium-internship	www.mariamitchell.org	200	Aquarium Internship | Maria Mitchell Association	title match 1/2
Marquette University Transfer Student Scholarships 2026	marquette-university-transfer-student-scholarships-2026	Marquette University	http://www.marquette.edu/explore/scholarships-transfer.php	www.marquette.edu	200	Transfer Scholarships // Tuition &amp; Financial Aid // Marquette University	title match 4/5
Massey University Foundation Peer Scholar Award 2026	massey-university-foundation-peer-scholar-award-2026	Massey University	https://www.massey.ac.nz/study/scholarships-and-awards/massey-university-foundation-peer-scholar-award/	www.massey.ac.nz	200	Massey University Foundation Peer Scholar Award - Massey University	title match 5/5
Cambridge Equine Hospital Scholarship at Massey University 2026	cambridge-equine-hospital-scholarship-at-massey-university-2026	Massey University	https://www.massey.ac.nz/study/scholarships-and-awards/cambridge-equine-hospital-scholarship/	www.massey.ac.nz	200	Cambridge Equine Hospital Scholarship - Massey University	title match 6/6
Rita Bolland Fellowship at RCMC 2026	rita-bolland-fellowship-at-rcmc-2026	Research Center for Material Culture (RCMC)	https://www.materialculture.nl/en/rita-bolland-fellows	www.materialculture.nl	200	Rita Bolland Fellows | Research Center for Material Culture	title match 1/2
Computational Mathematics for Data Science	computational-mathematics-for-data-science	Emory University	https://www.math.emory.edu/site/cmds-reuret/overview/	www.math.emory.edu	200	Emory REU Computational Mathematics for Data Science	title match 3/3
Canada/USA Mathcamp	canada-usa-mathcamp-mathcamp	University of Puget Sound	https://www.mathcamp.org/	www.mathcamp.org	200	Canada/USA Mathcamp	title match 2/2
One-year Entrance Scholarships at McGill University 2026	one-year-entrance-scholarships-at-mcgill-university-2026	McGill University	https://www.mcgill.ca/studentaid/scholarships-aid/future-undergrads/entrance-scholarships	www.mcgill.ca	200	Entrance scholarships for future undergraduates - McGill University	title match 4/4
International Transfer Scholarship For Students at McNeese State University 2026	international-transfer-scholarship-for-students-at-mcneese-state-university-2026	McNeese State University	https://www.mcneese.edu/student-central/international-scholarships/	www.mcneese.edu	200	International Scholarships - McNeese State University	title match 5/7
International Graduate Student Scholarship at USA 2025	international-graduate-student-scholarship-at-usa-2025	McNeese State University	https://www.mcneese.edu/student-central/international-scholarships/	www.mcneese.edu	200	International Scholarships - McNeese State University	title match 2/4
T32 Postdoctoral Fellowship in Cardiovascular Sciences (PhD, MD, DO, PharmD)	t32-postdoctoral-fellowship-in-cardiovascular-sciences-phd-md-do-pharmd	Medical College of Wisconsin	https://www.mcw.edu/departments/cardiovascular-center-heart/education/postdoctoral-fellowship	www.mcw.edu	200	Postdoctoral Fellowship | Cardiovascular Research Center | Medical College of Wisconsin	title match 3/5
The Cancer Prevention Research Training Fellowship	the-cancer-prevention-research-training-fellowship	University of Texas MD Anderson Cancer Center	https://www.mdanderson.org/research/departments-labs-institutes/programs-centers/cancer-prevention-research-training-program.html	www.mdanderson.org	200	Paid cancer research and cancer prevention fellowship and internship at MD Anderson Cancer Center | UT MD Anderson	title match 4/5
Mälardalen University scholarships	m-lardalen-university-scholarships-se	Mälardalen University	https://www.mdh.se/international/application-and-admission/malardalen-university-scholarship-programme	www.mdh.se	200	Mälardalen University scholarship programme - Mälardalen University	title match 2/3
Maryland Sea Grant State Science Policy Fellow	maryland-sea-grant-state-science-policy-fellow	University of Maryland, College Park	https://www.mdsg.umd.edu/topics/graduate-fellowships/state-science-policy-fellowship	www.mdsg.umd.edu	200	State Science Policy Fellowship | Maryland Sea Grant	title match 6/6
Carolina Summer Fellowship Program in Pharmacology	carolina-summer-fellowship-program-in-pharmacology	University of North Carolina, Chapel Hill	https://www.med.unc.edu/pharm/summer-undergraduate-research	www.med.unc.edu	200	Carolina Summer Fellowship Program | Pharmacology	title match 5/5
Neuropsychiatry Research Training Programs	neuropsychiatry-research-training-programs	University of Pennsylvania	https://www.med.upenn.edu/psychiatry/formalfellowships.html	www.med.upenn.edu	200	Formal Training Programs Opportunities | Penn Psychiatry | Perelman School of Medicine at the University of Pennsylvania	title match 2/4
The Program in Media Arts & Sciences at the MIT Media Lab	the-program-in-media-arts-sciences-at-the-mit-media-lab	Massachusetts Institute of Technology (MIT)	http://www.media.mit.edu/admissions/program-overview	www.media.mit.edu	200	About Media Arts &amp; Sciences &mdash; MIT Media Lab	title match 3/4
Presidential Fellowship at Merrimack College 2026	presidential-fellowship-at-merrimack-college-2026	Merrimack College	https://www.merrimack.edu/academics/graduate/fellowships/	www.merrimack.edu	200	Graduate Fellowships Merrimack College | Graduate Programs	title match 3/4
Japanese Government Scholarships for International Research Students	japanese-government-scholarships-for-international-research-students-s4d	Japanese Government	http://www.mext.go.jp/a_menu/koutou/ryugaku/boshu/1346643.htm	www.mext.go.jp	200	JAPANESE GOVERNMENT （MONBUKAGAKUSHO:MEXT）SCHOLARSHIP FOR 2015（RESEARCH STUDENTS）：文部科学省	title match 4/6
Blacks at Microsoft (BAM) Scholarship	blacks-at-microsoft-bam-scholarship	Microsoft Corporation	https://www.microsoft.com/en-us/diversity/programs/bam-scholarship	www.microsoft.com	200	Black at Microsoft Scholarship Program	title match 2/3
VA Advanced Fellowship Program in Mental Illness Research & Treatment	va-advanced-fellowship-program-in-mental-illness-research-treatment	Texas A&amp;M University	https://www.mirecc.va.gov/visn4/Education/fellowship.asp	www.mirecc.va.gov	200	Advanced Fellowship in Mental Illness Research and Treatment - MIRECC / CoE	title match 6/7
VA Advanced Fellowship Program in Mental Illness Research & Treatment	va-advanced-fellowship-program-in-mental-illness-research-treatment-naffptsd	U.S. Department of Veteran Affairs	https://www.mirecc.va.gov/visn4/Education/fellowship.asp	www.mirecc.va.gov	200	Advanced Fellowship in Mental Illness Research and Treatment - MIRECC / CoE	title match 6/7
Mitacs Globalink Research Award (GRA)	mitacs-globalink-research-award-gra-cf	Mitacs Globalink	https://www.mitacs.ca/en/programs/globalink/globalink-research-award	www.mitacs.ca	200	Expand Your Research Globally - Mitacs Globalink Research Award	title match 4/4
International Maverick Scholarship at Minnesota State University 2025	international-maverick-scholarship-at-minnesota-state-university-2025	Minnesota State University, Mankato	https://www.mnsu.edu/academics/global-education/centers-of-global-education/international-student-services/scholarships/cultural-contribution-scholarship/	www.mnsu.edu	200	International Maverick Scholarship | Minnesota State University, Mankato | Minnesota State University, Mankato	title match 6/6
McNair Tuition Waiver at Montana State University 2026	mcnair-tuition-waiver-at-montana-state-university-2026	Montana State University, Bozeman	https://www.montana.edu/gradschool/fellowships/internal_opportunities/mcnair_info.html	www.montana.edu	200	McNair Nomination - Graduate School | Montana State University	title match 4/6
The Sloan Indigenous Graduate Partnership (SIGP) Scholarship Program	the-sloan-indigenous-graduate-partnership-sigp-scholarship-program	Montana State University	https://www.montana.edu/gradschool/sigp/	www.montana.edu	200	Sloan Indigenous Graduate Partnership - Graduate School | Montana State University	title match 4/6
PSEG Institute for Sustainability Science Green Teams Program	pseg-institute-for-sustainability-science-green-teams-program	Montclair State University	https://www.montclair.edu/pseg-sustainability-institute/green-teams/	www.montclair.edu	200	The Green Teams Program - Inside Montclair	title match 3/6
Moray and Nairn Educational Trust Grants in UK 2026	moray-and-nairn-educational-trust-grants-in-uk-2026	The Moray Council	http://www.moray.gov.uk/moray_standard/page_43905.html	www.moray.gov.uk	200	Moray &amp; Nairn Educational Trust	title match 4/5
Internship Opportunities at Mote Marine Laboratory & Aquarium	internship-opportunities-at-mote-marine-laboratory-aquarium	Mote Marine Laboratory	http://www.mote.org/reu	www.mote.org	200	Undergraduate Research Experiences | Mote Marine Laboratory &amp; Aquarium	title match 3/5
Future Leaders in Advanced Materials (FLAM)	future-leaders-in-advanced-materials-flam	University of California, Santa Barbara	https://www.mrl.ucsb.edu/education/undergraduate-opportunities/flam	www.mrl.ucsb.edu	200	FLAM - Future Leaders in Advanced Materials | Material Research Laboratory	title match 4/4
GeoGirls Technology Camp at Mount St. Helens	geogirls-technology-camp-at-mount-st-helens	Mount St. Helens Institute	https://www.mshinstitute.org/geogirls	www.mshinstitute.org	200	GeoGirls - Mount St. Helens Science Camp | Mount St. Helens Institute	title match 3/4
Quantitative Sciences Undergraduate Research Experience (QSURE)	quantitative-sciences-undergraduate-research-experience-qsure	Memorial Sloan-Kettering Cancer Center	https://www.mskcc.org/departments/epidemiology-biostatistics/educational-opportunities/quantitative-sciences-summer-undergraduate-research-experience-qsure	www.mskcc.org	200	Epidemiology & Biostatistics: Quantitative Sciences Undergraduate Research Experience (QSURE) | Memorial Sloan Kettering Cancer Center	title match 6/6
GEMS fellow at Memorial Sloan Kettering Cancer Center	gems-fellow-at-memorial-sloan-kettering-cancer-center	Memorial Sloan-Kettering Cancer Center	https://www.mskcc.org/departments/epidemiology-biostatistics/educational-opportunities/gems	www.mskcc.org	200	Epidemiology & Biostatistics: Genomics Experience for Master’s Students (GEMS) | Memorial Sloan Kettering Cancer Center	title match 5/6
Munich Aerospace: PhD Scholarships	munich-aerospace-phd-scholarships-daad	Munich Aerospace	https://www.munich-aerospace.de/en/scholarship/	www.munich-aerospace.de	200	Scholarship - Munich Aerospace – New Horizons in Aviation and Space	title match 2/3
MBS BEST Scholarship 2026	mbs-best-scholarship-2026	Munich Business School	https://www.munich-business-school.de/en/mbs/university/scholarships-and-financing	www.munich-business-school.de	200	Scholarships and Funding – How to Finance Your MBS Studies	title match 1/1
International Futures Scholarship at Murdoch University 2026	international-futures-scholarship-at-murdoch-university-2026	Murdoch University (MU) Australia	https://www.murdoch.edu.au/study/scholarship/international-futures-scholarship---2026	www.murdoch.edu.au	200	International Futures Scholarship - 2026	title match 3/5
Alumni 25% Fee Tuition Discount at Murdoch University 2026	alumni-25-fee-tuition-discount-at-murdoch-university-2026	Murdoch University (MU) Australia	https://www.murdoch.edu.au/study/scholarship/alumni-25-fee-tuition-discount	www.murdoch.edu.au	200	Alumni 25% Fee Tuition Discount	title match 3/5
Nagao Natural Environment Foundation (NEF) - Research Grant Programme 2026	nagao-natural-environment-foundation-nef-research-grant-programme-2026	Nagao Natural Environment Foundation	https://www.nagaofoundation.or.jp/e/research/research.html	www.nagaofoundation.or.jp	200	Research Grant Programme - Nagao Natural Environment Foundation	title match 7/7
Nagoya University Japanese Government (MEXT) Scholarship	nagoya-university-japanese-government-mext-scholarship-jp	Japanese Government (MEXT)	https://www.nagoya-u.ac.jp/en/admissions/scholarships/	www.nagoya-u.ac.jp	200	Scholarships | Admissions | Nagoya University	title match 3/5
Singh Center for Nanotechnology Research Experience for Undergraduates	singh-center-for-nanotechnology-research-experience-for-undergraduates	University of Pennsylvania	http://www.nano.upenn.edu/resources/reu/	www.nano.upenn.edu	200	Singh Center for Nanotechnology	title match 3/6
European Union Postgraduate Scholarship at Edinburgh Napier University 2026	european-union-postgraduate-scholarship-at-edinburgh-napier-university-2026	Edinburgh Napier University	https://www.napier.ac.uk/study-with-us/bursaries/european-union-postgraduate-scholarship	www.napier.ac.uk	200	European Union Postgraduate Scholarship	title match 4/7
European Union Undergraduate Scholarship at Edinburgh Napier University 2026	european-union-undergraduate-scholarship-at-edinburgh-napier-university-2026	Edinburgh Napier University	https://www.napier.ac.uk/study-with-us/bursaries/european-union-undergraduate-scholarship	www.napier.ac.uk	200	European Union Undergraduate Scholarship	title match 4/7
Gulf Research Program Early-Career Research Fellowship: Human Health and Community Resilience Track	gulf-research-program-early-career-research-fellowship-human-health-and-community-resilience-track	National Academies, The	http://www.nationalacademies.org/gulf/fellowships/early-career/index.htm?utm_source=direct&utm_medium=email&utm_campaign=2019_ECRF_pathwaystoscience	www.nationalacademies.org	200	Gulf Research Program Early-Career Research Fellowships	title match 6/11
Native Plant Trust, Marylee Everett Conservation Internship	native-plant-trust-marylee-everett-conservation-internship	Native Plant Trust	https://www.nativeplanttrust.org/about/jobs-internships/?highlight=Internship	www.nativeplanttrust.org	200	Jobs + Internships
        
         - 
        Native Plant Trust	title match 4/7
Graduate Assistant Scholarship at Middle East Technical University 2026	graduate-assistant-scholarship-at-middle-east-technical-university-2026	Middle East Technical University	https://www.ncc.metu.edu.tr/graduate/scholarships-assistantships	www.ncc.metu.edu.tr	200	Scholarships & Assistantships | Graduate Programs | METU Northern Cyprus Campus	title match 3/6
Higher Diploma Scholarship at National College of Ireland 2026	higher-diploma-scholarship-at-national-college-of-ireland-2026	National College Of Ireland (NCI)	https://www.ncirl.ie/international-scholarships	www.ncirl.ie	200	International Scholarships | National College of Ireland	title match 4/6
Undergraduate Academic Scholarships at National College of Ireland 2025	undergraduate-academic-scholarships-at-national-college-of-ireland-2025	National College Of Ireland (NCI)	https://www.ncirl.ie/international-scholarships	www.ncirl.ie	200	International Scholarships | National College of Ireland	title match 4/6
Vice-Chancellor’s EU Scholarships Undergraduate at Newcastle University 2026	vice-chancellor-s-eu-scholarships-undergraduate-at-newcastle-university-2026	Newcastle University, UK	https://www.ncl.ac.uk/undergraduate/fees-funding/scholarships-bursaries/vc-undergraduate-eu/	www.ncl.ac.uk	200	Vice-Chancellor&rsquo;s EU Scholarships &ndash; Undergraduate | Undergraduate | Newcastle University	title match 5/5
Educational Technology — Northeast Petroleum University (Master's)	educational-technology-northeast-petroleum-university-master-s	Northeast Petroleum University	https://www.nepu.edu.cn/en/International/Admission_Website.htm	www.nepu.edu.cn	200	Admission Website-Northeast Petroleum University	title match 3/6
Business Administration — Northeast Petroleum University (Bachelor's)	business-administration-northeast-petroleum-university-bachelor-s	Northeast Petroleum University	https://www.nepu.edu.cn/en/International/Admission_Website.htm	www.nepu.edu.cn	200	Admission Website-Northeast Petroleum University	title match 3/6
Neurobiology Postdoctoral Positions	neurobiology-postdoctoral-positions	Duke University	https://www.neuro.duke.edu/education/postdoctoral-training	www.neuro.duke.edu	200	Postdoctoral Training | Duke Neurobiology	title match 2/3
Provosts Assistantship at University of New Haven 2026	provosts-assistantship-at-university-of-new-haven-2026	University of New Haven (UNH)	https://www.newhaven.edu/admissions/graduate/graduate-assistantships-scholarships/index.php	www.newhaven.edu	200	Assistantships and Scholarships - University of New Haven	title match 3/4
Deans Scholarship Program at University of New Haven 2026	deans-scholarship-program-at-university-of-new-haven-2026	University of New Haven (UNH)	https://www.newhaven.edu/admissions/graduate/graduate-assistantships-scholarships/index.php	www.newhaven.edu	200	Assistantships and Scholarships - University of New Haven	title match 3/5
REU: Wetland Science in a Modern World, at the National Great Rivers Research and Education Center	reu-wetland-science-in-a-modern-world-at-the-national-great-rivers-research-and-education-center	Lewis and Clark Community College	https://www.ngrrec.org/education/internship-program/index.html	www.ngrrec.org	200	Undergraduate Intern Programs | National Great Rivers Research and Education Center	title match 6/10
REU: Wetland Science in a Modern World, at the National Great Rivers Research and Education Center	reu-wetland-science-in-a-modern-world-at-the-national-great-rivers-research-and-education-center-atrivers	National Great Rivers Research and Education Center	https://www.ngrrec.org/education/internship-program/index.html	www.ngrrec.org	200	Undergraduate Intern Programs | National Great Rivers Research and Education Center	title match 6/10
Graduate Student Travel Funding at Nipissing University 2026	graduate-student-travel-funding-at-nipissing-university-2026	Nipissing University, Canada	https://www.nipissingu.ca/academics/school-graduate-studies/awards-and-funding/travel-funding	www.nipissingu.ca	200	Graduate Student Travel Funding | Nipissing University	title match 6/6
NIST Summer Undergraduate Research Fellowship (SURF) Program (Virtual)	nist-summer-undergraduate-research-fellowship-surf-program-virtual	National Institute of Standards and Technology (NIST), Boulder	https://www.nist.gov/surf	www.nist.gov	200	Summer Undergraduate Research Fellowship (SURF) | NIST	title match 4/6
NSF-Simons National Institute for Theory and Mathematics in Biology Fellows Program	nsf-simons-national-institute-for-theory-and-mathematics-in-biology-fellows-program	Northwestern University	https://www.nitmb.org/research/nitmb-fellows-program	www.nitmb.org	200	NITMB Fellows Program - National Institute for Theory and Mathematics in Biology (NITMB)	title match 7/8
NSF-Simons National Institute for Theory and Mathematics in Biology Fellows Program	nsf-simons-national-institute-for-theory-and-mathematics-in-biology-fellows-program-ernnitmb	University of Chicago	https://www.nitmb.org/research/nitmb-fellows-program	www.nitmb.org	200	NITMB Fellows Program - National Institute for Theory and Mathematics in Biology (NITMB)	title match 7/8
Ernest F. Hollings Undergraduate Scholarship Program	ernest-f-hollings-undergraduate-scholarship-program	National Oceanic and Atmospheric Administration (NOAA)	https://www.noaa.gov/office-education/hollings-scholarship	www.noaa.gov	200	Ernest F. Hollings Undergraduate Scholarship | National Oceanic and Atmospheric Administration	title match 4/5
Educational Partnership Program (EPP) Undergraduate Scholarship Program	educational-partnership-program-epp-undergraduate-scholarship-program	National Oceanic and Atmospheric Administration (NOAA)	http://www.noaa.gov/office-education/epp-msi/undergraduate-scholarship	www.noaa.gov	200	EPP Undergraduate Scholarship Program | National Oceanic and Atmospheric Administration	title match 4/6
The UON International scholarship 2026	the-uon-international-scholarship-2026	University of Northampton	https://www.northampton.ac.uk/student-life/bursaries-scholarships-and-awards/the-uon-international-scholarship/	www.northampton.ac.uk	200	UON International Scholarships | University of Northampton	title match 2/2
Early Payment Discount at Northumbria University 2026	early-payment-discount-at-northumbria-university-2026	Northumbria University, Newcastle	https://www.northumbria.ac.uk/study-at-northumbria/fees-funding/international-fees-funding/26-27-early-payment-discount/	www.northumbria.ac.uk	200	2026-27 Early Payment Discount	title match 3/5
PGT International Scholarships for South Asian Applicants at Northumbria University 2026	pgt-international-scholarships-for-south-asian-applicants-at-northumbria-university-2026	Northumbria University, Newcastle	https://www.northumbria.ac.uk/study-at-northumbria/fees-funding/international-fees-funding/2025-26-pgt-international-scholarships-south-asia/	www.northumbria.ac.uk	200	2025-26 PGT International Scholarships for South Asian Applicants	title match 5/7
University of Nottingham Alumni Scholarship 2026	university-of-nottingham-alumni-scholarship-2026	The University of Nottingham	https://www.nottingham.ac.uk/pgstudy/funding/china-and-malaysia-alumni-scholarship	www.nottingham.ac.uk	200	University of Nottingham China and Malaysia Alumni Scholarship - University of Nottingham	title match 4/4
Scientists in Parks (SIP) Fellows	scientists-in-parks-sip-fellows	Ecological Society of America (ESA)	https://www.nps.gov/subjects/science/scientists-in-parks.htm	www.nps.gov	200	Scientists in Parks - Science (U.S. National Park Service)	title match 2/3
Scientists in Parks (SIP) Fellows	scientists-in-parks-sip-fellows-eleaders	U.S. Department of the Interior	https://www.nps.gov/subjects/science/scientists-in-parks.htm	www.nps.gov	200	Scientists in Parks - Science (U.S. National Park Service)	title match 2/3
2026 Numerix Women in Finance Scholarship	2026-numerix-women-in-finance-scholarship-s4d	FINCAD	https://www.numerix.com/women-in-finance-scholarship	www.numerix.com	200	Women in Finance Scholarship | Numerix	title match 4/4
Northwest International Achievement Scholarship (NIAS) 2026	northwest-international-achievement-scholarship-nias-2026	Northwest Missouri State University	https://www.nwmissouri.edu/admissions/international/finaid.htm	www.nwmissouri.edu	200	Cost and Scholarships for International Students - Northwest Admissions | Northwest	title match 3/4
Northwest Academic Merit Scholarships (UG) 2025	northwest-academic-merit-scholarships-ug-2025	Northwest Missouri State University	https://www.nwmissouri.edu/admissions/international/finaid.htm	www.nwmissouri.edu	200	Cost and Scholarships for International Students - Northwest Admissions | Northwest	title match 2/4
FASTRAC Scholarship at NYIT 2026	fastrac-scholarship-at-nyit-2026	New York Institute of Technology (NYIT), United States	https://www.nyit.edu/admissions/nyit_scholarships	www.nyit.edu	200	New York Tech Scholarships | New York Tech	title match 1/2
The Presidents Scholarship at OC 2026	the-presidents-scholarship-at-oc-2026	Oklahoma Christian University	https://www.oc.edu/admissions/financial-services/scholarships	www.oc.edu	200	Oklahoma Christian University | Undergraduate Scholarships	title match 1/2
Oklahoma Christian University Deans Scholarship 2026-27	oklahoma-christian-university-deans-scholarship-2026-27	Oklahoma Christian University	https://www.oc.edu/admissions/financial-services/scholarships	www.oc.edu	200	Oklahoma Christian University | Undergraduate Scholarships	title match 4/5
International Student Bursaries at OCAD University 2026	international-student-bursaries-at-ocad-university-2026	Ontaria College of Art and Design (OCAD University), Canada	https://www.ocadu.ca/student-services/financial-aid/bursaries	www.ocadu.ca	200	Bursaries | OCAD University	title match 2/4
Data Science in Oceanography, Summer Program for Undergraduate Students	data-science-in-oceanography-summer-program-for-undergraduate-students	University of Washington	https://www.ocean.washington.edu/story/Data_Science_in_Oceanography_Undergraduate_Summer_Program	www.ocean.washington.edu	200	Data Science in Oceanography Undergraduate Summer Program	title match 5/6
Klaus Liebscher Economic Research Scholarship 2026	klaus-liebscher-economic-research-scholarship-2026	Oesterreichische Nationalbank	https://www.oenb.at/en/About-Us/Research-Promotion/scholarships_and_awards/klaus_liebscher_economic_research_scholarship.html	www.oenb.at	200	Klaus Liebscher Economic Research Scholarship - Oesterreichische Nationalbank (OeNB)	title match 5/5
Vollum Institute Undergraduate Summer Research Program	vollum-institute-undergraduate-summer-research-program	Oregon Health &amp; Science University	https://www.ohsu.edu/school-of-medicine/neuroscience-graduate-program/vollum-ngp-undergraduate-summer-research-program	www.ohsu.edu	200	Undergraduate Summer Research | Neuroscience Graduate Program | OHSU	title match 4/6
Lifetime Achievement Award at Oncology Nursing Society 2026	lifetime-achievement-award-at-oncology-nursing-society-2026	Oncology Nursing Society	https://www.ons.org/make-a-difference/celebrate/awards/distinguished/achievement	www.ons.org	200	Lifetime Achievement Award | Oncology Nursing Society	title match 6/6
Distinguished Researcher Award at Oncology Nursing Society (ONS) 2026	distinguished-researcher-award-at-oncology-nursing-society-ons-2026	Oncology Nursing Society	https://www.ons.org/make-a-difference/celebrate/awards/distinguished/researcher	www.ons.org	200	Distinguished Researcher Award | Oncology Nursing Society	title match 6/6
DOE Fusion Energy Sciences Postdoctoral Research Program	doe-fusion-energy-sciences-postdoctoral-research-program-onenergy	Massachusetts Institute of Technology (MIT)	https://www.orau.gov/doe-fes-postdoc/default.html	www.orau.gov	200	DOE Fusion Energy Sciences Postdoctoral Research Program	title match 6/6
DOE Fusion Energy Sciences Postdoctoral Research Program	doe-fusion-energy-sciences-postdoctoral-research-program	California Polytechnic State University, Pomona	https://www.orau.gov/doe-fes-postdoc/default.html	www.orau.gov	200	DOE Fusion Energy Sciences Postdoctoral Research Program	title match 6/6
Örebro University scholarships	rebro-university-scholarships-se	Örebro University	https://www.oru.se/english/study/master-students/scholarships/	www.oru.se	200	Master&#39;s Study Scholarships - &#214;rebro University	title match 3/3
Summer Research Experience for Undergraduates in Physics and Astronomy	summer-research-experience-for-undergraduates-in-physics-and-astronomy	University of Oklahoma	https://www.ou.edu/cas/physics-astronomy/students/undergraduate/research/reu	www.ou.edu	200	Research Experiences for Undergraduates (REU)	title match 3/6
International Student Financial Aid at Ohio Wesleyan University 2026	international-student-financial-aid-at-ohio-wesleyan-university-2026	Ohio Wesleyan University	https://www.owu.edu/admission/apply/international-students/international-scholarships-and-need-based-aid/	www.owu.edu	200	International Scholarships and Need-Based Aid | Ohio Wesleyan University	title match 3/5
HDFC Bank Parivartan ECSS Programme (School Students) 2026-27	hdfc-bank-parivartan-ecss-programme-school-students-2026-27	HDFC Bank	https://www.parivartanecss.com/	www.parivartanecss.com	200	Parivartan ECSS Programme 2025-26	title match 2/4
Cupa Memorial Scholarship at Portland State University 2025	cupa-memorial-scholarship-at-portland-state-university-2025	Portland State University	https://www.pdx.edu/politics-and-global-affairs/scholarship-opportunities	www.pdx.edu	200	Scholarship Opportunities | Portland State University	title match 4/5
Linda Nettekoven Public Involvement Scholarship at Portland State University 2025	linda-nettekoven-public-involvement-scholarship-at-portland-state-university-2025	Portland State University	https://www.pdx.edu/politics-and-global-affairs/scholarship-opportunities	www.pdx.edu	200	Scholarship Opportunities | Portland State University	title match 4/8
Charlie Perkins Scholarship 2026	charlie-perkins-scholarship-2026	Charlie Perkins Children’s Trust for Children and Students	http://www.perkinstrust.com.au/how-to-apply.html	www.perkinstrust.com.au	200	How to Apply - Charlie Perkins Scholarship Trust	title match 3/3
Help Ukraine: 10 full scholarships for refugees from Ukraine at PFH Private University of Applied Sciences 2026	help-ukraine-10-full-scholarships-for-refugees-from-ukraine-at-pfh-private-university-of-applied-sciences-2026	PFH Private University of Applied Sciences(Göttingen)	https://www.pfh.de/en/study-in-germany/scholarships	www.pfh.de	200	Scholarships | PFH Private University of Applied Sciences	title match 5/8
STIBET Programme at PFH Private University of Applied Sciences 2026	stibet-programme-at-pfh-private-university-of-applied-sciences-2026	German Academic Exchange Service (DAAD)	https://www.pfh.de/en/study-in-germany/scholarships	www.pfh.de	200	Scholarships | PFH Private University of Applied Sciences	title match 4/6
Department of Physics REU and RET Programs	department-of-physics-reu-and-ret-programs	Purdue University	http://www.physics.purdue.edu/reu/	www.physics.purdue.edu	200	Research Experience for Undergraduates (REU): Department of Physics and Astronomy: Purdue University	title match 2/3
APS Undergraduate Summer Research Fellowship (UGSRF)	aps-undergraduate-summer-research-fellowship-ugsrf	American Physiological Society	https://www.physiology.org/ugsrf	www.physiology.org	200	Summer  Undergraduate Research Fellowships | American Physiological Society	title match 4/5
Martin Frank Travel Awards	martin-frank-travel-awards	American Physiological Society	https://www.physiology.org/professional-development/awards/trainees/martin-frank-travel-award?SSO=Y	www.physiology.org	200	Martin Frank Travel Award - APS Conferences | American Physiological Society	title match 3/4
Pittsburg State University - Honors College Scholarship 2026	pittsburg-state-university-honors-college-scholarship-2026	Pittsburg State University (PSU)	https://www.pittstate.edu/academics/honors-college/index.html	www.pittstate.edu	200	Honors College  | Pittsburg State University	title match 5/6
Plant Genomics @ MSU	plant-genomics-msu	Michigan State University	http://www.plantgenomics.msu.edu	www.plantgenomics.msu.edu	200	Home - Plant Genomics	title match 2/2
Research & Extension Experiences for Undergraduates in Plant Pathology	research-extension-experiences-for-undergraduates-in-plant-pathology	Kansas State University	https://www.plantpath.k-state.edu/academics/undergraduate-programs/reeu/	www.plantpath.k-state.edu	200	Research &amp; Extension Experiences for Undergraduates | K-State | Kansas State University	title match 4/6
University of Salzburg Recognition Awards 2026	university-of-salzburg-recognition-awards-2026	University of Salzburg (Paris Lodron University)	https://www.plus.ac.at/research/awards/recognition-award/?lang=en	www.plus.ac.at	200	Recognition Award - Universität Salzburg	title match 2/4
University of Plymouth International Postgraduate Merit Scholarship 2025	university-of-plymouth-international-postgraduate-merit-scholarship-2025	University of Plymouth	https://www.plymouth.ac.uk/study/funding/scholarships/postgraduate-taught-international-student-scholarship	www.plymouth.ac.uk	200	International Postgraduate Welcome to Plymouth Scholarship - University of Plymouth	title match 5/6
NHS Learning Support Fund at University of Portsmouth 2026	nhs-learning-support-fund-at-university-of-portsmouth-2026	University of Portsmouth, Portsmouth	https://www.port.ac.uk/study/undergraduate/undergraduate-fees-and-student-finance/scholarships-and-bursaries#nhsbursary	www.port.ac.uk	200	Scholarships and bursaries | University of Portsmouth	title match 2/4
Returning Student Relief Grant at Purdue Global University 2026	returning-student-relief-grant-at-purdue-global-university-2026	Purdue University, Indiana	https://www.purdueglobal.edu/tuition-financial-aid/student-grants/	www.purdueglobal.edu	200	College Student Loans &amp; Grants | Purdue Global	title match 4/7
QMU International Scholarships 2026	qmu-international-scholarships-2026	Queen Margaret University	https://www.qmu.ac.uk/study-here/fees-and-funding/scholarships-for-new-students/	www.qmu.ac.uk	200	Scholarships for New Students | Fees and Funding | Queen Margaret University	title match 1/2
Quest Bridge: The National College Match	quest-bridge-the-national-college-match	Quest Bridge	https://www.questbridge.org/high-school-students/national-college-match	www.questbridge.org	200	National College Match | QuestBridge	title match 5/5
Postgraduate accommodation offer at Royal Agricultural University 2026	postgraduate-accommodation-offer-at-royal-agricultural-university-2026	Royal Agricultural University (RAU)	https://www.rau.ac.uk/student-life/finance-scholarships-and-bursaries/pg-int-accom-offer	www.rau.ac.uk	200	Postgraduate accommodation offer | Royal Agricultural University	title match 6/6
RAU Africa Agricultural Leadership Award 2026	rau-africa-agricultural-leadership-award-2026	Royal Agricultural University (RAU)	https://www.rau.ac.uk/student-life/finance-scholarships-and-bursaries/rau-africa-agricultural-leadership-award	www.rau.ac.uk	200	RAU Africa Agricultural Leadership Award | Royal Agricultural University	title match 4/4
Chevening Scholarship Ravensbourne University 2026	chevening-scholarship-ravensbourne-university-2026	Ravensbourne University London	https://www.ravensbourne.ac.uk/bursaries-and-scholarships	www.ravensbourne.ac.uk	200	Bursaries and scholarships | Ravensbourne University London	title match 3/4
Early Bird Discount at Ravensbourne University 2026	early-bird-discount-at-ravensbourne-university-2026	Ravensbourne University London	https://www.ravensbourne.ac.uk/bursaries-and-scholarships	www.ravensbourne.ac.uk	200	Bursaries and scholarships | Ravensbourne University London	title match 2/4
Charlotte Fraser Scholarship at Royal College of Art 2026	charlotte-fraser-scholarship-at-royal-college-of-art-2026	Royal College of Art	https://www.rca.ac.uk/study/apply-to-study/funding-your-studies/rca-scholarships-and-awards/	www.rca.ac.uk	200	RCA scholarships | Royal College of Art	title match 3/5
Lucy Halford Bursary at Royal College of Art 2026	lucy-halford-bursary-at-royal-college-of-art-2026	Royal College of Art	https://www.rca.ac.uk/study/application-process/funding-your-studies/rca-scholarships-and-awards/	www.rca.ac.uk	200	RCA scholarships | Royal College of Art	title match 2/4
AlUla Scholarship Program	alula-scholarship-program-cf	Royal Commission For AlUla	https://www.rcu.gov.sa/en/about-rcu/human-capability-development/scholarship-program	www.rcu.gov.sa	200	Scholarship Programme | The Royal Commission for AlUla	title match 3/3
Need Based Awards at Western University 2026	need-based-awards-at-western-university-2026	University of Western Ontario (Western university), Canada	https://www.registrar.uwo.ca/student_finances/scholarships_awards/in_course/needs_based_awards.html	www.registrar.uwo.ca	200	Need Based Awards - Office of the Registrar - Western University	title match 4/4
Western Continuing Admission Scholarship of Excellence for Indigenous Students at Western University 2026	western-continuing-admission-scholarship-of-excellence-for-indigenous-students-at-western-university-2026	University of Western Ontario (Western university), Canada	https://www.registrar.uwo.ca/student_finances/scholarships_awards/admission/westerns_admission_scholarship_for_black_and_indigenous_students.html	www.registrar.uwo.ca	200	Western's Admission Scholarships for Black Students and for Indigenous Students - Office of the Registrar - Western University	title match 7/9
"Bienvenue en France" Scholarship - Rennes School of Business	bienvenue-en-france-scholarship-rennes-school-of-business-cf	« Bienvenue en France » Scholarship - Rennes School of Business	https://www.rennes-sb.fr/financer-ses-etudes/	www.rennes-sb.fr	200	Financer ses études | Rennes School of Business	title match 3/6
Aberdeen Endowments Trust Educational Grant at Robert Gordon University Aberdeen 2026	aberdeen-endowments-trust-educational-grant-at-robert-gordon-university-aberdeen-2026	Robert Gordon University (RGU)	https://www.rgu.ac.uk/study/finance-funding/funding-and-scholarships/5450-aberdeen-endowments-trust-educational-grant	www.rgu.ac.uk	200	Aberdeen Endowments Trust Educational Grant | Funding and Scholarships | RGU	title match 6/9
RGU International Student Discount for Masters Students 2026	rgu-international-student-discount-for-masters-students-2026	Robert Gordon University (RGU)	https://www.rgu.ac.uk/study/finance-funding/funding-and-scholarships/2279-rgu-international-student-discount-for-master-s-students	www.rgu.ac.uk	200	RGU International Student Discount for Master's Students | Funding and Scholarships | RGU	title match 4/5
RISE (Research Intensive Summer Experience) at Rutgers	rise-research-intensive-summer-experience-at-rutgers	Rutgers University	http://www.rise.rutgers.edu/	www.rise.rutgers.edu	200	The Research Intensive Summer Experience (RISE) | Aresty Research Center	title match 4/5
Merit-Based Scholarship at RIT 2026	merit-based-scholarship-at-rit-2026	Rochester Institute of Technology (RIT), USA	https://www.rit.edu/admissions/aid/merit-based-scholarships	www.rit.edu	200	Merit-Based Scholarships | Admissions and Aid | RIT	title match 3/3
RMIT Research International Tuition Fee Scholarship 2026	rmit-research-international-tuition-fee-scholarship-2026	Australian government	https://www.rmit.edu.au/scholarships/research/international-tuition-fee-scholarships	www.rmit.edu.au	200	International Tuition Fee Scholarships - RMIT University	title match 3/4
Understanding COVID-19 and Improving Our Immune Response to the Vaccines PhD Scholarship at RMIT University 2025	understanding-covid-19-and-improving-our-immune-response-to-the-vaccines-phd-scholarship-at-rmit-university-2025	RMIT University, Melbourne City campus	https://www.rmit.edu.au/students/careers-opportunities/scholarships/research/phd-scholarship-understanding-covid19-and-improving-immune-response-to-vaccines	www.rmit.edu.au	200	PhD Scholarship in ‘Understanding COVID-19 and improving our immune response to the vaccines’ - RMIT University	title match 8/8
International Excellence Scholarships at RMIT Vietnam 2026	international-excellence-scholarships-at-rmit-vietnam-2026	RMIT University, Melbourne City campus	https://www.rmit.edu.vn/study-at-rmit/scholarships/international-student-scholarships/international-excellence-scholarships	www.rmit.edu.vn	200	International Excellence Scholarships - RMIT University	title match 3/4
University of Roehampton International Excellence Scholarship 2026	university-of-roehampton-international-excellence-scholarship-2026	University of Roehampton	https://www.roehampton.ac.uk/study/fees-and-funding/international-fees-and-financial-support/postgraduate-scholarships/	www.roehampton.ac.uk	200	International students | Scholarships for postgraduate students | University of Roehampton, London	title match 4/5
Esports Scholarship for Women at University of Roehampton 2026	esports-scholarship-for-women-at-university-of-roehampton-2026	University of Roehampton	https://www.roehampton.ac.uk/student-life/sport-roehampton/esports-scholarship/	www.roehampton.ac.uk	200	esports Scholarship | University of Roehampton, London	title match 4/5
Paid Rosetta Commons Research Experience for Undergraduates	paid-rosetta-commons-research-experience-for-undergraduates-srosetta	Columbia University	https://www.rosettacommons.org/about/intern	www.rosettacommons.org	200	Undergraduates - Rosetta Commons	title match 3/5
Roswell Park Cancer Institute, College Summer Research Experience in Cancer (SURE-CAN) Program	roswell-park-cancer-institute-college-summer-research-experience-in-cancer-sure-can-program	Roswell Park Cancer Institute	https://www.roswellpark.org/education/high-school-undergrad/college-summer-research-program	www.roswellpark.org	200	College Summer Research Experience in Cancer (SURE-CAN) Program | Roswell Park Comprehensive Cancer Center - Buffalo, NY	title match 8/9
The Scientific Post-doctoral Program (SPP)	the-scientific-post-doctoral-program-spp	Roswell Park Cancer Institute	https://www.roswellpark.org/education/postdoctoral-program	www.roswellpark.org	200	Postdoctoral Training Program | Roswell Park Comprehensive Cancer Center - Buffalo, NY	title match 2/3
Creative Destruction Lab Fellows Program at Rotman School of Management, University of Toronto 2026	creative-destruction-lab-fellows-program-at-rotman-school-of-management-university-of-toronto-2026	Rotman School of Management, University of Toronto	https://www.rotman.utoronto.ca/faculty-and-research/education-labs/creative-destruction-lab/	www.rotman.utoronto.ca	200	Creative Destruction Lab | Rotman School | University of Toronto	title match 6/9
Entrance Awards at Rotman School of Management 2026	entrance-awards-at-rotman-school-of-management-2026	Rotman School of Management, University of Toronto	https://www.rotman.utoronto.ca/registrar/finances/awards/	www.rotman.utoronto.ca	200	Awards | Rotman School | University of Toronto	title match 3/5
Royal Holloway India Postgraduate Scholarship 2026	royal-holloway-india-postgraduate-scholarship-2026	Royal Holloway, University of London (RHUL), Egham	https://www.royalholloway.ac.uk/studying-here/fees-and-funding/scholarships/royal-holloway-india-postgraduate-scholarship/	www.royalholloway.ac.uk	200	Royal Holloway India Masters Scholarship 2026 and 2027	title match 4/5
Royal Holloway International Postgraduate Scholarship 2027	royal-holloway-international-postgraduate-scholarship-2027	Royal Holloway, University of London (RHUL), Egham	https://www.royalholloway.ac.uk/studying-here/fees-and-funding/scholarships/royal-holloway-international-postgraduate-scholarship/	www.royalholloway.ac.uk	200	Royal Holloway International Masters Scholarship Sept 2027 and Jan 2028	title match 4/5
Visiting Student Program at Raman Research Institute 2025	visiting-student-program-at-raman-research-institute-2025	Raman Research Institute	https://www.rri.res.in/careers/visiting-students	www.rri.res.in	200	Visiting Students | Raman Research Institute	title match 5/6
Research Triangle – Research Experience for Undergraduates (RT-REU) on Hybrid Perovskite Materials	research-triangle-research-experience-for-undergraduates-rt-reu-on-hybrid-perovskite-materials-triangle	North Carolina State University	https://www.rtnn.ncsu.edu/reu/	www.rtnn.ncsu.edu	200	Research Triangle – Research Experience for Undergraduates (RT-REU) on Hybrid Perovskite Materials | Research Triangle Nanotechnology Network	title match 8/8
Research Triangle – Research Experience for Undergraduates (RT-REU) on Hybrid Perovskite Materials	research-triangle-research-experience-for-undergraduates-rt-reu-on-hybrid-perovskite-materials	Duke University	https://www.rtnn.ncsu.edu/reu/	www.rtnn.ncsu.edu	200	Research Triangle – Research Experience for Undergraduates (RT-REU) on Hybrid Perovskite Materials | Research Triangle Nanotechnology Network	title match 8/8
Eric Bleumink Scholarships at University of Groningen	eric-bleumink-scholarships-at-university-of-groningen-s4d	University of Groningen	http://www.rug.nl/education/international-students/financial-matters/ericbleumink	www.rug.nl	200	Eric Bleumink Fellowship | Education | University of Groningen	title match 3/4
Summer Undergraduate Research Program - The Graduate College at Rush University	summer-undergraduate-research-program-the-graduate-college-at-rush-university	Rush University Medical Center	https://www.rushu.rush.edu/graduate-college/about-graduate-college/undergraduate-research-programs	www.rushu.rush.edu	200	Summer Research Program | Division of Translational Science | Rush University	title match 4/7
Fulbright Scholarship at The Royal Veterinary College 2027-28	fulbright-scholarship-at-the-royal-veterinary-college-2027-28	Royal Veterinary College	https://www.rvc.ac.uk/study/scholarships-and-bursaries/other-funders/fulbright	www.rvc.ac.uk	200	Fulbright Scholarship - Scholarships provided by other funders - Scholarships and Bursaries at the RVC - Royal Veterinary College, RVC	title match 5/5
Advanced Research Opportunities Program (AROP) at RWTH Aachen University 2026	advanced-research-opportunities-program-arop-at-rwth-aachen-university-2026	RWTH Aachen University	https://www.rwth-aachen.de/go/id/fhgwb?lidx=1#aaaaaaaaaafhksx	www.rwth-aachen.de	200	Advanced Research Opportunities Program (AROP) | RWTH Aachen University | EN	title match 6/6
Sabancı University Graduate Scholarships	sabanc-university-graduate-scholarships-tr	Sabancı University	https://www.sabanciuniv.edu/en/graduate-scholarships	www.sabanciuniv.edu	200	Graduate Scholarships | Sabancı Üniversitesi	title match 3/4
Global Silver Excellence Scholarship at University of Salford 2026	global-silver-excellence-scholarship-at-university-of-salford-2026	University of Salford	https://www.salford.ac.uk/international/scholarships/global-silver-excellence-scholarship	www.salford.ac.uk	200	Global Silver Excellence Scholarship | University of Salford	title match 6/6
St:Johannes Stipendiefond	st-johannes-stipendiefond-se	St:Johannes Stipendiefond	https://www.sankt-johannes.se/index.php/stipendium	www.sankt-johannes.se	200	Stipendium &#8211; Sankt Johannes Orden	title match 1/2
SANSA Postgraduate Bursaries 2027	sansa-postgraduate-bursaries-2027	South African National Space Agency (SANSA)	http://www.sansa.org.za/bursaries	www.sansa.org.za	200	Bursaries - SANSA	title match 2/3
Undergraduate Complexity Summer Research	undergraduate-complexity-summer-research	Santa Fe Institute	https://www.santafe.edu/engage/learn/programs/undergraduate-complexity-research	www.santafe.edu	200	Programs: Undergraduate Complexity Research | Santa Fe Institute	title match 3/4
SARAO Masters Scholarship 2026	sarao-masters-scholarship-2026	National Research Foundation	https://www.sarao.ac.za/students/masters-scholarships/	www.sarao.ac.za	200	SARAO Freestanding Master&#039;s Scholarships - South African Radio Astronomy Observatory - NRF/SARAO	title match 2/3
Asia Top Talent Scholarships at UBC Sauder 2027	asia-top-talent-scholarships-at-ubc-sauder-2027	UBC Sauder School of Business	https://www.sauder.ubc.ca/ubc-mba/application-process/mba-scholarships-and-funding-options	www.sauder.ubc.ca	200	MBA scholarships and funding options | UBC Sauder School of Business	title match 2/3
Swiss Government Excellence Scholarships for Foreign Students	swiss-government-excellence-scholarships-for-foreign-students-s4d	Swiss Government	https://www.sbfi.admin.ch/en/swiss-government-excellence-scholarships-at-a-glance	www.sbfi.admin.ch	200	Swiss Government Excellence Scholarships at a Glance	title match 4/6
Executive MBA Directors Awards at Said Business School 2026	executive-mba-directors-awards-at-said-business-school-2026	Said Business School- Saïd (University of Oxford)	https://www.sbs.ox.ac.uk/oxford-experience/scholarships-and-funding/executive-mba-directors-scholarships	www.sbs.ox.ac.uk	200	Executive MBA Director&#039;s Awards | Saïd Business School	title match 4/5
Undergraduate Research on Ice Nucleationin Austria	undergraduate-research-on-ice-nucleationin-austria	Virginia Polytechnic Institute and State University	https://www.schmalelab.spes.vt.edu/IRES/home.html	www.schmalelab.spes.vt.edu	200	Undergraduate Research on Ice Nucleation in Austria	title match 3/4
Australia’s Global University Award at University of New South Wales 2026	australia-s-global-university-award-at-university-of-new-south-wales-2026	University of New South Wales (UNSW)	https://www.scholarships.unsw.edu.au/australias-global-university-award-puca1026	www.scholarships.unsw.edu.au	200	Australia&#039;s Global University Award (PUCA1026) | Scholarships	title match 5/7
The Emile Boutmy Scholarship at Sciences Po University 2026	the-emile-boutmy-scholarship-at-sciences-po-university-2026	Sciences Po, Paris Institute of Political Studies	https://www.sciencespo.fr/students/en/fees-funding/bursaries-financial-aid/emile-boutmy-scholarship	www.sciencespo.fr	200	The Émile Boutmy scholarship | Sciences Po Students	title match 3/5
Scientists in Parks (SIP) Interns	scientists-in-parks-sip-interns	Geological Society of America	https://www.scientistsinparks.org/	www.scientistsinparks.org	200	Scientists in Parks | Internships in the NPS	title match 3/3
Scientists in Parks (SIP) Interns	scientists-in-parks-sip-interns-ericasip	U.S. National Park Service	https://www.scientistsinparks.org/	www.scientistsinparks.org	200	Scientists in Parks | Internships in the NPS	title match 3/3
Johnson Scholars Award for First year Undergraduates at Santa Clara University 2026	johnson-scholars-award-for-first-year-undergraduates-at-santa-clara-university-2026	Santa Clara University	https://www.scu.edu/johnsonscholars/	www.scu.edu	200	The Johnson Scholars Program  - Santa Clara University	title match 5/8
Southern Cross University Vice Chancellor’s Scholarship at Southern Cross University 2026	southern-cross-university-vice-chancellor-s-scholarship-at-southern-cross-university-2026	Southern Cross University	https://www.scu.edu.au/scholarships/southern-cross-university-vice-chancellors-scholarship/	www.scu.edu.au	200	Vice Chancellor&rsquo;s Scholarship - Southern Cross University	title match 8/8
Jackrabbit Guarantee Scholarship at South Dakota State University 2026	jackrabbit-guarantee-scholarship-at-south-dakota-state-university-2026	South Dakota State University	https://www.sdstate.edu/international-affairs/funding-your-education	www.sdstate.edu	200	Financial Assistance for International Students | South Dakota State University	title match 4/7
Universiti Putra Malaysia (UPM)-SEARCA Joint Scholarship 2025	universiti-putra-malaysia-upm-searca-joint-scholarship-2025	Universiti Putra Malaysia (UPM)	https://www.searca.org/upm-scholarship	www.searca.org	200	Universiti Putra Malaysia (UPM)-SEARCA Joint Scholarship - SEARCA	title match 6/6
Seattle University Physics Scholarship 2026	seattle-university-physics-scholarship-2026	Seattle University (SU)	https://www.seattleu.edu/science-engineering/deans-office/scholarships/	www.seattleu.edu	200	Scholarships | Dean's Office | College of Science & Engineering | Seattle University	title match 3/4
SEEU Merit Based Scholarships at South East European University (MBS) 2026	seeu-merit-based-scholarships-at-south-east-european-university-mbs-2026	South East European University, SEEU	https://www.seeu.edu.mk/en/future-students/financial-aid#scholar	www.seeu.edu.mk	200	South East European University - Financial Aid	title match 3/6
Undergraduate Scholars Entrance Scholarship at Simon Fraser University 2025	undergraduate-scholars-entrance-scholarship-at-simon-fraser-university-2025	Simon Fraser University (SFU), Canada	https://www.sfu.ca/students/financialaid/entrance/regulations/USES.html	www.sfu.ca	200	Entrance - Financial Aid and Awards - Simon Fraser University	title match 4/7
Undergrad Internships at Shoals Marine Laboratory	undergrad-internships-at-shoals-marine-laboratory	Cornell University	http://www.shoalsmarinelaboratory.org/student-research-internships	www.shoalsmarinelaboratory.org	200	Shoals Undergraduate Research Group | Shoals Marine Lab	title match 3/5
Undergrad Internships at Shoals Marine Laboratory	undergrad-internships-at-shoals-marine-laboratory-llshoals	Shoals Marine Laboratory	http://www.shoalsmarinelaboratory.org/student-research-internships	www.shoalsmarinelaboratory.org	200	Shoals Undergraduate Research Group | Shoals Marine Lab	title match 3/5
Summer Health Professions Education Program (SHPEP)	summer-health-professions-education-program-shpep	University of Texas Health Sciences Center, Houston	http://www.shpep.org/apply-to-shpep/faqs/	www.shpep.org	200	Application FAQs - Summer Health Professions Education Program	title match 5/6
Performance Athlete Support Programme at Sheffield Hallam University 2026	performance-athlete-support-programme-at-sheffield-hallam-university-2026	Sheffield Hallam University (SHU)	https://www.shu.ac.uk/funding/scholarships-and-bursaries/performance-athletes-support-programme	www.shu.ac.uk	200	Performance Athlete Support Programme  | Sheffield Hallam University	title match 7/7
Vice Chancellors Award at Sheffield Hallam University 2026	vice-chancellors-award-at-sheffield-hallam-university-2026	Sheffield Hallam University (SHU)	https://www.shu.ac.uk/funding/scholarships-and-bursaries/vice-chancellors-awards	www.shu.ac.uk	200	Get a Vice-Chancellor&#39;s Award  | Sheffield Hallam University	title match 4/5
Simons Graduate Fellowships in Ecology and Evolution	simons-graduate-fellowships-in-ecology-and-evolution	Simons Foundation	https://www.simonsfoundation.org/grant/simons-graduate-fellowships-in-ecology-and-evolution/	www.simonsfoundation.org	200	Simons Graduate Fellowships in Ecology and Evolution	title match 5/5
Sitaram Jindal Scholarship Scheme 2026	sitaram-jindal-scholarship-scheme-2026	Sitaram Jindal Foundation	https://www.sitaramjindalfoundation.org/scholarships-for-students-in-bangalore.php	www.sitaramjindalfoundation.org	200	Scholarship for Degree Students (BE, Diploma, B.com. PG) | Scholarships for PG Students in Bangalore | SR Jindal Scholarship	title match 2/4
International Undergraduate Scholarships at Saint Michael’s College 2026	international-undergraduate-scholarships-at-saint-michael-s-college-2026	Saint Michael's College	https://www.smcvt.edu/admission-aid/applysmc/international-scholarships/#:~:text=Scholarships%20for%20International%20Undergraduate%20Students,considered%20for%20merit%2Dbased%20aid.	www.smcvt.edu	200	Tuition &#038; The International Scholarship | Saint Michael&#039;s College	title match 4/6
UCD Alumni Tuition Reduction 2026	ucd-alumni-tuition-reduction-2026	UCD Michael Smurfit Graduate Business School	https://www.smurfitschool.ie/admissions/scholarships/ucdalumnituitionreduction/	www.smurfitschool.ie	200	UCD Alumni Tuition Reduction  | UCD Smurfit School	title match 3/3
SOAS Meiji Jingu Japanese Studies Research Scholarships 2026	soas-meiji-jingu-japanese-studies-research-scholarships-2026	School of Oriental and African Studies (SOAS) University of London	https://www.soas.ac.uk/study/student-life/finance/scholarships/meiji-jingu-japanese-studies-research-scholarships	www.soas.ac.uk	200	Meiji Jingu Scholarships | SOAS	title match 3/6
Solent EU Welcome Scholarship at the Solent University 2026	solent-eu-welcome-scholarship-at-the-solent-university-2026	Solent University (Southampton Solent University)	https://www.solent.ac.uk/finance/scholarships-and-bursaries/solent-eu-welcome-scholarship	www.solent.ac.uk	200	Solent EU Welcome Scholarship	title match 4/5
Students of Colour Scholarship at the Solent University 2026	students-of-colour-scholarship-at-the-solent-university-2026	Solent University (Southampton Solent University)	https://www.solent.ac.uk/finance/scholarships-and-bursaries/students-of-colour-scholarship	www.solent.ac.uk	200	Students of Colour Scholarship	title match 3/5
Sophia University New Student Scholarships 2026	sophia-university-new-student-scholarships-2026	Sophia University	https://www.sophia.ac.jp/eng/admissions-and-aid/tuition/scholarship-before/	www.sophia.ac.jp	200	Scholarships to apply for before entering undergraduate programs&nbsp;|&nbsp;Sophia University	title match 3/4
Presidential bursaries at University of Southampton 2026	presidential-bursaries-at-university-of-southampton-2026	University of Southampton	https://www.southampton.ac.uk/study/fees-funding/scholarships/postgraduate-uk/presidential-bursaries	www.southampton.ac.uk	200	Presidential bursaries | University of Southampton	title match 4/4
Vietnam Excellence Scholarship at University of Southampton 2026	vietnam-excellence-scholarship-at-university-of-southampton-2026	University of Southampton	https://www.southampton.ac.uk/study/fees-funding/postgraduate/scholarships/vietnam-excellence-scholarship	www.southampton.ac.uk	200	Vietnam Excellence Scholarship | University of Southampton	title match 5/5
Vice-Chancellor’s Global Achievers Award at the  University of Southampton 2026	vice-chancellor-s-global-achievers-award-at-the-university-of-southampton-2026	University of Southampton	https://www.southampton.ac.uk/study/fees-funding/vice-chancellors-global-achievers-award	www.southampton.ac.uk	200	Vice-Chancellor’s Global Achievers Award | University of Southampton	title match 6/6
Non-Resident Fee Waivers at Southeastern Louisiana University 2026	non-resident-fee-waivers-at-southeastern-louisiana-university-2026	Southeastern Louisiana University	https://www.southeastern.edu/admin/international/future_students/scholarships/index.html	www.southeastern.edu	200	Scholarships - Southeastern Louisiana University	title match 3/5
Sport Scholarships at University of Manchester 2026	sport-scholarships-at-university-of-manchester-2026	Alliance Manchester Business School- Alliance MBS (University of Manchester)	https://www.sport.manchester.ac.uk/sport-and-activity/scholarships/	www.sport.manchester.ac.uk	200	UoM Sport | Sport Scholarships	title match 2/4
SMART Scholarship at Staffordshire University 2025	smart-scholarship-at-staffordshire-university-2025	University of Staffordshire	https://www.staffs.ac.uk/international/your-application-journey/scholarships-fees/smart-scholarship	www.staffs.ac.uk	200	Smart Scholarship - University of Staffordshire	title match 4/4
Global Impact Scholarship at Stevens Institute of Technology 2026	global-impact-scholarship-at-stevens-institute-of-technology-2026	Stevens Institute of Technology (SIT)	https://www.stevens.edu/page-basic/stevens-scholarships	www.stevens.edu	200	How to Apply for Scholarships | Stevens Institute of Technology	title match 4/6
Stevens Excellence Doctoral Fellowship at Stevens Institute of Technology 2026	stevens-excellence-doctoral-fellowship-at-stevens-institute-of-technology-2026	Stevens Institute of Technology (SIT)	https://www.stevens.edu/academics/graduate-study/graduate-funding/assistantships-and-fellowships#scholarships-fellowships	www.stevens.edu	200	Graduate Assistantships &amp; Research Fellowships | Stevens Institute of Technology	title match 5/7
John Robert Hamilton Memorial Scholarship at University of Stirling 2026	john-robert-hamilton-memorial-scholarship-at-university-of-stirling-2026	University of Stirling	https://www.stir.ac.uk/scholarships/arts-humanities/john-robert-hamilton-memorial-scholarship/	www.stir.ac.uk	200	John Robert Hamilton Memorial Scholarship | Scholarships | University of Stirling	title match 6/6
International Undergraduate Scholarship at University of Stirling 2026	international-undergraduate-scholarship-at-university-of-stirling-2026	University of Stirling	https://www.stir.ac.uk/scholarships/general/undergraduate/international-undergraduate-scholarship/	www.stir.ac.uk	200	International Undergraduate Scholarship | Scholarships | University of Stirling	title match 5/5
St Paul’s School Academic Scholarships 2026	st-paul-s-school-academic-scholarships-2026	St Paul's School	https://www.stpauls.qld.edu.au/enrolments/scholarships/	www.stpauls.qld.edu.au	200	Scholarships - St Paul&#039;s School	title match 2/3
Mature Students Hardship Fund 2022	mature-students-hardship-fund-2022	University of Strathclyde	https://www.strath.ac.uk/studywithus/scholarships/maturestudentshardshipfund/	www.strath.ac.uk	200	Mature Students Hardship Fund | University of Strathclyde	title match 3/3
BBA International Scholarship at University of Strathclyde 2026	bba-international-scholarship-at-university-of-strathclyde-2026	Strathclyde Business School	https://www.strath.ac.uk/studywithus/scholarships/bbainternationalscholarship/	www.strath.ac.uk	200	BBA International Scholarship | University of Strathclyde	title match 4/4
The Miriam Rothschild Scholarship in Conservation Leadership 2025	the-miriam-rothschild-scholarship-in-conservation-leadership-2025	University of Cambridge	https://www.student-funding.cam.ac.uk/fund/the-miriam-rothschild-scholarship-in-conservation-leadership-2023	www.student-funding.cam.ac.uk	200	The Miriam Rothschild Scholarship in Conservation Leadership - Postgraduate Funding Search	title match 5/5
Fitzwilliam College E. D. Davies Scholarship at University of Cambridge 2026-27	fitzwilliam-college-e-d-davies-scholarship-at-university-of-cambridge-2026-27	University of Cambridge	https://www.student-funding.cam.ac.uk/fund/fitzwilliam-college-e-d-davies-scholarship-2025	www.student-funding.cam.ac.uk	200	Fitzwilliam College E. D. Davies Scholarship - Postgraduate Funding Search	title match 4/6
Keio University Graduate School Scholarship 2026	keio-university-graduate-school-scholarship-2026	Keio University	https://www.students.keio.ac.jp/en/com/scholarships/guideline/internal.html	www.students.keio.ac.jp	200	Internal Scholarships (Scholarships Offered by Keio University)：Keio University Student Website	title match 2/4
Keio University Scholarship 2026	keio-university-scholarship-2026	Keio University	https://www.students.keio.ac.jp/en/com/scholarships/guideline/internal.html#:~:text=Keio%20University%20Scholarship	www.students.keio.ac.jp	200	Internal Scholarships (Scholarships Offered by Keio University)：Keio University Student Website	title match 2/2
Summer Undergraduate Research in Engineering Science	summer-undergraduate-research-in-engineering-science	Georgia Institute of Technology	http://www.sure.gatech.edu	www.sure.gatech.edu	200	Home | Summer Undergraduate Research in Engineering (SURE)	title match 4/5
Surgical Oncology Research Training Program	surgical-oncology-research-training-program	University of Wisconsin, Madison	https://www.surgery.wisc.edu/education-training/training-for-researchers/surgical-oncology-research-training-program/	www.surgery.wisc.edu	200	Surgical Oncology Research Training Program - Department of Surgery	title match 5/5
University of Surrey Discounts for Surrey Graduates 2026	university-of-surrey-discounts-for-surrey-graduates-2026	University of Surrey	https://www.surrey.ac.uk/fees-and-funding/scholarships-and-bursaries/discounts-surrey-graduates-2024	www.surrey.ac.uk	200	Discounts for Surrey graduates | University of Surrey	title match 5/5
Sussex Turkey Scholarship for Undergraduate Students at the University of Sussex 2026	sussex-turkey-scholarship-for-undergraduate-students-at-the-university-of-sussex-2026	University of Sussex	https://www.sussex.ac.uk/study/fees-funding/undergraduate-scholarships/view/1895-Sussex-Turkey-Scholarship-Undergraduate	www.sussex.ac.uk	200	Sussex Türkiye Scholarship (Undergraduate) : University of Sussex	title match 5/7
Sussex Alumni Award 2026	sussex-alumni-award-2026	University of Sussex	https://www.sussex.ac.uk/study/fees-funding/masters-scholarships/view/1881-Sussex-Alumni-Scholarship	www.sussex.ac.uk	200	Sussex Alumni Scholarship : University of Sussex	title match 2/3
Temasek Foundation - RKS Nachiappan Scholarship at Singapore University of Technology and Design (SUTD) 2026	temasek-foundation-rks-nachiappan-scholarship-at-singapore-university-of-technology-and-design-sutd-2026	Temasek Foundation	https://www.sutd.edu.sg/admissions/undergraduate/scholarship/sutd-administered/temasek-foundation-rks-nachiappan-scholarship/	www.sutd.edu.sg	200	Temasek Foundation – RKS Nachiappan Scholarship - Singapore University of Technology and Design (SUTD)	title match 8/8
SUTD PhD President’s Graduate Fellowship (PGF) 2026	sutd-phd-president-s-graduate-fellowship-pgf-2026	Singapore University of Technology and Design (SUTD)	https://www.sutd.edu.sg/Admissions/Graduate/Scholarships	www.sutd.edu.sg	200	SUTD graduate fellowships / scholarships - Singapore University of Technology and Design (SUTD)	title match 2/3
Mr and Mrs Tan Tuck Meng — SUTD Scholarship 2026	mr-and-mrs-tan-tuck-meng-sutd-scholarship-2026	Singapore University of Technology and Design (SUTD)	https://www.sutd.edu.sg/admissions/undergraduate/scholarship/sutd-administered/mr-and-mrs-tan-tuck-meng-sutd-scholarship/	www.sutd.edu.sg	200	Mr and Mrs Tan Tuck Meng – SUTD Scholarship - Singapore University of Technology and Design (SUTD)	title match 1/1
Swansea University International Postgraduate Alumni Bursaries 2026	swansea-university-international-postgraduate-alumni-bursaries-2026	Swansea University	https://www.swansea.ac.uk/international-students/my-finances/international-scholarships/pg-scholarships/#international-postgraduate-alumni-bursaries=is-expanded	www.swansea.ac.uk	200	International Postgraduate Scholarships and Bursaries - Swansea University	title match 5/6
Swansea University Academic scholarships 2026	swansea-university-academic-scholarships-2026	Swansea University	https://www.swansea.ac.uk/undergraduate/scholarships/excellence-bursaries/	www.swansea.ac.uk	200	Academic Scholarships for Undergraduates - Swansea University	title match 4/4
Swinburne International Scholarship at Swinburne University of Technology 2026	swinburne-international-scholarship-at-swinburne-university-of-technology-2026	Swinburne University of Technology	https://www.swinburne.edu.au/courses/scholarships/international-scholarships/	www.swinburne.edu.au	200	Scholarships for international students | Swinburne	title match 4/6
Sydney International Student Award (Malaysia) at The University of Sydney 2026	sydney-international-student-award-malaysia-at-the-university-of-sydney-2026	The University of Sydney	https://www.sydney.edu.au/scholarships/e/sydney-international-student-award-malaysia.html	www.sydney.edu.au	200	Sydney International Student Award - The University of Sydney	title match 6/7
Wigram Allen Scholarship for the Juris Doctor Award at University of Sydney 2026	wigram-allen-scholarship-for-the-juris-doctor-award-at-university-of-sydney-2026	The University of Sydney	https://www.sydney.edu.au/scholarships/b/wigram-allen-scholarship-juris-doctor-award.html	www.sydney.edu.au	200	Wigram Allen Scholarship Juris Doctor Award - Scholarships	title match 6/8
Janet O Connor Postgraduate Scholarship at The University of Sydney 2025	janet-o-connor-postgraduate-scholarship-at-the-university-of-sydney-2025	The University of Sydney	https://www.sydney.edu.au/scholarships/b/janet-oconnor-scholarship.html	www.sydney.edu.au	200	Janet O&#39;Connor Postgraduate Scholarship - Scholarships	title match 4/6
Chemical Engineering and Technology — Shenyang University of Chemical Technology (Bachelor's)	chemical-engineering-and-technology-shenyang-university-of-chemical-technology-bachelor-s	Shenyang University of Chemical Technology	https://www.syuct.edu.cn/gjjy/info/1099/1091.htm	www.syuct.edu.cn	200	Setting and Implementation of Scholarship and Subsidy for International Students in Shenyang University of Chemical Technology   -国际教育学院	title match 6/8
Javelina Graduate Scholarship at Texas A&M University, Kingsville(Graduate students) 2026	javelina-graduate-scholarship-at-texas-a-m-university-kingsville-graduate-students-2026	Texas A&M University - Kingsville (TAMUK)	https://www.tamuk.edu/enrollment-management/scholarships/graduate-students/index.html	www.tamuk.edu	200	University Scholarships | Texas A&amp;M University Kingsville	title match 4/8
Academic Summer Programs Scholarship at Taylor University 2026	academic-summer-programs-scholarship-at-taylor-university-2026	Taylor's University	https://www.taylor.edu/admissions/tuition-and-funding/scholarships	www.taylor.edu	200	Available Scholarships for Taylor Students | Taylor University Upland, IN	title match 3/6
TCA Study Abroad Scholarships for American Students of Minority and Heritage Communities 2026	tca-study-abroad-scholarships-for-american-students-of-minority-and-heritage-communities-2026	Turkish Coalition of America	https://www.tc-america.org/scholarships/study-abroad-in-turkey-for-american-%20minority-students/about-53.htm#how-to-apply	www.tc-america.org	200	TCA Study Abroad Scholarships for American Students of Minority and Heritage Communities	title match 8/8
Global Excellence Scholarship at Teesside University 2025	global-excellence-scholarship-at-teesside-university-2025	Teesside University, Middlesbrough	https://www.tees.ac.uk/sections/international/global_excellence_scholarship.cfm	www.tees.ac.uk	200	Global Excellence Scholarship | International | Teesside University	title match 5/5
Brittan Scholarship at Teesside University 2026	brittan-scholarship-at-teesside-university-2026	Teesside University, Middlesbrough	https://www.tees.ac.uk/sections/fulltime/scholarships_brittan.cfm	www.tees.ac.uk	200	Brittan Scholarship | Undergraduate study | Teesside University	title match 4/4
Bodil M. Schmidt-Nielsen Distinguished Mentor and Scientist Award	bodil-m-schmidt-nielsen-distinguished-mentor-and-scientist-award	American Physiological Society	http://www.the-aps.org/schmidtnielsen	www.the-aps.org	200	Bodil M. Schmidt-Nielsen Distinguished Mentor and Scientist Award | American Physiological Society	title match 7/7
International Student Leadership Award (ISLA) at Toronto Metropolitan University 2026	international-student-leadership-award-isla-at-toronto-metropolitan-university-2026	Toronto Metropolitan University, TMU Ryerson University	https://www.torontomu.ca/admissions/scholarships-awards/#:~:text=The%20Terence%20Grier%20Entrance%20Scholarship,university%20status%20at%20the%20institution.	www.torontomu.ca	200	Scholarships and Awards - Admissions - Toronto Metropolitan University (TMU)	title match 4/7
Motivational Scholarship (Trimester 1 Accelerated) at Torrens University Australia 2026	motivational-scholarship-trimester-1-accelerated-at-torrens-university-australia-2026	Torrens University	https://www.torrens.edu.au/how-to-apply/fees-scholarships/scholarships/international-scholarships	www.torrens.edu.au	200	International Student Scholarships in Australia | Torrens University	title match 4/7
Offshore Online Scholarship at Torrens University 2026	offshore-online-scholarship-at-torrens-university-2026	Torrens University	https://www.torrens.edu.au/how-to-apply/fees-scholarships/scholarships/international-scholarships/offshore-online-scholarship	www.torrens.edu.au	200	Offshore Online Scholarship | Torrens University	title match 5/5
Transylvania University Premier Scholarship Program 2026	transylvania-university-premier-scholarship-program-2026	Transylvania University	https://www.transy.edu/financial-aid/scholarships-grants-aid/transylvanias-merit-scholarships/premier-scholarship-program/	www.transy.edu	200	Scholarships | Transylvania University	title match 3/5
International Merit Scholarships at Transylvania University 2024	international-merit-scholarships-at-transylvania-university-2024	Transylvania University	https://www.transy.edu/financial-aid/scholarships-grants-aid/international-scholarships/	www.transy.edu	200	Scholarships | Transylvania University	title match 3/5
Justin Chiu International Scholarship at Trent University 2025	justin-chiu-international-scholarship-at-trent-university-2025	Trent University	https://www.trentu.ca/futurestudents/scholarships-tuition/international-scholarships-awards	www.trentu.ca	200	Scholarships - Trent International - Trent University	title match 4/5
International Athletic Scholarships at Thompson Rivers University 2026	international-athletic-scholarships-at-thompson-rivers-university-2026	Thompson Rivers University, Canada	https://www.tru.ca/truworld/future-students/scholarships/international-athletic-scholarships.html	www.tru.ca	200	International Athletic Scholarships	title match 3/6
TU Delft Justus & Louise van Effen Excellence Scholarships 2026	tu-delft-justus-louise-van-effen-excellence-scholarships-2026	Delft University of Technology or Technische Universiteit Delft (TU Delft)	https://www.tudelft.nl/onderwijs/studievoorlichting/praktische-zaken/scholarships/justus-louise-van-effen-excellence-scholarships	www.tudelft.nl	200	Justus &amp; Louise van Effen Excellence Scholarships	title match 5/6
Undergraduate Merit Scholarships at Temple University 2026	undergraduate-merit-scholarships-at-temple-university-2026	Temple University	https://www.tuj.ac.jp/ug/cost-financial-aid/scholarships/for-incoming-students.html	www.tuj.ac.jp	200	Undergraduate Scholarships | | Temple University, Japan Campus	title match 4/5
Tampere University tuition fee scholarships at Finland, 2026	tampere-university-tuition-fee-scholarships-at-finland-2026	Tampere University	https://www.tuni.fi/en/study-with-us/apply-to-tampere-university/financial-matters/scholarships	www.tuni.fi	200	Tuition Fees and Scholarships at Tampere University | Tampere University	title match 4/5
University of Tokyo Fellowship for International Students	university-of-tokyo-fellowship-for-international-students-jp	The University of Tokyo	https://www.u-tokyo.ac.jp/en/prospective-students/fellowship.html	www.u-tokyo.ac.jp	200	The University of Tokyo Fellowship | The University of Tokyo	title match 3/5
University of Tokyo Japanese Government (MEXT) Scholarship	university-of-tokyo-japanese-government-mext-scholarship-jp	Japanese Government (MEXT)	https://www.u-tokyo.ac.jp/en/prospective-students/mext_scholarship.html	www.u-tokyo.ac.jp	200	Japanese Government (Monbukagakusho: MEXT) Scholarship | The University of Tokyo	title match 5/5
Darwin T. Turner Scholars Program at University of Cincinnati 2026	darwin-t-turner-scholars-program-at-university-of-cincinnati-2026	University of Cincinnati	https://www.uc.edu/campus-life/student-affairs/turner.html	www.uc.edu	200	Darwin T. Turner Scholars Program | University of Cincinnati	title match 6/6
UC3M Scholarships for University Master's Degrees	uc3m-scholarships-for-university-master-s-degrees-es	Charles III University of Madrid (UC3M)	https://www.uc3m.es/postgraduate/aid	www.uc3m.es	200	Scholarships to study a University Master's | UC3M	title match 3/4
UCA Creative Development Scholarship 2025	uca-creative-development-scholarship-2025	University for the Creative Arts (UCA)	https://www.uca.ac.uk/study-at-uca/scholarships/	www.uca.ac.uk	200	Scholarships | University for the Creative Arts	title match 2/3
iitaapohtop Excellence Award - Entrance at University of Calgary 2026	iitaapohtop-excellence-award-entrance-at-university-of-calgary-2026	University of Calgary, Canada	https://www.ucalgary.ca/registrar/awards/iitaapohtop-excellence-award-entrance	www.ucalgary.ca	200	ii&#039;taa&#039;poh&#039;to&#039;p Excellence Award - Entrance | Office of the Registrar | University of Calgary	title match 5/6
University Canada West Alumni Grant at University Canada West 2026	university-canada-west-alumni-grant-at-university-canada-west-2026	University Canada West (UCW), Canada	https://www.ucanwest.ca/admissions/awards-scholarships	www.ucanwest.ca	200	Awards &amp; Scholarships | University Canada West	title match 4/6
Women in Leadership Scholarship at University College Birmingham 2026	women-in-leadership-scholarship-at-university-college-birmingham-2026	University College Birmingham	https://www.ucb.ac.uk/student-support/financial-support/scholarships-and-waivers/women-in-leadership-scholarship/	www.ucb.ac.uk	200	Women in Leadership Scholarship | University College Birmingham	title match 6/6
Early Action Scholarship at University College Birmingham 2026	early-action-scholarship-at-university-college-birmingham-2026	University College Birmingham	https://www.ucb.ac.uk/student-support/financial-support/scholarships-and-waivers/early-action-scholarship/	www.ucb.ac.uk	200	Early Action Scholarship | University College Birmingham	title match 6/6
SONM Student leader of the year at University College Cork 2026	sonm-student-leader-of-the-year-at-university-college-cork-2026	University College Cork	https://www.ucc.ie/en/scholarships/undergrad/comhugtable/comhugsonmstldoty/	www.ucc.ie	200	SONM Student leader of the year | University College Cork	title match 4/4
Monex Scholarship Program 2025	monex-scholarship-program-2025	University College Cork	https://www.ucc.ie/en/scholarships/undergrad/blug/blschugmsp/	www.ucc.ie	200	Monex Scholarship Program | University College Cork	title match 3/3
Fee Discount 25% for Returning Students at University College Cork 2026	fee-discount-25-for-returning-students-at-university-college-cork-2026	University College Cork	https://www.ucc.ie/en/scholarships/internationaltable/interntschfd25rs/	www.ucc.ie	200	CACSSS Fee Discount 25% for Returning Students | University College Cork	title match 5/5
Postdoctoral Fellowship Training Program in Global HIV Prevention Research	postdoctoral-fellowship-training-program-in-global-hiv-prevention-research	National Institutes of Health (NIH)	https://www.uclahealth.org/departments/medicine/infectious-diseases/global-health/global-health-education-training/postdoctoral-fellowship-training-program-global-hiv	www.uclahealth.org	200	Postdoctoral Fellowship Training Program in Global HIV Prevention Research - Infectious Diseases | UCLA Health	title match 7/7
Postdoctoral Fellowship Training Program in Global HIV Prevention Research	postdoctoral-fellowship-training-program-in-global-hiv-prevention-research-alhealth	University of California, Los Angeles	https://www.uclahealth.org/departments/medicine/infectious-diseases/global-health/global-health-education-training/postdoctoral-fellowship-training-program-global-hiv	www.uclahealth.org	200	Postdoctoral Fellowship Training Program in Global HIV Prevention Research - Infectious Diseases | UCLA Health	title match 7/7
University of Central Lancashire Family Loyalty Scholarship 2026	university-of-central-lancashire-family-loyalty-scholarship-2026	University of Central Lancashire	https://www.uclan.ac.uk/study/fees-and-finance/bursaries-and-scholarships/family-loyalty	www.uclan.ac.uk	200	Family Loyalty Scholarship	title match 3/6
UCLan Cyprus Undergraduate Scholarships 2026	uclan-cyprus-undergraduate-scholarships-2026	University of Central Lancashire	https://www.uclancyprus.ac.cy/study/admissions/fees-scholarships/	www.uclancyprus.ac.cy	200	Fees &amp; Scholarships | UCLan Cyprus	title match 3/4
College of Agriculture and Natural Resources (CANR) Summer Institute	college-of-agriculture-and-natural-resources-canr-summer-institute	University of Delaware	https://www.udel.edu/academics/colleges/canr/current-students/current-undergrad/careers-and-internships/summer-institute/	www.udel.edu	200	Summer Research Experience | Undergraduate Students | College of Agriculture and Natural Resources	title match 5/6
Summer Opportunities for Undergraduate Research & Creative Endeavors (SOURCE)	summer-opportunities-for-undergraduate-research-creative-endeavors-source	University of Delaware	https://www.udel.edu/academics/colleges/grad/research/summer-research/source/	www.udel.edu	200	Summer Opportunities for Undergraduate Research and Creative Endeavors (SOURCE) Program | Graduate College | University of Delaware	title match 7/7
Aquaculture Support Scheme at University of the Highlands and Islands 2026	aquaculture-support-scheme-at-university-of-the-highlands-and-islands-2026	University of the Highlands and Islands (UHI)	https://www.uhi.ac.uk/en/studying-at-uhi/how-much-will-it-cost/funding-your-studies/bursaries-and-scholarships/aquaculture-support-scheme.html	www.uhi.ac.uk	200	Funding - Scholarships, Bursaries, Awards and Discretionary Funds - Aquaculture Support Scheme	title match 3/6
Jim Kemmy India Scholarships at University of Limerick 2026	jim-kemmy-india-scholarships-at-university-of-limerick-2026	University of Limerick	https://www.ul.ie/gps/international-student/scholarships-international-students/indian-students-scholarships	www.ul.ie	200	Indian Students Scholarships | University of Limerick	title match 4/5
UL Progression Scholarship at University of Limerick 2025	ul-progression-scholarship-at-university-of-limerick-2025	University of Limerick	https://www.ul.ie/gps/international-student/scholarships-international-students/ul-progression-scholarship	www.ul.ie	200	UL Progression Scholarship | University of Limerick	title match 4/4
U of L Graduate Research Award (ULGRA) at University of Lethbridge 2025	u-of-l-graduate-research-award-ulgra-at-university-of-lethbridge-2025	University of Lethbridge	https://www.ulethbridge.ca/graduate-studies/awards/u-l-graduate-research-award-ulgra	www.ulethbridge.ca	200	U of L Graduate Research Award (ULGRA) | University of Lethbridge	title match 6/6
International Freshmen Scholarships UMass Dartmouth 2026	international-freshmen-scholarships-umass-dartmouth-2026	University of Massachusetts Dartmouth	https://www.umassd.edu/undergraduate/international/financial/	www.umassd.edu	200	Financial Information | International Undergraduate Admissions | UMass Dartmouth	title match 3/5
International Transfers at UMass Dartmouth 2026	international-transfers-at-umass-dartmouth-2026	University of Massachusetts Dartmouth	https://www.umassd.edu/undergraduate/international/financial/	www.umassd.edu	200	Financial Information | International Undergraduate Admissions | UMass Dartmouth	title match 3/4
Research Experiences for Undergraduates in Integrative and Evolutionary Biology (REU)	research-experiences-for-undergraduates-in-integrative-and-evolutionary-biology-reu	University of Massachusetts, Boston	https://www.umb.edu/science-mathematics/academic-departments/biology/student-resources/research-experiences-for-undergraduates/	www.umb.edu	200	Research Experiences For Undergraduates - UMass Boston	title match 3/6
Out Of State, National and International Scholarships at UMass Lowell 2026	out-of-state-national-and-international-scholarships-at-umass-lowell-2026	University of Massachusetts Lowell	https://www.uml.edu/thesolutioncenter/financial-aid/Scholarships/Freshmen.aspx#Non-Mass	www.uml.edu	200	Scholarships for First-Year Students | Merit Scholarships | My Financial Aid | The Solution Center | UMass Lowell	title match 3/6
Umeå University scholarships	ume-university-scholarships-se	Umeå University	https://www.umu.se/en/education/fees-and-scholarships/scholarships/	www.umu.se	200	Scholarships	title match 1/2
University of Mary Washington International Scholarships, 2025	university-of-mary-washington-international-scholarships-2025	University of Mary Washington, Virginia	https://www.umw.edu/admissions/international/international-scholarships/	www.umw.edu	200	Scholarships for International Students - Admissions	title match 2/4
UNESCO Fellowships	unesco-fellowships-se	UNESCO Fellowships	https://www.unesco.org/en/fellowships	www.unesco.org	200	UNESCO Fellowships | UNESCO	title match 2/2
Degree Completion Grants for International Students at Universitat Hamburg 2026	degree-completion-grants-for-international-students-at-universitat-hamburg-2026	University of Hamburg	https://www.uni-hamburg.de/en/internationales/studierende/incoming/studium-mit-abschluss/waehrend-des-studiums/finanzierung/examensstipendien.html	www.uni-hamburg.de	200	Degree completion grants : UHH : University of Hamburg	title match 4/7
Amirana Scholarships at Heidelberg University 2026	amirana-scholarships-at-heidelberg-university-2026	Heidelberg University, Germany	https://www.uni-heidelberg.de/en/alumni/career/scholarships/amirana-scholarship	www.uni-heidelberg.de	200	Heidelberg University - Zukunft seit 1386	title match 2/4
Bocconi Graduate Merit Awards at Bocconi University 2026-27	bocconi-graduate-merit-awards-at-bocconi-university-2026-27	Bocconi University	https://www.unibocconi.it/en/applying-bocconi/master-science-and-ma-programs/funding/bocconi-graduate-merit-awards-ay-2026-27	www.unibocconi.it	200	Bocconi Graduate merit Awards a.y. 2026-27 | Bocconi University	title match 6/6
PhD International Awards at Free University of Bozen-Bolzano 2026	phd-international-awards-at-free-university-of-bozen-bolzano-2026	Free University of Bozen-Bolzano	https://www.unibz.it/en/applicants/phd-programmes/	www.unibz.it	200	PhD Programmes / Free University of Bozen-Bolzano	title match 3/5
Padua International Excellence Scholarship Programme 2026	padua-international-excellence-scholarship-programme-2026	University of Padua	https://www.unipd.it/en/padua-excellence	www.unipd.it	200	Padua International Excellence Scholarship Programme | Università di Padova	title match 5/5
Padua International Excellence Scholarship	padua-international-excellence-scholarship-it	University of Padua	https://www.unipd.it/en/padua-international-excellence-scholarship-programme	www.unipd.it	200	Padua International Excellence Scholarship Programme | Università di Padova	title match 4/4
Sapienza International Post-degree Scholarship	sapienza-international-post-degree-scholarship-it	Sapienza University of Rome	https://www.uniroma1.it/en/pagina/international-post-degree-scholarship	www.uniroma1.it	200	International Post-degree Scholarship | Sapienza Università di Roma	title match 4/4
Sapienza International Thesis Scholarship	sapienza-international-thesis-scholarship-it	Sapienza University of Rome	https://www.uniroma1.it/en/pagina/international-thesis-scholarship	www.uniroma1.it	200	International Thesis Scholarship  | Sapienza Università di Roma	title match 4/4
Indigenous Scholarship at the University of the Sunshine Coast 2026	indigenous-scholarship-at-the-university-of-the-sunshine-coast-2026	University of the Sunshine Coast (UniSC)	https://www.unisc.edu.au/current-students/student-support/forms-and-document-requests/application-for-unisc-indigenous-scholarship-honours-and-postgraduate	www.unisc.edu.au	200	Application for UniSC Indigenous Scholarship - Honours and Postgraduate | UniSC | University of the Sunshine Coast, Queensland, Australia	title match 5/5
UniSQ Residential College Scholarship 2026	unisq-residential-college-scholarship-2026	University of Southern Queensland	https://www.unisq.edu.au/scholarships/unisq-residential-college-scholarship#:~:text=Each%20scholarship%20will%20have%20a,if%20awarded%20for%203%20trimesters).	www.unisq.edu.au	200	UniSQ Residential College Scholarship | UniSQ	title match 4/4
Study Support Grant at University of Southern Queensland 2026	study-support-grant-at-university-of-southern-queensland-2026	University of Southern Queensland	https://www.unisq.edu.au/scholarships/study-support-grant	www.unisq.edu.au	200	Study Support Grant  | UniSQ	title match 3/6
IdEx Master scholarships at Grenoble Alpes University 2026	idex-master-scholarships-at-grenoble-alpes-university-2026	Universite Grenoble Alpes (Grenoble Alpes University)	https://www.univ-grenoble-alpes.fr/call-for-applications-idex-master-scholarships-2026-2027-academic-year-1545508.kjsp	www.univ-grenoble-alpes.fr	200	Call for applications - IdEx Master scholarships - 2026-2027 academic year - Université Grenoble Alpes	title match 4/5
Sir Douglas Myers Scholarships in New Zealand 2026	sir-douglas-myers-scholarships-in-new-zealand-2026	Universities New Zealand	http://www.universitiesnz.ac.nz/scholarships/douglasmyers	www.universitiesnz.ac.nz	200	Sir Douglas Myers Scholarship | Universities New Zealand - Te Pōkai Tara	title match 3/4
Edna Waddell Undergraduate Scholarships for Women in Technology and Engineering 2026	edna-waddell-undergraduate-scholarships-for-women-in-technology-and-engineering-2026	Universities New Zealand Te Pokai Tara	https://www.universitiesnz.ac.nz/scholarships/edna-waddell-undergraduate-scholarships-women-technology-and-engineering	www.universitiesnz.ac.nz	200	Edna Waddell Undergraduate Scholarships for Women in Technology and Engineering | Universities New Zealand - Te Pōkai Tara	title match 6/6
Postgraduate Excellence Scholarship at University of Galway 2026	postgraduate-excellence-scholarship-at-university-of-galway-2026	University of Galway	https://www.universityofgalway.ie/postgraduateexcellencescholarship/	www.universityofgalway.ie	200	Postgraduate Excellence Scholarship - University of Galway	title match 5/5
REU Site: Mechanisms of Evolution (MOE)	reu-site-mechanisms-of-evolution-moe	University of Nevada, Las Vegas	https://www.unlv.edu/lifesciences/moereu	www.unlv.edu	200	Research Experience for Undergraduates: Mechanisms of Evolution | School of Life Sciences | UNLV	title match 2/2
Luna Scholarship at University of Nevada, Reno 2026	luna-scholarship-at-university-of-nevada-reno-2026	University of Nevada, Reno	https://www.unr.edu/financial-aid/scholarships/first-year-scholarships	www.unr.edu	200	New Freshman and First-Year Scholarships | Office of Financial Aid and Scholarships | University of Nevada, Reno	title match 3/3
Summer Opportunities in Anatomy Research (SOAR)	summer-opportunities-in-anatomy-research-soar	University of North Texas Health Science Center	https://www.unthsc.edu/center-for-anatomical-sciences/summer-opportunities-anatomy-research/#:~:text=As%20a%20SOAR%20student%2C%20you,careers%20in%20the%20anatomical%20sciences.	www.unthsc.edu	200	Summer Opportunities in&nbsp;Anatomy Research - Center for Anatomical Sciences	title match 4/4
International Undergraduate Entrance Scholarships at University of Guelph 2026	international-undergraduate-entrance-scholarships-at-university-of-guelph-2026	University of Guelph, Guelph, Ridgetown, Humber	https://www.uoguelph.ca/registrar/studentfinance/scholarships/entrance_int	www.uoguelph.ca	200	Scholarships &amp; Bursaries | University of Guelph	title match 3/6
UOW Postgraduate Academic Excellence Scholarship 2026	uow-postgraduate-academic-excellence-scholarship-2026	University of Wollongong (UOW), Australia	https://www.uow.edu.au/study/scholarships/international/postgraduate-academic-excellence-scholarship/	www.uow.edu.au	200	Postgraduate Academic Excellence Scholarship - University of Wollongong – UOW	title match 4/4
University of Wollongong University Excellence Scholarships 2026	university-of-wollongong-university-excellence-scholarships-2026	University of Wollongong (UOW), Australia	https://www.uow.edu.au/study/scholarships/international/university-excellence-scholarships/	www.uow.edu.au	200	University Excellence Scholarships - University of Wollongong – UOW	title match 5/5
International Entrance Scholarship at University of Regina 2025	international-entrance-scholarship-at-university-of-regina-2025	University of Regina, Canada	https://www.uregina.ca/international/future-students/scholarship/index.html	www.uregina.ca	200	International Students | University of Regina	title match 3/5
Department of Pediatrics-Summer Training Program	department-of-pediatrics-summer-training-program	University of Rochester	https://www.urmc.rochester.edu/pediatrics/research/summer-training-program.aspx	www.urmc.rochester.edu	200	Summer Training Program - Strong Children&#x27;s Research Center - Pediatrics - URochester Medicine	title match 4/5
International Student Scholarship UniSC 2026	international-student-scholarship-unisc-2026	University of the Sunshine Coast (UniSC)	https://www.usc.edu.au/international/programs-and-fees/tuition-fees-and-other-costs/international-scholarships#tab-2024-unisc-international-scholarships-for-new-students_39647	www.usc.edu.au	200	International Scholarships | UniSC | University of the Sunshine Coast, Queensland, Australia	title match 3/4
Research Experiences for Undergraduates (REU) - Gulf Coastal Plain Ecology	research-experiences-for-undergraduates-reu-gulf-coastal-plain-ecology	University of Southern Mississippi	https://www.usm.edu/biological-environmental-earth-sciences/reu-gulf-coastal-plain/index.php	www.usm.edu	200	REU - Gulf Coastal Plain Ecology | The University of Southern Mississippi	title match 3/6
Indigenous Relocation and Accommodation Scholarship at University of Technology Sydney 2026	indigenous-relocation-and-accommodation-scholarship-at-university-of-technology-sydney-2026	Commonwealth Fund	https://www.uts.edu.au/for-students/admissions-entry/scholarships/indigenous-relocation-and-accommodation-scholarship	www.uts.edu.au	200	Indigenous Relocation and Accommodation Scholarship	title match 4/7
UTS Scholarship for European Undergraduate Students 2026	uts-scholarship-for-european-undergraduate-students-2026	University of Technology Sydney (UTS)	https://www.uts.edu.au/for-students/admissions-entry/scholarships/uts-scholarship-european-undergraduate-students	www.uts.edu.au	200	UTS Scholarship for European Undergraduate Students	title match 4/4
The University Twente Scholarship (UTS) 2027	the-university-twente-scholarship-uts-2027	University of Twente	https://www.utwente.nl/en/education/scholarship-finder/university-of-twente-scholarship/#uts-benefits	www.utwente.nl	200	University of Twente Scholarship (UTS) | Scholarship finder | University of Twente	title match 3/3
Amsterdam Merit Scholarship (AMS) 2026	amsterdam-merit-scholarship-ams-2026	University of Amsterdam	https://www.uva.nl/en/shared-content/subsites/amsterdam-business-school/en/masters/accountancy-and-control/tuition-fee/amsterdam-merit-scholarship.html	www.uva.nl	200	Scholarships - Master's Accountancy and Control - University of Amsterdam	title match 2/3
International IB Entrance Scholarship at University of Victoria 2026	international-ib-entrance-scholarship-at-university-of-victoria-2026	University Of Victoria, Canada	https://www.uvic.ca/safa/scholarships/entrance-scholarships/university-victoria-international-ib-entrance-scholarship.php	www.uvic.ca	200	University of Victoria International IB Entrance Scholarship - SAFA - UVic	title match 5/5
University of Victoria International Entrance Scholarship 2026	university-of-victoria-international-entrance-scholarship-2026	University Of Victoria, Canada	https://www.uvic.ca/safa/scholarships/entrance-scholarships/university-victoria-international-entrance-scholarship.php	www.uvic.ca	200	University of Victoria International Entrance Scholarship - SAFA - UVic	title match 5/5
Rio Tinto Talent Scholarship at the University of Western Australia 2026	rio-tinto-talent-scholarship-at-the-university-of-western-australia-2026	The University of Western Australia (UWA), Perth	https://www.uwa.edu.au/study/scholarship-listing/rio-tinto-talent-scholarship-f2015851	www.uwa.edu.au	200	Rio Tinto Talent Scholarship : The University of Western Australia	title match 6/6
UWA Lawrence Scholarship 2026	uwa-lawrence-scholarship-2026	The University of Western Australia (UWA), Perth	https://www.uwa.edu.au/study/scholarship-listing/uwa-lawrence-scholarship-f748102	www.uwa.edu.au	200	Uwa Lawrence Scholarship : The University of Western Australia	title match 2/2
International Student Scholarships at UWE Bristol 2026	international-student-scholarships-at-uwe-bristol-2026	University of the West of England (UWE Bristol)	https://www.uwe.ac.uk/courses/funding/scholarships-and-bursaries/international-student-scholarships	www.uwe.ac.uk	200	International Student Scholarships - Scholarships and bursaries | UWE Bristol	title match 4/4
University of West England Alumni Scholarship 2026	university-of-west-england-alumni-scholarship-2026	University of the West of England (UWE Bristol)	https://www.uwe.ac.uk/courses/funding/scholarships-and-bursaries/uwe-bristol-alumni-scholarship	www.uwe.ac.uk	200	UWE Alumni Scholarship (2026/27 entry) - Scholarships and bursaries | UWE Bristol	title match 2/4
UWS Global Scholarships at University of the West of Scotland 2026	uws-global-scholarships-at-university-of-the-west-of-scotland-2026	University of the West of Scotland (UWS), Paisley, Scotland	https://www.uws.ac.uk/money-fees-funding/scholarships/uws-global-scholarships/?returnUrl={}	www.uws.ac.uk	200	UWS Global Scholarships for Undergraduate and Postgraduate Students	title match 2/4
Domestic Postgraduate Scholarship at University of the West of Scotland 2026	domestic-postgraduate-scholarship-at-university-of-the-west-of-scotland-2026	University of the West of Scotland (UWS), Paisley, Scotland	https://www.uws.ac.uk/money-fees-funding/scholarships/domestic-postgraduate-scholarship/?returnUrl={}	www.uws.ac.uk	200	Domestic Postgraduate Scholarship	title match 3/5
Postdoctoral Fellowships at VARI	postdoctoral-fellowships-at-vari	Van Andel Research Institute	https://www.vai.org/research/postdoctoral-programs/?tabUrl=program-details	www.vai.org	200	Postdoctoral Fellowship Programs - VAI	title match 1/2
Dr. Frank Austin & Class of 2012 Endowed Scholarship at Mississippi State University 2026	dr-frank-austin-class-of-2012-endowed-scholarship-at-mississippi-state-university-2026	Mississippi State University	https://www.vetmed.msstate.edu/scholarships#scholarships	www.vetmed.msstate.edu	200	Scholarships | College of Veterinary Medicine | Mississippi State University	title match 4/8
Tangiwai Excellence Scholarships at Victoria University of Wellington 2026	tangiwai-excellence-scholarships-at-victoria-university-of-wellington-2026	Victoria University of Wellington	https://www.victoria.ac.nz/scholarships/current/victoria-tangiwai-scholarship-school-leaver-scholarships-for-excellence	www.victoria.ac.nz	200	Tangiwai Excellence Scholarship | Scholarships | Te Herenga Waka—Victoria University of Wellington	title match 6/6
Victoria University of Wellington Study Abroad Scholarship 2026	victoria-university-of-wellington-study-abroad-scholarship-2026	Victoria University of Wellington	https://www.victoria.ac.nz/scholarships/current/victoria-university-of-wellington-study-abroad-scholarship	www.victoria.ac.nz	200	Victoria University of Wellington Study Abroad Scholarship | Scholarships | Te Herenga Waka—Victoria University of Wellington	title match 6/6
Summer Intern Program (SIP)	summer-intern-program-sip	Virginia Institute of Marine Science	https://www.vims.edu/engage/college/summer_intern/	www.vims.edu	200	Summer Intern (REU) | Virginia Institute of Marine Science	title match 2/3
Virginia Museum Of Fine Arts, Visual Arts Fellowships 2027	virginia-museum-of-fine-arts-visual-arts-fellowships-2027	Virginia Museum of Fine Arts	https://www.vmfa.museum/visual-arts-fellowships	www.vmfa.museum	200	Visual Arts Fellowships at VMFA	title match 2/4
Vodacom Bursary Scheme 2026	vodacom-bursary-scheme-2026	Vodacom	https://www.vodacom.com/bursary-programme.php	www.vodacom.com	200	External Bursary Programme | Our purpose | Vodacom Group	title match 2/3
VU Sydney & Brisbane International Scholarship 2026	vu-sydney-brisbane-international-scholarship-2026	Victoria University (VU), Sydney	https://www.vu.edu.au/vu-brisbane/study-at-vu-brisbane/vu-brisbane-scholarships	www.vu.edu.au	200	VU Brisbane scholarships | Victoria University	title match 2/4
VU Sydney & Brisbane Global Diversity Scholarship at Victoria University Australia 2026	vu-sydney-brisbane-global-diversity-scholarship-at-victoria-university-australia-2026	Victoria University (VU), Sydney	https://www.vu.edu.au/vu-brisbane/study-at-vu-brisbane/vu-brisbane-scholarships	www.vu.edu.au	200	VU Brisbane scholarships | Victoria University	title match 4/8
VUB Scholarships for the MSc in Photonics Engineering 2026	vub-scholarships-for-the-msc-in-photonics-engineering-2026	Vrije Universiteit Brussel	https://www.vub.be/en/studying-vub/practical-info-for-students/how-much-does-studying-cost/financial-support/scholarships-for-masters-in-photonics	www.vub.be	200	Scholarships for Masters in Photonics Engineering | Vrije Universiteit Brussel	title match 3/3
Western Australian Premier’s University Scholarships Program 2026	western-australian-premier-s-university-scholarships-program-2026	Government of Western Australia	https://www.wa.gov.au/organisation/department-of-jobs-tourism-science-and-innovation/international-education-western-australian-premiers-university-scholarship-program	www.wa.gov.au	200	International education: Western Australian Premier’s University Scholarship Program	title match 5/6
University of Waikato Tauranga Campus Residential Scholarship 2026	university-of-waikato-tauranga-campus-residential-scholarship-2026	University of Waikato	https://www.waikato.ac.nz/study/scholarships/find-a-scholarship/university-of-waikato-tauranga-campus-residential-scholarship/	www.waikato.ac.nz	200	University of Waikato Tauranga Campus Residential Scholarship :: University of Waikato	title match 6/6
University of Waikato, Edna Money Future Pacific Leaders Scholarships in New Zealand 2026	university-of-waikato-edna-money-future-pacific-leaders-scholarships-in-new-zealand-2026	University of Waikato	https://www.waikato.ac.nz/study/scholarships/find-a-scholarship/edna-money-future-pacific-leaders-scholarship/	www.waikato.ac.nz	200	Edna Money Future Pacific Leaders&#039; Scholarship :: University of Waikato	title match 6/8
Postdoctoral Training in Intellectual and Developmental Disabilities Research	postdoctoral-training-in-intellectual-and-developmental-disabilities-research	University of Wisconsin, Madison	https://www.waisman.wisc.edu/administrative-core/postdoctoral-training-program-idd/	www.waisman.wisc.edu	200	Postdoctoral Training Program in Intellectual and Developmental Disabilities Research &#8211; Waisman Center &#8211; UW–Madison	title match 6/6
Waseda University Partial Tuition-Waiver Scholarship for Privately Financed International Students	waseda-university-partial-tuition-waiver-scholarship-for-privately-financed-international--jp	Waseda University	https://www.waseda.jp/inst/scholarship/en/for-international-students	www.waseda.jp	200	For International Students  &#8211;  Scholarship,Waseda University	title match 5/10
Presidential Honor Scholarship at Waynesburg University 2026	presidential-honor-scholarship-at-waynesburg-university-2026	Waynesburg University	https://www.waynesburg.edu/admissions/scholarships-and-awards/first-year-freshman-scholarships	www.waynesburg.edu	200	Waynesburg University | First-Year Freshman Scholarships	title match 3/5
Jeffrey and Regina Taussig Ohio Honors Scholarship at Waynesburg University 2025	jeffrey-and-regina-taussig-ohio-honors-scholarship-at-waynesburg-university-2025	Waynesburg University	https://www.waynesburg.edu/admissions/scholarships-and-awards/first-year-freshman-scholarships/jeffrey-and-regina-taussig-ohio	www.waynesburg.edu	200	Waynesburg University | Jeffrey and Regina Taussig Ohio Honors Scholarship	title match 7/7
Western Sydney International Scholarships - Postgraduate 2025	western-sydney-international-scholarships-postgraduate-2025	Western Sydney University	https://www.westernsydney.edu.au/international/applying/fees-and-costs/scholarships/international-scholarships-postgraduate	www.westernsydney.edu.au	200	Postgrad International Scholarship | Western Sydney Uni	title match 3/5
Guaranteed Wellington Doctoral Scholarships at Victoria University of Wellington 2025	guaranteed-wellington-doctoral-scholarships-at-victoria-university-of-wellington-2025	Victoria University of Wellington	https://www.wgtn.ac.nz/scholarships/current/guaranteed-wellington-doctoral-scholarships	www.wgtn.ac.nz	200	Guaranteed Wellington Doctoral Scholarships | Scholarships | Te Herenga Waka—Victoria University of Wellington	title match 7/7
Raukaraka Leadership Scholarship at Victoria University of Wellington 2026	raukaraka-leadership-scholarship-at-victoria-university-of-wellington-2026	Victoria University of Wellington	https://www.wgtn.ac.nz/scholarships/current/raukaraka-leadership-scholarship	www.wgtn.ac.nz	200	Raukaraka Leadership Scholarship | Scholarships | Te Herenga Waka—Victoria University of Wellington	title match 6/6
Mana Pasifika Scholarship at Victoria University of Wellington 2026	mana-pasifika-scholarship-at-victoria-university-of-wellington-2026	Victoria University of Wellington	https://www.wgtn.ac.nz/scholarships/current/mana-pasifika-scholarship	www.wgtn.ac.nz	200	Mana Pasifika Scholarship | Scholarships | Te Herenga Waka—Victoria University of Wellington	title match 5/5
Endowed Scholarships for Students at Whittier College 2026	endowed-scholarships-for-students-at-whittier-college-2026	Whittier College	https://www.whittier.edu/financialaid/scholarships	www.whittier.edu	200	Scholarships | Whittier College	title match 3/5
John Greenleaf Whittier Scholarship at Whittier College 2026	john-greenleaf-whittier-scholarship-at-whittier-college-2026	Whittier College	https://www.whittier.edu/financialaid/scholarships#:~:text=John%20Greenleaf%C2%A0%20Whittier%20Scholarship	www.whittier.edu	200	Scholarships | Whittier College	title match 4/5
Summer Student Fellowship Program	summer-student-fellowship-program	Woods Hole Oceanographic Institution	http://www.whoi.edu/main/summer-student-fellowship	www.whoi.edu	200	Summer Student Fellowship | Woods Hole Oceanographic Institution	title match 3/4
Geophysical Fluid Dynamics Program	geophysical-fluid-dynamics-program	Woods Hole Oceanographic Institution	http://www.whoi.edu/main/gfd/fellowships	www.whoi.edu	200	Fellowships - Geophysical Fluid Dynamics	title match 3/4
Widener University UG Honors Program Scholarship 2026	widener-university-ug-honors-program-scholarship-2026	Widener University	https://www.widener.edu/admissions-aid/undergraduate-admissions/financial-aid/scholarships#expandable-item-10571	www.widener.edu	200	Scholarships &amp; Grants for Undergraduate Students | Widener University	title match 3/5
Academic Merit Scholarship at Widener University 2026	academic-merit-scholarship-at-widener-university-2026	Widener University	https://www.widener.edu/admissions-aid/undergraduate-admissions/tuition-financial-aid/scholarships-grants#expandable-item-10571	www.widener.edu	200	Scholarships &amp; Grants for Undergraduate Students | Widener University	title match 3/5
International Student Scholarship Postgraduate at University of Winchester 2026	international-student-scholarship-postgraduate-at-university-of-winchester-2026	University of Winchester	https://www.winchester.ac.uk/accommodation-and-winchester-life/scholarships-bursaries-and-awards/international-scholarships-bursaries-and-awards/	www.winchester.ac.uk	200	International scholarships bursaries and awards - University of Winchester	title match 4/6
Wittenborg MBA Scholarship at Wittenborg University of Applied Sciences 2025	wittenborg-mba-scholarship-at-wittenborg-university-of-applied-sciences-2025	Wittenborg University of Applied Sciences	https://www.wittenborg.eu/wittenborg-mba-scholarship.htm	www.wittenborg.eu	200	Wittenborg MBA Scholarship	title match 3/6
Wittenborg Graduate Fund 2026	wittenborg-graduate-fund-2026	Wittenborg University of Applied Sciences	https://www.wittenborg.eu/wittenborg-university-of-applied-sciences-fund.htm	www.wittenborg.eu	200	Wittenborg Platinum Award and a Graduate Fund	title match 2/2
Entrance Scholarships at Wilfrid Laurier University 2026	entrance-scholarships-at-wilfrid-laurier-university-2026	Wilfrid Laurier University (WLU)	https://www.wlu.ca/future-students/undergraduate/tuition-finances/entrance-scholarships.html	www.wlu.ca	200	Scholarships and Bursaries | Future Undergraduate Students | Wilfrid Laurier University	title match 4/5
Presidents Gold Scholarship at Wilfrid Laurier University 2026	presidents-gold-scholarship-at-wilfrid-laurier-university-2026	Wilfrid Laurier University (WLU)	https://www.wlu.ca/future-students/undergraduate/tuition-finances/entrance-scholarships.html	www.wlu.ca	200	Scholarships and Bursaries | Future Undergraduate Students | Wilfrid Laurier University	title match 4/5
Alumni Scholarship at University of Wolverhampton 2026	alumni-scholarship-at-university-of-wolverhampton-2026	University of Wolverhampton	https://www.wlv.ac.uk/international/international-fees--scholarships/	www.wlv.ac.uk	200	International Fees &amp; Scholarships  - University of Wolverhampton	title match 3/4
Lord Paul Postgraduate Excellence Scholarship at University of Wolverhampton 2026	lord-paul-postgraduate-excellence-scholarship-at-university-of-wolverhampton-2026	University of Wolverhampton	https://www.wlv.ac.uk/international/international-fees--scholarships/	www.wlv.ac.uk	200	International Fees &amp; Scholarships  - University of Wolverhampton	title match 3/5
International Undergraduate Financial Aid at Worcester State University 2026	international-undergraduate-financial-aid-at-worcester-state-university-2026	Worcester State University	https://www.worcester.edu/International-Students/	www.worcester.edu	200	International Applicants | Worcester State University	title match 4/6
International Need-Based Grants at Worcester Polytechnic Institute 2026	international-need-based-grants-at-worcester-polytechnic-institute-2026	Worcester Polytechnic Institute (WPI)	https://www.wpi.edu/admissions/tuition-aid/applying-for-aid/international-students	www.wpi.edu	200	International Students | Worcester Polytechnic Institute	title match 4/6
STEM Disability Scholarships	stem-disability-scholarships	Columbus State Community College	https://www.wright.edu/disability-services/services/scholarships	www.wright.edu	200	Scholarships | Disability Services | Wright State University	title match 2/2
Wright State University Graduate Merit Scholarship 2026	wright-state-university-graduate-merit-scholarship-2026	Wright State University	https://www.wright.edu/admissions/international/graduate-student-scholarships	www.wright.edu	200	Graduate Student Scholarships | Admissions | Wright State University	title match 5/6
WU Need-Based Scholarship Grants 2026	wu-need-based-scholarship-grants-2026	Vienna University of Economics and Business	https://www.wu.ac.at/en/students/my-program/doctoral-phd-student-guide/grants-and-scholarships	www.wu.ac.at	200	Grants and Scholarships - Doctoral / PhD Student Guide - Information for students	title match 2/3
Xi’an Jiaotong-Liverpool University Undergraduate Scholarships 2025	xi-an-jiaotong-liverpool-university-undergraduate-scholarships-2025	China Scholarship Council (CSC)	https://www.xjtlu.edu.cn/en	www.xjtlu.edu.cn	200	Xi&#039;an Jiaotong-Liverpool University (XJTLU) - Home	title match 3/5
York Graduate Loyalty Discount 2026	york-graduate-loyalty-discount-2026	University of York, UK	https://www.york.ac.uk/study/postgraduate-taught/funding/alumni-discount/	www.york.ac.uk	200	York Graduate Loyalty Discount - Postgraduate taught, University of York	title match 3/3
Tan Kah Kee Scholarship at University of York 2026	tan-kah-kee-scholarship-at-university-of-york-2026	University of York, UK	https://www.york.ac.uk/study/postgraduate-taught/funding/international/tan-kah-kee-scholarship/	www.york.ac.uk	200	Tan Kah Kee Scholarship - Postgraduate taught, University of York	title match 2/2
Alumni Scholarship at York St John University 2026	alumni-scholarship-at-york-st-john-university-2026	York St John University (YSJ), York, England	https://www.yorksj.ac.uk/alumni/scholarships-for-alumni/	www.yorksj.ac.uk	200	Scholarships for alumni | York St John University	title match 3/3
Yoshida Scholarship Foundation	yoshida-scholarship-foundation-se	Yoshida Scholarship Foundation	http://www.ysf.or.jp/englishpage/index.html	www.ysf.or.jp	200	Yoshida Scholarship Foundation	title match 3/3
David Jang Memorial Award ar Yukon University 2027	david-jang-memorial-award-ar-yukon-university-2027	Yukon College (Yukon University), Canada	https://www.yukonu.ca/current-students/money-matters/yukon-university-student-awards	www.yukonu.ca	200	Yukon University Student Financial Awards | Yukon University	title match 3/5
Villanova Engineering, Science, Technology, Enrichment, and Development (VESTED) Academy	villanova-engineering-science-technology-enrichment-and-development-vested-academy	Villanova University	https://www1.villanova.edu/university/engineering/villanova-engineering-experience/STEM-Outreach/VESTED.html	www1.villanova.edu	200	Villanova Engineering, Science, and Technology Enrichment and Development (VESTED) Academy | Villanova University	title match 8/8
The Bank of Montreal Visiting Scholar in Womens Studies at uOttawa 2027	the-bank-of-montreal-visiting-scholar-in-womens-studies-at-uottawa-2027	University of Ottawa, Canada	https://www2.uottawa.ca/faculty-social-sciences/feminist-gender-studies/research/visiting-scholars/applications-bank-montreal-womens-studies#:~:text=The%20Institute%20of%20Feminist%20and,and%20gender%20issues%2C%20broadly%20defined.	www2.uottawa.ca	200	Applications for the Bank of Montreal Visiting Scholar in Women&#039;s Studies | Faculty of Social Sciences	title match 4/6
Clyde Higgs Scholarships at University of Warwick 2026	clyde-higgs-scholarships-at-university-of-warwick-2026	The University of Warwick	https://www2.warwick.ac.uk/fac/sci/lifesci/study/pgt/funding/lsscholarships/	www2.warwick.ac.uk	200	Clyde Higgs Scholarships	title match 3/5
NOSAMS Graduate Student Internship Program	nosams-graduate-student-internship-program	Woods Hole Oceanographic Institution	https://www2.whoi.edu/site/nosams/opportunities/graduate-student-internship-program/	www2.whoi.edu	200	Graduate Student Internship Program - NOSAMS	title match 5/5
Wyoming NASA Space Grant Consortium	wyoming-nasa-space-grant-consortium	Central Wyoming College	http://wyomingspacegrant.org/	wyomingspacegrant.org	200	Home &#8211; Wyoming NASA Space Grant Consortium	title match 4/4
Wyoming NASA Space Grant Consortium	wyoming-nasa-space-grant-consortium-ntconsor	Laramie County Community College	http://wyomingspacegrant.org/	wyomingspacegrant.org	200	Home &#8211; Wyoming NASA Space Grant Consortium	title match 4/4
Young Scholars Program	young-scholars-program	Florida State University	https://ysp.osta.fsu.edu/	ysp.osta.fsu.edu	200	Young Scholars Program	title match 3/3
Zuckerman STEM Leadership Post Doctoral Program	zuckerman-stem-leadership-post-doctoral-program-scholars	Mortimer B. Zuckerman Institute	https://zuckermanstem.org/ourprograms/postdoc-program/	zuckermanstem.org	200	Zuckerman STEM Postdoc Program: Research in Israel for US &amp; Canadian Scholars	title match 2/4
Zuckerman STEM Leadership Post Doctoral Program	zuckerman-stem-leadership-post-doctoral-program	Columbia University	https://zuckermanstem.org/ourprograms/postdoc-program/	zuckermanstem.org	200	Zuckerman STEM Postdoc Program: Research in Israel for US &amp; Canadian Scholars	title match 2/4
